feature,importance,model,time_horizon,time_period
travel_time_to_cities_2015,0.0026266929,hb,1,2026-06-01
density_2015,0.0015863348,hb,1,2026-06-01
density_2020,0.005407452,hb,1,2026-06-01
delta_2015_2020,0.0027132998,hb,1,2026-06-01
avg_temp_z_score_season1_max_prev,0.0013099861,hb,1,2026-06-01
avg_temp_z_score_season1_sum_prev,0.00020338524,hb,1,2026-06-01
avg_temp_z_score_season1_mean_prev,3.0847743e-05,hb,1,2026-06-01
hot_days_z_score_season1_max_prev,7.6734344e-05,hb,1,2026-06-01
hot_days_z_score_season1_sum_prev,9.229197e-05,hb,1,2026-06-01
hot_days_z_score_season1_mean_prev,0.0001356554,hb,1,2026-06-01
cold_days_z_score_season1_max_prev,0.00017744635,hb,1,2026-06-01
cold_days_z_score_season1_sum_prev,1.9518176e-05,hb,1,2026-06-01
cold_days_z_score_season1_mean_prev,7.925161e-06,hb,1,2026-06-01
consec_hot_days_z_score_season1_max_prev,3.1831096e-05,hb,1,2026-06-01
consec_hot_days_z_score_season1_sum_prev,7.249708e-05,hb,1,2026-06-01
consec_hot_days_z_score_season1_mean_prev,1.0577883e-05,hb,1,2026-06-01
consec_cold_days_z_score_season1_max_prev,0.0003410331,hb,1,2026-06-01
consec_cold_days_z_score_season1_sum_prev,0.0,hb,1,2026-06-01
consec_cold_days_z_score_season1_mean_prev,0.0,hb,1,2026-06-01
precip_total_z_score_season1_max_prev,5.5090717e-05,hb,1,2026-06-01
precip_total_z_score_season1_sum_prev,2.2638038e-05,hb,1,2026-06-01
precip_total_z_score_season1_mean_prev,9.972147e-06,hb,1,2026-06-01
wet_days_z_score_season1_max_prev,4.9954004e-05,hb,1,2026-06-01
wet_days_z_score_season1_sum_prev,0.00066993776,hb,1,2026-06-01
wet_days_z_score_season1_mean_prev,0.00034368274,hb,1,2026-06-01
dry_days_z_score_season1_max_prev,0.00014738743,hb,1,2026-06-01
dry_days_z_score_season1_sum_prev,0.0,hb,1,2026-06-01
dry_days_z_score_season1_mean_prev,8.8591463e-07,hb,1,2026-06-01
consec_wet_days_z_score_season1_max_prev,3.6900165e-05,hb,1,2026-06-01
consec_wet_days_z_score_season1_sum_prev,0.00016134698,hb,1,2026-06-01
consec_wet_days_z_score_season1_mean_prev,9.8873876e-05,hb,1,2026-06-01
consec_dry_days_z_score_season1_max_prev,0.00012016847,hb,1,2026-06-01
consec_dry_days_z_score_season1_sum_prev,0.00031893363,hb,1,2026-06-01
consec_dry_days_z_score_season1_mean_prev,0.00022193318,hb,1,2026-06-01
NDVI_mean_season1_max_prev,8.84543e-05,hb,1,2026-06-01
NDVI_mean_season1_sum_prev,2.8686456e-05,hb,1,2026-06-01
NDVI_mean_season1_mean_prev,0.00010276197,hb,1,2026-06-01
EVI_mean_season1_max_prev,0.0006367992,hb,1,2026-06-01
EVI_mean_season1_sum_prev,0.00013121718,hb,1,2026-06-01
EVI_mean_season1_mean_prev,0.00014620114,hb,1,2026-06-01
NDVI_z_score_season1_max_prev,0.00017374253,hb,1,2026-06-01
NDVI_z_score_season1_sum_prev,1.5178805e-05,hb,1,2026-06-01
NDVI_z_score_season1_mean_prev,4.021769e-05,hb,1,2026-06-01
EVI_z_score_season1_max_prev,4.317673e-05,hb,1,2026-06-01
EVI_z_score_season1_sum_prev,2.4968946e-05,hb,1,2026-06-01
EVI_z_score_season1_mean_prev,0.0,hb,1,2026-06-01
NDVI_z_score_crops_season1_max_prev,8.5873304e-05,hb,1,2026-06-01
NDVI_z_score_crops_season1_sum_prev,0.00013591713,hb,1,2026-06-01
NDVI_z_score_crops_season1_mean_prev,2.2115604e-05,hb,1,2026-06-01
NDVI_z_score_grass_season1_max_prev,0.00030746876,hb,1,2026-06-01
NDVI_z_score_grass_season1_sum_prev,4.0427527e-05,hb,1,2026-06-01
NDVI_z_score_grass_season1_mean_prev,8.275605e-05,hb,1,2026-06-01
NDVI_z_score_shrub_and_scrub_season1_max_prev,7.178843e-05,hb,1,2026-06-01
NDVI_z_score_shrub_and_scrub_season1_sum_prev,0.000109517,hb,1,2026-06-01
NDVI_z_score_shrub_and_scrub_season1_mean_prev,0.00016997651,hb,1,2026-06-01
NDVI_z_score_trees_season1_max_prev,0.00012849964,hb,1,2026-06-01
NDVI_z_score_trees_season1_sum_prev,0.00024989253,hb,1,2026-06-01
NDVI_z_score_trees_season1_mean_prev,0.00018521679,hb,1,2026-06-01
EVI_z_score_crops_season1_max_prev,8.3626706e-05,hb,1,2026-06-01
EVI_z_score_crops_season1_sum_prev,3.0855812e-05,hb,1,2026-06-01
EVI_z_score_crops_season1_mean_prev,6.995774e-05,hb,1,2026-06-01
EVI_z_score_grass_season1_max_prev,0.00011210277,hb,1,2026-06-01
EVI_z_score_grass_season1_sum_prev,0.0007490015,hb,1,2026-06-01
EVI_z_score_grass_season1_mean_prev,8.189903e-05,hb,1,2026-06-01
EVI_z_score_shrub_and_scrub_season1_max_prev,1.8000921e-05,hb,1,2026-06-01
EVI_z_score_shrub_and_scrub_season1_sum_prev,0.00042109797,hb,1,2026-06-01
EVI_z_score_shrub_and_scrub_season1_mean_prev,6.900887e-05,hb,1,2026-06-01
EVI_z_score_trees_season1_max_prev,4.6052013e-05,hb,1,2026-06-01
EVI_z_score_trees_season1_sum_prev,0.00016132768,hb,1,2026-06-01
EVI_z_score_trees_season1_mean_prev,0.000243673,hb,1,2026-06-01
bare_season1_max_prev,0.00016839238,hb,1,2026-06-01
bare_season1_sum_prev,0.00018438067,hb,1,2026-06-01
bare_season1_mean_prev,1.0512339e-06,hb,1,2026-06-01
built_season1_max_prev,0.0001693051,hb,1,2026-06-01
built_season1_sum_prev,0.00013228144,hb,1,2026-06-01
built_season1_mean_prev,6.317916e-05,hb,1,2026-06-01
crops_season1_max_prev,7.266751e-05,hb,1,2026-06-01
crops_season1_sum_prev,6.80684e-05,hb,1,2026-06-01
crops_season1_mean_prev,0.00020346967,hb,1,2026-06-01
flooded_vegetation_season1_max_prev,0.00039924777,hb,1,2026-06-01
flooded_vegetation_season1_sum_prev,9.05678e-06,hb,1,2026-06-01
flooded_vegetation_season1_mean_prev,0.00029148388,hb,1,2026-06-01
grass_season1_max_prev,7.869598e-05,hb,1,2026-06-01
grass_season1_sum_prev,3.6666122e-05,hb,1,2026-06-01
grass_season1_mean_prev,2.9318133e-05,hb,1,2026-06-01
shrub_and_scrub_season1_max_prev,0.00025377178,hb,1,2026-06-01
shrub_and_scrub_season1_sum_prev,8.041305e-05,hb,1,2026-06-01
shrub_and_scrub_season1_mean_prev,2.4360872e-05,hb,1,2026-06-01
trees_season1_max_prev,2.8244303e-05,hb,1,2026-06-01
trees_season1_sum_prev,0.000101464866,hb,1,2026-06-01
trees_season1_mean_prev,6.397939e-05,hb,1,2026-06-01
water_season1_max_prev,7.21814e-05,hb,1,2026-06-01
water_season1_sum_prev,8.490299e-05,hb,1,2026-06-01
water_season1_mean_prev,1.5718639e-05,hb,1,2026-06-01
avg_temp_z_score_season2_max_prev,0.00033825953,hb,1,2026-06-01
avg_temp_z_score_season2_sum_prev,2.0709573e-05,hb,1,2026-06-01
avg_temp_z_score_season2_mean_prev,6.414555e-05,hb,1,2026-06-01
hot_days_z_score_season2_max_prev,0.00013527504,hb,1,2026-06-01
hot_days_z_score_season2_sum_prev,0.00020470965,hb,1,2026-06-01
hot_days_z_score_season2_mean_prev,0.00025591886,hb,1,2026-06-01
cold_days_z_score_season2_max_prev,0.0002736712,hb,1,2026-06-01
cold_days_z_score_season2_sum_prev,1.2829844e-05,hb,1,2026-06-01
cold_days_z_score_season2_mean_prev,1.545441e-05,hb,1,2026-06-01
consec_hot_days_z_score_season2_max_prev,4.1434843e-05,hb,1,2026-06-01
consec_hot_days_z_score_season2_sum_prev,0.00034197068,hb,1,2026-06-01
consec_hot_days_z_score_season2_mean_prev,9.273266e-05,hb,1,2026-06-01
consec_cold_days_z_score_season2_max_prev,0.0,hb,1,2026-06-01
consec_cold_days_z_score_season2_sum_prev,0.0,hb,1,2026-06-01
consec_cold_days_z_score_season2_mean_prev,0.0001539701,hb,1,2026-06-01
precip_total_z_score_season2_max_prev,6.1822575e-05,hb,1,2026-06-01
precip_total_z_score_season2_sum_prev,0.00052448077,hb,1,2026-06-01
precip_total_z_score_season2_mean_prev,2.9593999e-05,hb,1,2026-06-01
wet_days_z_score_season2_max_prev,4.390103e-05,hb,1,2026-06-01
wet_days_z_score_season2_sum_prev,0.00031411092,hb,1,2026-06-01
wet_days_z_score_season2_mean_prev,3.826673e-05,hb,1,2026-06-01
dry_days_z_score_season2_max_prev,0.00022215601,hb,1,2026-06-01
dry_days_z_score_season2_sum_prev,0.000101049816,hb,1,2026-06-01
dry_days_z_score_season2_mean_prev,0.0,hb,1,2026-06-01
consec_wet_days_z_score_season2_max_prev,9.1749345e-05,hb,1,2026-06-01
consec_wet_days_z_score_season2_sum_prev,0.00010815408,hb,1,2026-06-01
consec_wet_days_z_score_season2_mean_prev,5.8738973e-05,hb,1,2026-06-01
consec_dry_days_z_score_season2_max_prev,8.189628e-05,hb,1,2026-06-01
consec_dry_days_z_score_season2_sum_prev,0.0001203592,hb,1,2026-06-01
consec_dry_days_z_score_season2_mean_prev,7.260987e-05,hb,1,2026-06-01
NDVI_mean_season2_max_prev,0.00048629465,hb,1,2026-06-01
NDVI_mean_season2_sum_prev,0.00025749777,hb,1,2026-06-01
NDVI_mean_season2_mean_prev,5.0921248e-05,hb,1,2026-06-01
EVI_mean_season2_max_prev,7.694594e-05,hb,1,2026-06-01
EVI_mean_season2_sum_prev,5.365661e-05,hb,1,2026-06-01
EVI_mean_season2_mean_prev,9.422354e-06,hb,1,2026-06-01
NDVI_z_score_season2_max_prev,7.850635e-06,hb,1,2026-06-01
NDVI_z_score_season2_sum_prev,2.3423308e-05,hb,1,2026-06-01
NDVI_z_score_season2_mean_prev,2.9781609e-06,hb,1,2026-06-01
EVI_z_score_season2_max_prev,0.0001630212,hb,1,2026-06-01
EVI_z_score_season2_sum_prev,0.00022768528,hb,1,2026-06-01
EVI_z_score_season2_mean_prev,4.160788e-06,hb,1,2026-06-01
NDVI_z_score_crops_season2_max_prev,0.0003112896,hb,1,2026-06-01
NDVI_z_score_crops_season2_sum_prev,0.00027309803,hb,1,2026-06-01
NDVI_z_score_crops_season2_mean_prev,7.7731595e-05,hb,1,2026-06-01
NDVI_z_score_grass_season2_max_prev,0.00017002279,hb,1,2026-06-01
NDVI_z_score_grass_season2_sum_prev,0.00012557938,hb,1,2026-06-01
NDVI_z_score_grass_season2_mean_prev,3.703312e-05,hb,1,2026-06-01
NDVI_z_score_shrub_and_scrub_season2_max_prev,0.0004488617,hb,1,2026-06-01
NDVI_z_score_shrub_and_scrub_season2_sum_prev,0.00014404966,hb,1,2026-06-01
NDVI_z_score_shrub_and_scrub_season2_mean_prev,3.049631e-05,hb,1,2026-06-01
NDVI_z_score_trees_season2_max_prev,0.00018198146,hb,1,2026-06-01
NDVI_z_score_trees_season2_sum_prev,0.00082220335,hb,1,2026-06-01
NDVI_z_score_trees_season2_mean_prev,0.00014990156,hb,1,2026-06-01
EVI_z_score_crops_season2_max_prev,5.142212e-05,hb,1,2026-06-01
EVI_z_score_crops_season2_sum_prev,0.0001229353,hb,1,2026-06-01
EVI_z_score_crops_season2_mean_prev,3.6840374e-05,hb,1,2026-06-01
EVI_z_score_grass_season2_max_prev,7.912234e-05,hb,1,2026-06-01
EVI_z_score_grass_season2_sum_prev,0.00021054372,hb,1,2026-06-01
EVI_z_score_grass_season2_mean_prev,2.3609296e-05,hb,1,2026-06-01
EVI_z_score_shrub_and_scrub_season2_max_prev,7.752664e-06,hb,1,2026-06-01
EVI_z_score_shrub_and_scrub_season2_sum_prev,0.0001763655,hb,1,2026-06-01
EVI_z_score_shrub_and_scrub_season2_mean_prev,0.0004531804,hb,1,2026-06-01
EVI_z_score_trees_season2_max_prev,0.0002966803,hb,1,2026-06-01
EVI_z_score_trees_season2_sum_prev,0.00018418791,hb,1,2026-06-01
EVI_z_score_trees_season2_mean_prev,0.0006260703,hb,1,2026-06-01
bare_season2_max_prev,6.831528e-05,hb,1,2026-06-01
bare_season2_sum_prev,0.00042389342,hb,1,2026-06-01
bare_season2_mean_prev,0.0009167181,hb,1,2026-06-01
built_season2_max_prev,8.2412414e-05,hb,1,2026-06-01
built_season2_sum_prev,3.8872e-05,hb,1,2026-06-01
built_season2_mean_prev,9.191567e-05,hb,1,2026-06-01
crops_season2_max_prev,8.5343476e-05,hb,1,2026-06-01
crops_season2_sum_prev,3.6522335e-05,hb,1,2026-06-01
crops_season2_mean_prev,2.7867176e-05,hb,1,2026-06-01
flooded_vegetation_season2_max_prev,0.00011974941,hb,1,2026-06-01
flooded_vegetation_season2_sum_prev,6.258385e-05,hb,1,2026-06-01
flooded_vegetation_season2_mean_prev,0.0,hb,1,2026-06-01
grass_season2_max_prev,8.362013e-05,hb,1,2026-06-01
grass_season2_sum_prev,4.651391e-05,hb,1,2026-06-01
grass_season2_mean_prev,1.5960963e-05,hb,1,2026-06-01
shrub_and_scrub_season2_max_prev,0.00014697581,hb,1,2026-06-01
shrub_and_scrub_season2_sum_prev,6.453659e-05,hb,1,2026-06-01
shrub_and_scrub_season2_mean_prev,0.0004570231,hb,1,2026-06-01
trees_season2_max_prev,0.00019242348,hb,1,2026-06-01
trees_season2_sum_prev,0.00010350627,hb,1,2026-06-01
trees_season2_mean_prev,2.6555563e-05,hb,1,2026-06-01
water_season2_max_prev,3.3083477e-05,hb,1,2026-06-01
water_season2_sum_prev,0.000108650995,hb,1,2026-06-01
water_season2_mean_prev,0.0007586189,hb,1,2026-06-01
avg_temp_z_score_lag_1,0.0025794762,hb,1,2026-06-01
hot_days_z_score_lag_1,0.00038465072,hb,1,2026-06-01
cold_days_z_score_lag_1,7.1104034e-05,hb,1,2026-06-01
consec_hot_days_z_score_lag_1,0.000113914844,hb,1,2026-06-01
consec_cold_days_z_score_lag_1,0.00031123194,hb,1,2026-06-01
precip_total_z_score_lag_1,0.00027125922,hb,1,2026-06-01
wet_days_z_score_lag_1,0.00019638275,hb,1,2026-06-01
dry_days_z_score_lag_1,0.00036606696,hb,1,2026-06-01
consec_wet_days_z_score_lag_1,0.00010747006,hb,1,2026-06-01
consec_dry_days_z_score_lag_1,0.00013731516,hb,1,2026-06-01
conflict_100km_lag_1,0.00018627301,hb,1,2026-06-01
conflict_500km_lag_1,0.00029452352,hb,1,2026-06-01
fatalities_100km_lag_1,8.156426e-05,hb,1,2026-06-01
fatalities_500km_lag_1,0.00019352687,hb,1,2026-06-01
conflict_12m_100km_lag_1,0.00017512222,hb,1,2026-06-01
conflict_12m_500km_lag_1,0.00029725098,hb,1,2026-06-01
fatalities_12m_100km_lag_1,0.00011183831,hb,1,2026-06-01
fatalities_12m_500km_lag_1,0.00020957537,hb,1,2026-06-01
NDVI_mean_lag_1,0.00022569117,hb,1,2026-06-01
EVI_mean_lag_1,0.0011336621,hb,1,2026-06-01
NDVI_z_score_lag_1,0.00012002057,hb,1,2026-06-01
EVI_z_score_lag_1,5.8903952e-05,hb,1,2026-06-01
NDVI_z_score_crops_lag_1,0.0005541818,hb,1,2026-06-01
NDVI_z_score_grass_lag_1,8.2068334e-05,hb,1,2026-06-01
NDVI_z_score_shrub_and_scrub_lag_1,9.2759445e-05,hb,1,2026-06-01
NDVI_z_score_trees_lag_1,0.00017571845,hb,1,2026-06-01
EVI_z_score_crops_lag_1,0.00010500525,hb,1,2026-06-01
EVI_z_score_grass_lag_1,0.0001178694,hb,1,2026-06-01
EVI_z_score_shrub_and_scrub_lag_1,0.00014101283,hb,1,2026-06-01
EVI_z_score_trees_lag_1,0.00010917284,hb,1,2026-06-01
bare_lag_1,0.00028099495,hb,1,2026-06-01
built_lag_1,9.490595e-05,hb,1,2026-06-01
crops_lag_1,7.0423324e-05,hb,1,2026-06-01
flooded_vegetation_lag_1,0.00011856296,hb,1,2026-06-01
grass_lag_1,7.128252e-05,hb,1,2026-06-01
shrub_and_scrub_lag_1,0.00010523676,hb,1,2026-06-01
trees_lag_1,8.8838875e-05,hb,1,2026-06-01
water_lag_1,6.558986e-05,hb,1,2026-06-01
bare_delta_lag_1,7.433623e-05,hb,1,2026-06-01
built_delta_lag_1,5.9789403e-05,hb,1,2026-06-01
crops_delta_lag_1,6.340784e-05,hb,1,2026-06-01
flooded_vegetation_delta_lag_1,0.00010552141,hb,1,2026-06-01
grass_delta_lag_1,7.159321e-05,hb,1,2026-06-01
shrub_and_scrub_delta_lag_1,8.064198e-05,hb,1,2026-06-01
trees_delta_lag_1,0.00013603797,hb,1,2026-06-01
water_delta_lag_1,0.00013933753,hb,1,2026-06-01
wasting_lag_1,0.0004989466,hb,1,2026-06-01
wasting_risk_lag_1,0.017288003,hb,1,2026-06-01
wasting_delta_lag_1,0.0028367466,hb,1,2026-06-01
wasting_risk_delta_lag_1,0.00035096845,hb,1,2026-06-01
wasting_sm_lag_1,0.0016967435,hb,1,2026-06-01
wasting_sm_risk_lag_1,0.90813375,hb,1,2026-06-01
avg_temp_z_score_lag_2,0.00034399462,hb,1,2026-06-01
hot_days_z_score_lag_2,5.079697e-05,hb,1,2026-06-01
cold_days_z_score_lag_2,0.00014808045,hb,1,2026-06-01
consec_hot_days_z_score_lag_2,0.0004169726,hb,1,2026-06-01
consec_cold_days_z_score_lag_2,0.00014975244,hb,1,2026-06-01
precip_total_z_score_lag_2,0.00010669841,hb,1,2026-06-01
wet_days_z_score_lag_2,0.00013243796,hb,1,2026-06-01
dry_days_z_score_lag_2,8.380189e-05,hb,1,2026-06-01
consec_wet_days_z_score_lag_2,0.00012932988,hb,1,2026-06-01
consec_dry_days_z_score_lag_2,5.4008724e-05,hb,1,2026-06-01
conflict_100km_lag_2,9.379844e-05,hb,1,2026-06-01
conflict_500km_lag_2,0.00013670299,hb,1,2026-06-01
fatalities_100km_lag_2,5.7464433e-05,hb,1,2026-06-01
fatalities_500km_lag_2,0.00018578798,hb,1,2026-06-01
conflict_12m_100km_lag_2,0.0003216365,hb,1,2026-06-01
conflict_12m_500km_lag_2,0.0002487201,hb,1,2026-06-01
fatalities_12m_100km_lag_2,0.00012291435,hb,1,2026-06-01
fatalities_12m_500km_lag_2,4.9838032e-05,hb,1,2026-06-01
NDVI_mean_lag_2,3.1582822e-05,hb,1,2026-06-01
EVI_mean_lag_2,0.00011113921,hb,1,2026-06-01
NDVI_z_score_lag_2,0.00015370638,hb,1,2026-06-01
EVI_z_score_lag_2,6.248146e-05,hb,1,2026-06-01
NDVI_z_score_crops_lag_2,0.00012171595,hb,1,2026-06-01
NDVI_z_score_grass_lag_2,8.047327e-05,hb,1,2026-06-01
NDVI_z_score_shrub_and_scrub_lag_2,0.00018831983,hb,1,2026-06-01
NDVI_z_score_trees_lag_2,0.000186654,hb,1,2026-06-01
EVI_z_score_crops_lag_2,7.885628e-05,hb,1,2026-06-01
EVI_z_score_grass_lag_2,8.119485e-05,hb,1,2026-06-01
EVI_z_score_shrub_and_scrub_lag_2,5.9711314e-05,hb,1,2026-06-01
EVI_z_score_trees_lag_2,4.8245263e-05,hb,1,2026-06-01
bare_lag_2,0.00016768284,hb,1,2026-06-01
built_lag_2,9.714053e-05,hb,1,2026-06-01
crops_lag_2,0.00010653478,hb,1,2026-06-01
flooded_vegetation_lag_2,4.2704232e-05,hb,1,2026-06-01
grass_lag_2,9.410988e-05,hb,1,2026-06-01
shrub_and_scrub_lag_2,7.8084646e-05,hb,1,2026-06-01
trees_lag_2,0.0001032221,hb,1,2026-06-01
water_lag_2,8.713882e-05,hb,1,2026-06-01
bare_delta_lag_2,6.938254e-05,hb,1,2026-06-01
built_delta_lag_2,7.101533e-05,hb,1,2026-06-01
crops_delta_lag_2,3.312682e-05,hb,1,2026-06-01
flooded_vegetation_delta_lag_2,0.000106933556,hb,1,2026-06-01
grass_delta_lag_2,5.8156627e-05,hb,1,2026-06-01
shrub_and_scrub_delta_lag_2,6.224128e-05,hb,1,2026-06-01
trees_delta_lag_2,8.382852e-05,hb,1,2026-06-01
water_delta_lag_2,0.0001311643,hb,1,2026-06-01
wasting_lag_2,0.000104375715,hb,1,2026-06-01
wasting_risk_lag_2,0.003672254,hb,1,2026-06-01
wasting_delta_lag_2,0.00020836235,hb,1,2026-06-01
wasting_risk_delta_lag_2,0.0003355131,hb,1,2026-06-01
wasting_sm_lag_2,8.1218284e-05,hb,1,2026-06-01
wasting_sm_risk_lag_2,0.0013986693,hb,1,2026-06-01
avg_temp_z_score_lag_3,7.4242154e-05,hb,1,2026-06-01
hot_days_z_score_lag_3,0.0001121331,hb,1,2026-06-01
cold_days_z_score_lag_3,0.00016564515,hb,1,2026-06-01
consec_hot_days_z_score_lag_3,5.9113325e-05,hb,1,2026-06-01
consec_cold_days_z_score_lag_3,6.9427144e-05,hb,1,2026-06-01
precip_total_z_score_lag_3,0.0002012327,hb,1,2026-06-01
wet_days_z_score_lag_3,0.00013646165,hb,1,2026-06-01
dry_days_z_score_lag_3,6.518628e-05,hb,1,2026-06-01
consec_wet_days_z_score_lag_3,0.00013553874,hb,1,2026-06-01
consec_dry_days_z_score_lag_3,0.00018501632,hb,1,2026-06-01
conflict_100km_lag_3,0.00024394547,hb,1,2026-06-01
conflict_500km_lag_3,0.00016745814,hb,1,2026-06-01
fatalities_100km_lag_3,6.0284336e-05,hb,1,2026-06-01
fatalities_500km_lag_3,9.924733e-05,hb,1,2026-06-01
conflict_12m_100km_lag_3,7.5841104e-05,hb,1,2026-06-01
conflict_12m_500km_lag_3,0.00013225841,hb,1,2026-06-01
fatalities_12m_100km_lag_3,0.00014807437,hb,1,2026-06-01
fatalities_12m_500km_lag_3,5.5397984e-05,hb,1,2026-06-01
NDVI_mean_lag_3,8.204764e-05,hb,1,2026-06-01
EVI_mean_lag_3,5.4122967e-05,hb,1,2026-06-01
NDVI_z_score_lag_3,0.0001524709,hb,1,2026-06-01
EVI_z_score_lag_3,0.00017162747,hb,1,2026-06-01
NDVI_z_score_crops_lag_3,0.00019217405,hb,1,2026-06-01
NDVI_z_score_grass_lag_3,0.00015372704,hb,1,2026-06-01
NDVI_z_score_shrub_and_scrub_lag_3,0.00018234544,hb,1,2026-06-01
NDVI_z_score_trees_lag_3,0.00014088936,hb,1,2026-06-01
EVI_z_score_crops_lag_3,0.00029673232,hb,1,2026-06-01
EVI_z_score_grass_lag_3,5.745138e-05,hb,1,2026-06-01
EVI_z_score_shrub_and_scrub_lag_3,7.655875e-05,hb,1,2026-06-01
EVI_z_score_trees_lag_3,0.0001973679,hb,1,2026-06-01
bare_lag_3,0.00013767957,hb,1,2026-06-01
built_lag_3,5.389281e-05,hb,1,2026-06-01
crops_lag_3,6.791783e-05,hb,1,2026-06-01
flooded_vegetation_lag_3,4.6436446e-05,hb,1,2026-06-01
grass_lag_3,5.0731855e-05,hb,1,2026-06-01
shrub_and_scrub_lag_3,9.630385e-05,hb,1,2026-06-01
trees_lag_3,5.7807418e-05,hb,1,2026-06-01
water_lag_3,4.6196536e-05,hb,1,2026-06-01
bare_delta_lag_3,4.8473146e-05,hb,1,2026-06-01
built_delta_lag_3,6.0264338e-05,hb,1,2026-06-01
crops_delta_lag_3,0.00015977188,hb,1,2026-06-01
flooded_vegetation_delta_lag_3,0.00015667333,hb,1,2026-06-01
grass_delta_lag_3,6.849978e-05,hb,1,2026-06-01
shrub_and_scrub_delta_lag_3,0.00014938918,hb,1,2026-06-01
trees_delta_lag_3,6.033096e-05,hb,1,2026-06-01
water_delta_lag_3,8.329485e-05,hb,1,2026-06-01
wasting_lag_3,7.3134805e-05,hb,1,2026-06-01
wasting_risk_lag_3,0.0007095353,hb,1,2026-06-01
wasting_delta_lag_3,0.00014748285,hb,1,2026-06-01
wasting_risk_delta_lag_3,0.00041024075,hb,1,2026-06-01
wasting_sm_lag_3,0.0004627094,hb,1,2026-06-01
wasting_sm_risk_lag_3,0.0011858665,hb,1,2026-06-01
travel_time_to_cities_2015,0.0011183559,hb,2,2026-07-01
density_2015,0.00072716514,hb,2,2026-07-01
density_2020,0.0017043399,hb,2,2026-07-01
delta_2015_2020,0.0015620127,hb,2,2026-07-01
avg_temp_z_score_season1_max_prev,0.00083134667,hb,2,2026-07-01
avg_temp_z_score_season1_sum_prev,2.7521153e-05,hb,2,2026-07-01
avg_temp_z_score_season1_mean_prev,0.0011392457,hb,2,2026-07-01
hot_days_z_score_season1_max_prev,0.00046033246,hb,2,2026-07-01
hot_days_z_score_season1_sum_prev,0.0010409805,hb,2,2026-07-01
hot_days_z_score_season1_mean_prev,4.195011e-05,hb,2,2026-07-01
cold_days_z_score_season1_max_prev,0.00047953823,hb,2,2026-07-01
cold_days_z_score_season1_sum_prev,0.0021342377,hb,2,2026-07-01
cold_days_z_score_season1_mean_prev,7.636078e-06,hb,2,2026-07-01
consec_hot_days_z_score_season1_max_prev,8.3908235e-05,hb,2,2026-07-01
consec_hot_days_z_score_season1_sum_prev,4.3234082e-05,hb,2,2026-07-01
consec_hot_days_z_score_season1_mean_prev,3.7803886e-06,hb,2,2026-07-01
consec_cold_days_z_score_season1_max_prev,0.0001587729,hb,2,2026-07-01
consec_cold_days_z_score_season1_sum_prev,0.0,hb,2,2026-07-01
consec_cold_days_z_score_season1_mean_prev,0.0,hb,2,2026-07-01
precip_total_z_score_season1_max_prev,0.00014399839,hb,2,2026-07-01
precip_total_z_score_season1_sum_prev,4.106755e-05,hb,2,2026-07-01
precip_total_z_score_season1_mean_prev,2.5061454e-05,hb,2,2026-07-01
wet_days_z_score_season1_max_prev,0.00036646143,hb,2,2026-07-01
wet_days_z_score_season1_sum_prev,0.00035341986,hb,2,2026-07-01
wet_days_z_score_season1_mean_prev,4.1374988e-05,hb,2,2026-07-01
dry_days_z_score_season1_max_prev,0.00037210807,hb,2,2026-07-01
dry_days_z_score_season1_sum_prev,1.6386003e-06,hb,2,2026-07-01
dry_days_z_score_season1_mean_prev,4.4827984e-06,hb,2,2026-07-01
consec_wet_days_z_score_season1_max_prev,0.00023880662,hb,2,2026-07-01
consec_wet_days_z_score_season1_sum_prev,0.00014006974,hb,2,2026-07-01
consec_wet_days_z_score_season1_mean_prev,1.627129e-05,hb,2,2026-07-01
consec_dry_days_z_score_season1_max_prev,0.001855686,hb,2,2026-07-01
consec_dry_days_z_score_season1_sum_prev,0.00071372295,hb,2,2026-07-01
consec_dry_days_z_score_season1_mean_prev,0.0017335241,hb,2,2026-07-01
NDVI_mean_season1_max_prev,0.0005040502,hb,2,2026-07-01
NDVI_mean_season1_sum_prev,0.0011586798,hb,2,2026-07-01
NDVI_mean_season1_mean_prev,3.484803e-06,hb,2,2026-07-01
EVI_mean_season1_max_prev,0.000222847,hb,2,2026-07-01
EVI_mean_season1_sum_prev,2.5446287e-05,hb,2,2026-07-01
EVI_mean_season1_mean_prev,2.3448854e-05,hb,2,2026-07-01
NDVI_z_score_season1_max_prev,1.3565744e-05,hb,2,2026-07-01
NDVI_z_score_season1_sum_prev,1.3044684e-05,hb,2,2026-07-01
NDVI_z_score_season1_mean_prev,0.0,hb,2,2026-07-01
EVI_z_score_season1_max_prev,0.0010220365,hb,2,2026-07-01
EVI_z_score_season1_sum_prev,5.01134e-05,hb,2,2026-07-01
EVI_z_score_season1_mean_prev,4.8324227e-06,hb,2,2026-07-01
NDVI_z_score_crops_season1_max_prev,0.0002262162,hb,2,2026-07-01
NDVI_z_score_crops_season1_sum_prev,0.00046287983,hb,2,2026-07-01
NDVI_z_score_crops_season1_mean_prev,4.474907e-05,hb,2,2026-07-01
NDVI_z_score_grass_season1_max_prev,0.00049012876,hb,2,2026-07-01
NDVI_z_score_grass_season1_sum_prev,0.0011358602,hb,2,2026-07-01
NDVI_z_score_grass_season1_mean_prev,0.00011585969,hb,2,2026-07-01
NDVI_z_score_shrub_and_scrub_season1_max_prev,8.8687855e-05,hb,2,2026-07-01
NDVI_z_score_shrub_and_scrub_season1_sum_prev,0.00010169815,hb,2,2026-07-01
NDVI_z_score_shrub_and_scrub_season1_mean_prev,4.0057806e-05,hb,2,2026-07-01
NDVI_z_score_trees_season1_max_prev,0.0003653203,hb,2,2026-07-01
NDVI_z_score_trees_season1_sum_prev,0.00037934456,hb,2,2026-07-01
NDVI_z_score_trees_season1_mean_prev,0.00012689353,hb,2,2026-07-01
EVI_z_score_crops_season1_max_prev,0.00021458493,hb,2,2026-07-01
EVI_z_score_crops_season1_sum_prev,6.817113e-05,hb,2,2026-07-01
EVI_z_score_crops_season1_mean_prev,1.757034e-05,hb,2,2026-07-01
EVI_z_score_grass_season1_max_prev,0.00019426194,hb,2,2026-07-01
EVI_z_score_grass_season1_sum_prev,0.005281621,hb,2,2026-07-01
EVI_z_score_grass_season1_mean_prev,0.0017730404,hb,2,2026-07-01
EVI_z_score_shrub_and_scrub_season1_max_prev,6.460249e-05,hb,2,2026-07-01
EVI_z_score_shrub_and_scrub_season1_sum_prev,0.00051960925,hb,2,2026-07-01
EVI_z_score_shrub_and_scrub_season1_mean_prev,1.1654321e-05,hb,2,2026-07-01
EVI_z_score_trees_season1_max_prev,0.000107308704,hb,2,2026-07-01
EVI_z_score_trees_season1_sum_prev,6.1963125e-05,hb,2,2026-07-01
EVI_z_score_trees_season1_mean_prev,7.851302e-05,hb,2,2026-07-01
bare_season1_max_prev,0.000114482034,hb,2,2026-07-01
bare_season1_sum_prev,0.000112080226,hb,2,2026-07-01
bare_season1_mean_prev,2.2063225e-05,hb,2,2026-07-01
built_season1_max_prev,3.2797867e-05,hb,2,2026-07-01
built_season1_sum_prev,0.0008453878,hb,2,2026-07-01
built_season1_mean_prev,0.0008643577,hb,2,2026-07-01
crops_season1_max_prev,7.965443e-05,hb,2,2026-07-01
crops_season1_sum_prev,7.636101e-05,hb,2,2026-07-01
crops_season1_mean_prev,3.9264884e-05,hb,2,2026-07-01
flooded_vegetation_season1_max_prev,0.00024760357,hb,2,2026-07-01
flooded_vegetation_season1_sum_prev,6.7513436e-05,hb,2,2026-07-01
flooded_vegetation_season1_mean_prev,1.0700317e-06,hb,2,2026-07-01
grass_season1_max_prev,0.00022503013,hb,2,2026-07-01
grass_season1_sum_prev,4.246048e-05,hb,2,2026-07-01
grass_season1_mean_prev,5.7537036e-05,hb,2,2026-07-01
shrub_and_scrub_season1_max_prev,0.0007540319,hb,2,2026-07-01
shrub_and_scrub_season1_sum_prev,0.00071885996,hb,2,2026-07-01
shrub_and_scrub_season1_mean_prev,2.6701287e-05,hb,2,2026-07-01
trees_season1_max_prev,2.7476874e-05,hb,2,2026-07-01
trees_season1_sum_prev,2.917039e-05,hb,2,2026-07-01
trees_season1_mean_prev,3.6660174e-05,hb,2,2026-07-01
water_season1_max_prev,5.333351e-05,hb,2,2026-07-01
water_season1_sum_prev,6.2567866e-05,hb,2,2026-07-01
water_season1_mean_prev,0.00015076945,hb,2,2026-07-01
avg_temp_z_score_season2_max_prev,0.00010270829,hb,2,2026-07-01
avg_temp_z_score_season2_sum_prev,0.00093026,hb,2,2026-07-01
avg_temp_z_score_season2_mean_prev,3.768482e-05,hb,2,2026-07-01
hot_days_z_score_season2_max_prev,8.297326e-05,hb,2,2026-07-01
hot_days_z_score_season2_sum_prev,0.0002387671,hb,2,2026-07-01
hot_days_z_score_season2_mean_prev,1.15006005e-05,hb,2,2026-07-01
cold_days_z_score_season2_max_prev,0.0,hb,2,2026-07-01
cold_days_z_score_season2_sum_prev,7.687201e-06,hb,2,2026-07-01
cold_days_z_score_season2_mean_prev,0.00052861474,hb,2,2026-07-01
consec_hot_days_z_score_season2_max_prev,0.00010175005,hb,2,2026-07-01
consec_hot_days_z_score_season2_sum_prev,2.2558128e-05,hb,2,2026-07-01
consec_hot_days_z_score_season2_mean_prev,0.00023929295,hb,2,2026-07-01
consec_cold_days_z_score_season2_max_prev,0.0,hb,2,2026-07-01
consec_cold_days_z_score_season2_sum_prev,0.0020944346,hb,2,2026-07-01
consec_cold_days_z_score_season2_mean_prev,0.0,hb,2,2026-07-01
precip_total_z_score_season2_max_prev,3.9165592e-05,hb,2,2026-07-01
precip_total_z_score_season2_sum_prev,0.0002785155,hb,2,2026-07-01
precip_total_z_score_season2_mean_prev,0.00024294,hb,2,2026-07-01
wet_days_z_score_season2_max_prev,0.00042578165,hb,2,2026-07-01
wet_days_z_score_season2_sum_prev,0.0006700255,hb,2,2026-07-01
wet_days_z_score_season2_mean_prev,4.1337724e-05,hb,2,2026-07-01
dry_days_z_score_season2_max_prev,0.00020862524,hb,2,2026-07-01
dry_days_z_score_season2_sum_prev,4.1565e-06,hb,2,2026-07-01
dry_days_z_score_season2_mean_prev,0.0002028239,hb,2,2026-07-01
consec_wet_days_z_score_season2_max_prev,0.000197908,hb,2,2026-07-01
consec_wet_days_z_score_season2_sum_prev,0.00014008323,hb,2,2026-07-01
consec_wet_days_z_score_season2_mean_prev,8.75509e-05,hb,2,2026-07-01
consec_dry_days_z_score_season2_max_prev,0.00014632475,hb,2,2026-07-01
consec_dry_days_z_score_season2_sum_prev,4.8357655e-05,hb,2,2026-07-01
consec_dry_days_z_score_season2_mean_prev,0.00015727576,hb,2,2026-07-01
NDVI_mean_season2_max_prev,0.00031553837,hb,2,2026-07-01
NDVI_mean_season2_sum_prev,0.0008846266,hb,2,2026-07-01
NDVI_mean_season2_mean_prev,0.0003153827,hb,2,2026-07-01
EVI_mean_season2_max_prev,0.00012274543,hb,2,2026-07-01
EVI_mean_season2_sum_prev,0.00038704128,hb,2,2026-07-01
EVI_mean_season2_mean_prev,0.0006668381,hb,2,2026-07-01
NDVI_z_score_season2_max_prev,1.2620075e-05,hb,2,2026-07-01
NDVI_z_score_season2_sum_prev,0.0015529916,hb,2,2026-07-01
NDVI_z_score_season2_mean_prev,1.3206453e-05,hb,2,2026-07-01
EVI_z_score_season2_max_prev,2.1918519e-05,hb,2,2026-07-01
EVI_z_score_season2_sum_prev,1.7470584e-06,hb,2,2026-07-01
EVI_z_score_season2_mean_prev,0.0020664083,hb,2,2026-07-01
NDVI_z_score_crops_season2_max_prev,0.00023639953,hb,2,2026-07-01
NDVI_z_score_crops_season2_sum_prev,0.0005958239,hb,2,2026-07-01
NDVI_z_score_crops_season2_mean_prev,0.00013458438,hb,2,2026-07-01
NDVI_z_score_grass_season2_max_prev,0.00014170872,hb,2,2026-07-01
NDVI_z_score_grass_season2_sum_prev,5.7693887e-05,hb,2,2026-07-01
NDVI_z_score_grass_season2_mean_prev,0.00016415105,hb,2,2026-07-01
NDVI_z_score_shrub_and_scrub_season2_max_prev,1.950197e-05,hb,2,2026-07-01
NDVI_z_score_shrub_and_scrub_season2_sum_prev,0.0011602746,hb,2,2026-07-01
NDVI_z_score_shrub_and_scrub_season2_mean_prev,5.0433016e-05,hb,2,2026-07-01
NDVI_z_score_trees_season2_max_prev,4.8677142e-05,hb,2,2026-07-01
NDVI_z_score_trees_season2_sum_prev,0.000773696,hb,2,2026-07-01
NDVI_z_score_trees_season2_mean_prev,5.5269626e-05,hb,2,2026-07-01
EVI_z_score_crops_season2_max_prev,6.880813e-05,hb,2,2026-07-01
EVI_z_score_crops_season2_sum_prev,0.00013033202,hb,2,2026-07-01
EVI_z_score_crops_season2_mean_prev,0.0010879826,hb,2,2026-07-01
EVI_z_score_grass_season2_max_prev,4.3739168e-05,hb,2,2026-07-01
EVI_z_score_grass_season2_sum_prev,4.7591817e-05,hb,2,2026-07-01
EVI_z_score_grass_season2_mean_prev,0.0030803434,hb,2,2026-07-01
EVI_z_score_shrub_and_scrub_season2_max_prev,1.0669122e-05,hb,2,2026-07-01
EVI_z_score_shrub_and_scrub_season2_sum_prev,0.00012344118,hb,2,2026-07-01
EVI_z_score_shrub_and_scrub_season2_mean_prev,0.00027442953,hb,2,2026-07-01
EVI_z_score_trees_season2_max_prev,9.586093e-05,hb,2,2026-07-01
EVI_z_score_trees_season2_sum_prev,0.00033424696,hb,2,2026-07-01
EVI_z_score_trees_season2_mean_prev,0.0009379248,hb,2,2026-07-01
bare_season2_max_prev,0.0003479324,hb,2,2026-07-01
bare_season2_sum_prev,8.5747815e-05,hb,2,2026-07-01
bare_season2_mean_prev,0.0005649566,hb,2,2026-07-01
built_season2_max_prev,0.00028103232,hb,2,2026-07-01
built_season2_sum_prev,7.2789335e-05,hb,2,2026-07-01
built_season2_mean_prev,0.00049036683,hb,2,2026-07-01
crops_season2_max_prev,0.00019568407,hb,2,2026-07-01
crops_season2_sum_prev,8.841728e-05,hb,2,2026-07-01
crops_season2_mean_prev,3.94795e-06,hb,2,2026-07-01
flooded_vegetation_season2_max_prev,0.00065035914,hb,2,2026-07-01
flooded_vegetation_season2_sum_prev,2.880588e-05,hb,2,2026-07-01
flooded_vegetation_season2_mean_prev,0.00018408883,hb,2,2026-07-01
grass_season2_max_prev,0.00018174479,hb,2,2026-07-01
grass_season2_sum_prev,0.0001578117,hb,2,2026-07-01
grass_season2_mean_prev,7.370316e-05,hb,2,2026-07-01
shrub_and_scrub_season2_max_prev,0.00048354024,hb,2,2026-07-01
shrub_and_scrub_season2_sum_prev,0.00013545186,hb,2,2026-07-01
shrub_and_scrub_season2_mean_prev,0.00017452173,hb,2,2026-07-01
trees_season2_max_prev,6.3055326e-05,hb,2,2026-07-01
trees_season2_sum_prev,0.00041230084,hb,2,2026-07-01
trees_season2_mean_prev,0.0002490397,hb,2,2026-07-01
water_season2_max_prev,0.00029808693,hb,2,2026-07-01
water_season2_sum_prev,0.0002618097,hb,2,2026-07-01
water_season2_mean_prev,0.0,hb,2,2026-07-01
avg_temp_z_score_lag_2,0.0011946822,hb,2,2026-07-01
hot_days_z_score_lag_2,0.0002581497,hb,2,2026-07-01
cold_days_z_score_lag_2,0.00013575774,hb,2,2026-07-01
consec_hot_days_z_score_lag_2,0.000134726,hb,2,2026-07-01
consec_cold_days_z_score_lag_2,2.7544464e-05,hb,2,2026-07-01
precip_total_z_score_lag_2,9.576117e-05,hb,2,2026-07-01
wet_days_z_score_lag_2,0.00010013931,hb,2,2026-07-01
dry_days_z_score_lag_2,2.8138378e-05,hb,2,2026-07-01
consec_wet_days_z_score_lag_2,0.000499944,hb,2,2026-07-01
consec_dry_days_z_score_lag_2,0.00014523196,hb,2,2026-07-01
conflict_100km_lag_2,6.900018e-05,hb,2,2026-07-01
conflict_500km_lag_2,0.00020136527,hb,2,2026-07-01
fatalities_100km_lag_2,3.813666e-05,hb,2,2026-07-01
fatalities_500km_lag_2,0.00012281848,hb,2,2026-07-01
conflict_12m_100km_lag_2,0.0003843425,hb,2,2026-07-01
conflict_12m_500km_lag_2,0.0006656312,hb,2,2026-07-01
fatalities_12m_100km_lag_2,0.00013176749,hb,2,2026-07-01
fatalities_12m_500km_lag_2,0.0002659137,hb,2,2026-07-01
NDVI_mean_lag_2,0.0006851945,hb,2,2026-07-01
EVI_mean_lag_2,3.5962796e-05,hb,2,2026-07-01
NDVI_z_score_lag_2,8.506638e-05,hb,2,2026-07-01
EVI_z_score_lag_2,0.0011729641,hb,2,2026-07-01
NDVI_z_score_crops_lag_2,8.82404e-05,hb,2,2026-07-01
NDVI_z_score_grass_lag_2,0.000101713726,hb,2,2026-07-01
NDVI_z_score_shrub_and_scrub_lag_2,0.00018292993,hb,2,2026-07-01
NDVI_z_score_trees_lag_2,0.00056312076,hb,2,2026-07-01
EVI_z_score_crops_lag_2,0.0014703894,hb,2,2026-07-01
EVI_z_score_grass_lag_2,8.494843e-05,hb,2,2026-07-01
EVI_z_score_shrub_and_scrub_lag_2,0.00013951542,hb,2,2026-07-01
EVI_z_score_trees_lag_2,0.000242498,hb,2,2026-07-01
bare_lag_2,0.0005918208,hb,2,2026-07-01
built_lag_2,0.00013126021,hb,2,2026-07-01
crops_lag_2,0.000118746226,hb,2,2026-07-01
flooded_vegetation_lag_2,8.18611e-05,hb,2,2026-07-01
grass_lag_2,0.00013602305,hb,2,2026-07-01
shrub_and_scrub_lag_2,6.8829264e-05,hb,2,2026-07-01
trees_lag_2,8.781894e-05,hb,2,2026-07-01
water_lag_2,0.00021158747,hb,2,2026-07-01
bare_delta_lag_2,0.000106505235,hb,2,2026-07-01
built_delta_lag_2,0.00015806356,hb,2,2026-07-01
crops_delta_lag_2,7.618192e-05,hb,2,2026-07-01
flooded_vegetation_delta_lag_2,2.4209983e-05,hb,2,2026-07-01
grass_delta_lag_2,5.9741007e-05,hb,2,2026-07-01
shrub_and_scrub_delta_lag_2,8.423872e-05,hb,2,2026-07-01
trees_delta_lag_2,9.5386364e-05,hb,2,2026-07-01
water_delta_lag_2,4.089094e-05,hb,2,2026-07-01
wasting_lag_2,0.00043517217,hb,2,2026-07-01
wasting_risk_lag_2,0.028506223,hb,2,2026-07-01
wasting_delta_lag_2,0.00018977321,hb,2,2026-07-01
wasting_risk_delta_lag_2,0.003187758,hb,2,2026-07-01
wasting_sm_lag_2,0.00051912275,hb,2,2026-07-01
wasting_sm_risk_lag_2,0.8660305,hb,2,2026-07-01
avg_temp_z_score_lag_3,0.00023756572,hb,2,2026-07-01
hot_days_z_score_lag_3,0.00010923808,hb,2,2026-07-01
cold_days_z_score_lag_3,0.00013366852,hb,2,2026-07-01
consec_hot_days_z_score_lag_3,4.8418522e-05,hb,2,2026-07-01
consec_cold_days_z_score_lag_3,2.7231612e-05,hb,2,2026-07-01
precip_total_z_score_lag_3,8.7694716e-05,hb,2,2026-07-01
wet_days_z_score_lag_3,0.00020369794,hb,2,2026-07-01
dry_days_z_score_lag_3,0.00014363998,hb,2,2026-07-01
consec_wet_days_z_score_lag_3,0.001582851,hb,2,2026-07-01
consec_dry_days_z_score_lag_3,3.6113408e-05,hb,2,2026-07-01
conflict_100km_lag_3,4.6804857e-05,hb,2,2026-07-01
conflict_500km_lag_3,0.00018767185,hb,2,2026-07-01
fatalities_100km_lag_3,0.000105232146,hb,2,2026-07-01
fatalities_500km_lag_3,6.2333296e-05,hb,2,2026-07-01
conflict_12m_100km_lag_3,0.00041570037,hb,2,2026-07-01
conflict_12m_500km_lag_3,0.00021072924,hb,2,2026-07-01
fatalities_12m_100km_lag_3,0.00029700476,hb,2,2026-07-01
fatalities_12m_500km_lag_3,0.00017867405,hb,2,2026-07-01
NDVI_mean_lag_3,4.898369e-05,hb,2,2026-07-01
EVI_mean_lag_3,0.0003519796,hb,2,2026-07-01
NDVI_z_score_lag_3,9.251118e-05,hb,2,2026-07-01
EVI_z_score_lag_3,0.00063019135,hb,2,2026-07-01
NDVI_z_score_crops_lag_3,4.8201742e-05,hb,2,2026-07-01
NDVI_z_score_grass_lag_3,8.070411e-05,hb,2,2026-07-01
NDVI_z_score_shrub_and_scrub_lag_3,0.00015620961,hb,2,2026-07-01
NDVI_z_score_trees_lag_3,0.00019108786,hb,2,2026-07-01
EVI_z_score_crops_lag_3,4.179146e-05,hb,2,2026-07-01
EVI_z_score_grass_lag_3,3.3054468e-05,hb,2,2026-07-01
EVI_z_score_shrub_and_scrub_lag_3,0.000119205564,hb,2,2026-07-01
EVI_z_score_trees_lag_3,9.607233e-05,hb,2,2026-07-01
bare_lag_3,5.846747e-05,hb,2,2026-07-01
built_lag_3,7.948848e-05,hb,2,2026-07-01
crops_lag_3,5.1754985e-05,hb,2,2026-07-01
flooded_vegetation_lag_3,1.8572582e-05,hb,2,2026-07-01
grass_lag_3,0.00010784653,hb,2,2026-07-01
shrub_and_scrub_lag_3,0.000108740845,hb,2,2026-07-01
trees_lag_3,7.581943e-05,hb,2,2026-07-01
water_lag_3,8.577251e-05,hb,2,2026-07-01
bare_delta_lag_3,9.674571e-05,hb,2,2026-07-01
built_delta_lag_3,8.137226e-05,hb,2,2026-07-01
crops_delta_lag_3,0.00010055298,hb,2,2026-07-01
flooded_vegetation_delta_lag_3,3.587397e-05,hb,2,2026-07-01
grass_delta_lag_3,6.1290375e-05,hb,2,2026-07-01
shrub_and_scrub_delta_lag_3,4.08287e-05,hb,2,2026-07-01
trees_delta_lag_3,7.056264e-05,hb,2,2026-07-01
water_delta_lag_3,0.00019232424,hb,2,2026-07-01
wasting_lag_3,5.677983e-05,hb,2,2026-07-01
wasting_risk_lag_3,0.005050146,hb,2,2026-07-01
wasting_delta_lag_3,0.00029441842,hb,2,2026-07-01
wasting_risk_delta_lag_3,0.0045091547,hb,2,2026-07-01
wasting_sm_lag_3,0.00024283322,hb,2,2026-07-01
wasting_sm_risk_lag_3,0.0004353917,hb,2,2026-07-01
avg_temp_z_score_lag_4,0.000113560716,hb,2,2026-07-01
hot_days_z_score_lag_4,0.00011296636,hb,2,2026-07-01
cold_days_z_score_lag_4,8.427313e-05,hb,2,2026-07-01
consec_hot_days_z_score_lag_4,3.258621e-05,hb,2,2026-07-01
consec_cold_days_z_score_lag_4,3.6409383e-05,hb,2,2026-07-01
precip_total_z_score_lag_4,9.97271e-05,hb,2,2026-07-01
wet_days_z_score_lag_4,0.00015614682,hb,2,2026-07-01
dry_days_z_score_lag_4,0.00025842176,hb,2,2026-07-01
consec_wet_days_z_score_lag_4,0.00015627238,hb,2,2026-07-01
consec_dry_days_z_score_lag_4,7.249649e-05,hb,2,2026-07-01
conflict_100km_lag_4,7.860927e-05,hb,2,2026-07-01
conflict_500km_lag_4,6.343254e-05,hb,2,2026-07-01
fatalities_100km_lag_4,0.000109966124,hb,2,2026-07-01
fatalities_500km_lag_4,9.103835e-05,hb,2,2026-07-01
conflict_12m_100km_lag_4,0.0001249608,hb,2,2026-07-01
conflict_12m_500km_lag_4,0.00016948678,hb,2,2026-07-01
fatalities_12m_100km_lag_4,9.683825e-05,hb,2,2026-07-01
fatalities_12m_500km_lag_4,8.2212704e-05,hb,2,2026-07-01
NDVI_mean_lag_4,8.721915e-05,hb,2,2026-07-01
EVI_mean_lag_4,9.233797e-05,hb,2,2026-07-01
NDVI_z_score_lag_4,8.3831575e-05,hb,2,2026-07-01
EVI_z_score_lag_4,0.00012581881,hb,2,2026-07-01
NDVI_z_score_crops_lag_4,3.7605598e-05,hb,2,2026-07-01
NDVI_z_score_grass_lag_4,7.720292e-05,hb,2,2026-07-01
NDVI_z_score_shrub_and_scrub_lag_4,0.00021146622,hb,2,2026-07-01
NDVI_z_score_trees_lag_4,0.00071967306,hb,2,2026-07-01
EVI_z_score_crops_lag_4,0.000106647436,hb,2,2026-07-01
EVI_z_score_grass_lag_4,0.00010878853,hb,2,2026-07-01
EVI_z_score_shrub_and_scrub_lag_4,9.2159964e-05,hb,2,2026-07-01
EVI_z_score_trees_lag_4,9.149481e-05,hb,2,2026-07-01
bare_lag_4,0.00029798134,hb,2,2026-07-01
built_lag_4,3.6266858e-05,hb,2,2026-07-01
crops_lag_4,5.329953e-05,hb,2,2026-07-01
flooded_vegetation_lag_4,7.05281e-05,hb,2,2026-07-01
grass_lag_4,3.5434703e-05,hb,2,2026-07-01
shrub_and_scrub_lag_4,9.190762e-05,hb,2,2026-07-01
trees_lag_4,4.6257792e-05,hb,2,2026-07-01
water_lag_4,0.00010752932,hb,2,2026-07-01
wasting_lag_4,3.0158732e-05,hb,2,2026-07-01
wasting_risk_lag_4,0.00085701415,hb,2,2026-07-01
wasting_sm_lag_4,0.000113707596,hb,2,2026-07-01
wasting_sm_risk_lag_4,0.00021351078,hb,2,2026-07-01
travel_time_to_cities_2015,0.0012331795,hb,3,2026-08-01
density_2015,0.001030625,hb,3,2026-08-01
density_2020,0.0013047336,hb,3,2026-08-01
delta_2015_2020,0.0021126086,hb,3,2026-08-01
avg_temp_z_score_season1_max_prev,0.00043651843,hb,3,2026-08-01
avg_temp_z_score_season1_sum_prev,0.00016192954,hb,3,2026-08-01
avg_temp_z_score_season1_mean_prev,1.4152898e-05,hb,3,2026-08-01
hot_days_z_score_season1_max_prev,0.0011429646,hb,3,2026-08-01
hot_days_z_score_season1_sum_prev,7.102786e-05,hb,3,2026-08-01
hot_days_z_score_season1_mean_prev,1.385167e-05,hb,3,2026-08-01
cold_days_z_score_season1_max_prev,4.2803436e-05,hb,3,2026-08-01
cold_days_z_score_season1_sum_prev,0.011607394,hb,3,2026-08-01
cold_days_z_score_season1_mean_prev,0.000290114,hb,3,2026-08-01
consec_hot_days_z_score_season1_max_prev,0.00064753747,hb,3,2026-08-01
consec_hot_days_z_score_season1_sum_prev,7.416837e-05,hb,3,2026-08-01
consec_hot_days_z_score_season1_mean_prev,7.2250236e-06,hb,3,2026-08-01
consec_cold_days_z_score_season1_max_prev,0.008461833,hb,3,2026-08-01
consec_cold_days_z_score_season1_sum_prev,0.0,hb,3,2026-08-01
consec_cold_days_z_score_season1_mean_prev,1.31587285e-05,hb,3,2026-08-01
precip_total_z_score_season1_max_prev,0.0002853011,hb,3,2026-08-01
precip_total_z_score_season1_sum_prev,0.00014888545,hb,3,2026-08-01
precip_total_z_score_season1_mean_prev,4.9777478e-05,hb,3,2026-08-01
wet_days_z_score_season1_max_prev,0.00021848927,hb,3,2026-08-01
wet_days_z_score_season1_sum_prev,0.00017701775,hb,3,2026-08-01
wet_days_z_score_season1_mean_prev,0.000116023155,hb,3,2026-08-01
dry_days_z_score_season1_max_prev,0.0006997498,hb,3,2026-08-01
dry_days_z_score_season1_sum_prev,1.6581358e-05,hb,3,2026-08-01
dry_days_z_score_season1_mean_prev,6.0412935e-07,hb,3,2026-08-01
consec_wet_days_z_score_season1_max_prev,0.0006308714,hb,3,2026-08-01
consec_wet_days_z_score_season1_sum_prev,0.00024266556,hb,3,2026-08-01
consec_wet_days_z_score_season1_mean_prev,9.930124e-05,hb,3,2026-08-01
consec_dry_days_z_score_season1_max_prev,0.0009978925,hb,3,2026-08-01
consec_dry_days_z_score_season1_sum_prev,0.0012599337,hb,3,2026-08-01
consec_dry_days_z_score_season1_mean_prev,4.8968095e-06,hb,3,2026-08-01
NDVI_mean_season1_max_prev,0.0001792063,hb,3,2026-08-01
NDVI_mean_season1_sum_prev,0.0005213442,hb,3,2026-08-01
NDVI_mean_season1_mean_prev,0.00018457927,hb,3,2026-08-01
EVI_mean_season1_max_prev,0.00012796186,hb,3,2026-08-01
EVI_mean_season1_sum_prev,5.2666655e-05,hb,3,2026-08-01
EVI_mean_season1_mean_prev,0.0001408672,hb,3,2026-08-01
NDVI_z_score_season1_max_prev,0.00029938892,hb,3,2026-08-01
NDVI_z_score_season1_sum_prev,0.0014091996,hb,3,2026-08-01
NDVI_z_score_season1_mean_prev,0.0,hb,3,2026-08-01
EVI_z_score_season1_max_prev,0.00030894103,hb,3,2026-08-01
EVI_z_score_season1_sum_prev,0.0,hb,3,2026-08-01
EVI_z_score_season1_mean_prev,2.6291535e-05,hb,3,2026-08-01
NDVI_z_score_crops_season1_max_prev,0.00044498724,hb,3,2026-08-01
NDVI_z_score_crops_season1_sum_prev,8.2311315e-05,hb,3,2026-08-01
NDVI_z_score_crops_season1_mean_prev,0.00012684254,hb,3,2026-08-01
NDVI_z_score_grass_season1_max_prev,0.0005614697,hb,3,2026-08-01
NDVI_z_score_grass_season1_sum_prev,0.0009103287,hb,3,2026-08-01
NDVI_z_score_grass_season1_mean_prev,0.00035359085,hb,3,2026-08-01
NDVI_z_score_shrub_and_scrub_season1_max_prev,7.862705e-05,hb,3,2026-08-01
NDVI_z_score_shrub_and_scrub_season1_sum_prev,0.0005877766,hb,3,2026-08-01
NDVI_z_score_shrub_and_scrub_season1_mean_prev,3.6653753e-05,hb,3,2026-08-01
NDVI_z_score_trees_season1_max_prev,0.00010242217,hb,3,2026-08-01
NDVI_z_score_trees_season1_sum_prev,0.0007285032,hb,3,2026-08-01
NDVI_z_score_trees_season1_mean_prev,0.00035461696,hb,3,2026-08-01
EVI_z_score_crops_season1_max_prev,0.00024404044,hb,3,2026-08-01
EVI_z_score_crops_season1_sum_prev,7.913017e-05,hb,3,2026-08-01
EVI_z_score_crops_season1_mean_prev,0.00028334267,hb,3,2026-08-01
EVI_z_score_grass_season1_max_prev,0.0076385783,hb,3,2026-08-01
EVI_z_score_grass_season1_sum_prev,0.0036979197,hb,3,2026-08-01
EVI_z_score_grass_season1_mean_prev,0.0013059131,hb,3,2026-08-01
EVI_z_score_shrub_and_scrub_season1_max_prev,0.00015595074,hb,3,2026-08-01
EVI_z_score_shrub_and_scrub_season1_sum_prev,0.0004607023,hb,3,2026-08-01
EVI_z_score_shrub_and_scrub_season1_mean_prev,2.980053e-05,hb,3,2026-08-01
EVI_z_score_trees_season1_max_prev,0.00030884022,hb,3,2026-08-01
EVI_z_score_trees_season1_sum_prev,0.00070223893,hb,3,2026-08-01
EVI_z_score_trees_season1_mean_prev,0.00019586824,hb,3,2026-08-01
bare_season1_max_prev,0.00056481845,hb,3,2026-08-01
bare_season1_sum_prev,9.5805815e-05,hb,3,2026-08-01
bare_season1_mean_prev,3.32467e-05,hb,3,2026-08-01
built_season1_max_prev,0.00020646381,hb,3,2026-08-01
built_season1_sum_prev,0.0005383543,hb,3,2026-08-01
built_season1_mean_prev,0.00094482594,hb,3,2026-08-01
crops_season1_max_prev,3.648557e-05,hb,3,2026-08-01
crops_season1_sum_prev,0.0001719564,hb,3,2026-08-01
crops_season1_mean_prev,0.0023741475,hb,3,2026-08-01
flooded_vegetation_season1_max_prev,0.00018055375,hb,3,2026-08-01
flooded_vegetation_season1_sum_prev,1.2498897e-05,hb,3,2026-08-01
flooded_vegetation_season1_mean_prev,0.0,hb,3,2026-08-01
grass_season1_max_prev,0.0001298005,hb,3,2026-08-01
grass_season1_sum_prev,0.00022733922,hb,3,2026-08-01
grass_season1_mean_prev,0.0029227198,hb,3,2026-08-01
shrub_and_scrub_season1_max_prev,0.0005406881,hb,3,2026-08-01
shrub_and_scrub_season1_sum_prev,0.002285771,hb,3,2026-08-01
shrub_and_scrub_season1_mean_prev,4.4987046e-05,hb,3,2026-08-01
trees_season1_max_prev,0.00023053691,hb,3,2026-08-01
trees_season1_sum_prev,0.00013337018,hb,3,2026-08-01
trees_season1_mean_prev,2.901348e-05,hb,3,2026-08-01
water_season1_max_prev,4.0099087e-05,hb,3,2026-08-01
water_season1_sum_prev,9.13887e-05,hb,3,2026-08-01
water_season1_mean_prev,1.9001998e-05,hb,3,2026-08-01
avg_temp_z_score_season2_max_prev,5.6276713e-05,hb,3,2026-08-01
avg_temp_z_score_season2_sum_prev,0.0010229071,hb,3,2026-08-01
avg_temp_z_score_season2_mean_prev,0.00019861267,hb,3,2026-08-01
hot_days_z_score_season2_max_prev,0.0006678292,hb,3,2026-08-01
hot_days_z_score_season2_sum_prev,5.8451817e-05,hb,3,2026-08-01
hot_days_z_score_season2_mean_prev,0.0003754698,hb,3,2026-08-01
cold_days_z_score_season2_max_prev,0.00044493942,hb,3,2026-08-01
cold_days_z_score_season2_sum_prev,0.00017735946,hb,3,2026-08-01
cold_days_z_score_season2_mean_prev,2.9699399e-05,hb,3,2026-08-01
consec_hot_days_z_score_season2_max_prev,0.00013925809,hb,3,2026-08-01
consec_hot_days_z_score_season2_sum_prev,0.00024859302,hb,3,2026-08-01
consec_hot_days_z_score_season2_mean_prev,0.0006939102,hb,3,2026-08-01
consec_cold_days_z_score_season2_max_prev,0.0,hb,3,2026-08-01
consec_cold_days_z_score_season2_sum_prev,0.0,hb,3,2026-08-01
consec_cold_days_z_score_season2_mean_prev,0.0,hb,3,2026-08-01
precip_total_z_score_season2_max_prev,0.00023680666,hb,3,2026-08-01
precip_total_z_score_season2_sum_prev,0.0007514261,hb,3,2026-08-01
precip_total_z_score_season2_mean_prev,0.0013259621,hb,3,2026-08-01
wet_days_z_score_season2_max_prev,0.00030724547,hb,3,2026-08-01
wet_days_z_score_season2_sum_prev,0.0013473952,hb,3,2026-08-01
wet_days_z_score_season2_mean_prev,0.00081616157,hb,3,2026-08-01
dry_days_z_score_season2_max_prev,0.00013799548,hb,3,2026-08-01
dry_days_z_score_season2_sum_prev,1.0490886e-06,hb,3,2026-08-01
dry_days_z_score_season2_mean_prev,0.0,hb,3,2026-08-01
consec_wet_days_z_score_season2_max_prev,0.00048416582,hb,3,2026-08-01
consec_wet_days_z_score_season2_sum_prev,0.00019192413,hb,3,2026-08-01
consec_wet_days_z_score_season2_mean_prev,0.0,hb,3,2026-08-01
consec_dry_days_z_score_season2_max_prev,0.00016990336,hb,3,2026-08-01
consec_dry_days_z_score_season2_sum_prev,0.00030342594,hb,3,2026-08-01
consec_dry_days_z_score_season2_mean_prev,4.7460577e-05,hb,3,2026-08-01
NDVI_mean_season2_max_prev,0.00017030511,hb,3,2026-08-01
NDVI_mean_season2_sum_prev,0.0019509626,hb,3,2026-08-01
NDVI_mean_season2_mean_prev,0.0002649947,hb,3,2026-08-01
EVI_mean_season2_max_prev,0.00038296488,hb,3,2026-08-01
EVI_mean_season2_sum_prev,0.0010147217,hb,3,2026-08-01
EVI_mean_season2_mean_prev,0.00039918858,hb,3,2026-08-01
NDVI_z_score_season2_max_prev,0.0012863898,hb,3,2026-08-01
NDVI_z_score_season2_sum_prev,1.9429037e-06,hb,3,2026-08-01
NDVI_z_score_season2_mean_prev,1.6404246e-06,hb,3,2026-08-01
EVI_z_score_season2_max_prev,5.3486547e-05,hb,3,2026-08-01
EVI_z_score_season2_sum_prev,6.090537e-07,hb,3,2026-08-01
EVI_z_score_season2_mean_prev,3.1508305e-06,hb,3,2026-08-01
NDVI_z_score_crops_season2_max_prev,0.00035729425,hb,3,2026-08-01
NDVI_z_score_crops_season2_sum_prev,0.00010932856,hb,3,2026-08-01
NDVI_z_score_crops_season2_mean_prev,0.00023354807,hb,3,2026-08-01
NDVI_z_score_grass_season2_max_prev,0.00011291232,hb,3,2026-08-01
NDVI_z_score_grass_season2_sum_prev,0.0007269503,hb,3,2026-08-01
NDVI_z_score_grass_season2_mean_prev,0.0002620456,hb,3,2026-08-01
NDVI_z_score_shrub_and_scrub_season2_max_prev,0.00013910257,hb,3,2026-08-01
NDVI_z_score_shrub_and_scrub_season2_sum_prev,0.00083305966,hb,3,2026-08-01
NDVI_z_score_shrub_and_scrub_season2_mean_prev,3.479565e-05,hb,3,2026-08-01
NDVI_z_score_trees_season2_max_prev,6.0291855e-05,hb,3,2026-08-01
NDVI_z_score_trees_season2_sum_prev,4.1146865e-05,hb,3,2026-08-01
NDVI_z_score_trees_season2_mean_prev,8.135765e-05,hb,3,2026-08-01
EVI_z_score_crops_season2_max_prev,0.00027705636,hb,3,2026-08-01
EVI_z_score_crops_season2_sum_prev,0.0013788948,hb,3,2026-08-01
EVI_z_score_crops_season2_mean_prev,0.00027962512,hb,3,2026-08-01
EVI_z_score_grass_season2_max_prev,0.0001435834,hb,3,2026-08-01
EVI_z_score_grass_season2_sum_prev,7.9460166e-05,hb,3,2026-08-01
EVI_z_score_grass_season2_mean_prev,0.037485525,hb,3,2026-08-01
EVI_z_score_shrub_and_scrub_season2_max_prev,0.00012626851,hb,3,2026-08-01
EVI_z_score_shrub_and_scrub_season2_sum_prev,0.0048522116,hb,3,2026-08-01
EVI_z_score_shrub_and_scrub_season2_mean_prev,0.00031507396,hb,3,2026-08-01
EVI_z_score_trees_season2_max_prev,0.00020827433,hb,3,2026-08-01
EVI_z_score_trees_season2_sum_prev,0.0009737326,hb,3,2026-08-01
EVI_z_score_trees_season2_mean_prev,0.0003896551,hb,3,2026-08-01
bare_season2_max_prev,4.347793e-05,hb,3,2026-08-01
bare_season2_sum_prev,0.0042755543,hb,3,2026-08-01
bare_season2_mean_prev,9.586997e-06,hb,3,2026-08-01
built_season2_max_prev,0.00035049548,hb,3,2026-08-01
built_season2_sum_prev,0.00013018351,hb,3,2026-08-01
built_season2_mean_prev,2.9335455e-05,hb,3,2026-08-01
crops_season2_max_prev,0.000348411,hb,3,2026-08-01
crops_season2_sum_prev,3.8750546e-05,hb,3,2026-08-01
crops_season2_mean_prev,0.00022332055,hb,3,2026-08-01
flooded_vegetation_season2_max_prev,0.00023005219,hb,3,2026-08-01
flooded_vegetation_season2_sum_prev,2.2525934e-05,hb,3,2026-08-01
flooded_vegetation_season2_mean_prev,0.0017168254,hb,3,2026-08-01
grass_season2_max_prev,0.00043431745,hb,3,2026-08-01
grass_season2_sum_prev,0.00010149237,hb,3,2026-08-01
grass_season2_mean_prev,4.2263888e-05,hb,3,2026-08-01
shrub_and_scrub_season2_max_prev,0.00035900963,hb,3,2026-08-01
shrub_and_scrub_season2_sum_prev,0.00033616816,hb,3,2026-08-01
shrub_and_scrub_season2_mean_prev,0.00069910736,hb,3,2026-08-01
trees_season2_max_prev,8.984246e-05,hb,3,2026-08-01
trees_season2_sum_prev,0.00029709868,hb,3,2026-08-01
trees_season2_mean_prev,0.000100756726,hb,3,2026-08-01
water_season2_max_prev,0.00026762512,hb,3,2026-08-01
water_season2_sum_prev,1.7617493e-05,hb,3,2026-08-01
water_season2_mean_prev,4.710651e-05,hb,3,2026-08-01
avg_temp_z_score_lag_3,0.0006837876,hb,3,2026-08-01
hot_days_z_score_lag_3,0.00039062122,hb,3,2026-08-01
cold_days_z_score_lag_3,0.00013854656,hb,3,2026-08-01
consec_hot_days_z_score_lag_3,0.00012985035,hb,3,2026-08-01
consec_cold_days_z_score_lag_3,0.00021630622,hb,3,2026-08-01
precip_total_z_score_lag_3,0.00024565196,hb,3,2026-08-01
wet_days_z_score_lag_3,0.00022337321,hb,3,2026-08-01
dry_days_z_score_lag_3,5.819433e-05,hb,3,2026-08-01
consec_wet_days_z_score_lag_3,3.877953e-05,hb,3,2026-08-01
consec_dry_days_z_score_lag_3,0.00023303254,hb,3,2026-08-01
conflict_100km_lag_3,0.000104798804,hb,3,2026-08-01
conflict_500km_lag_3,0.0004146303,hb,3,2026-08-01
fatalities_100km_lag_3,5.6266977e-05,hb,3,2026-08-01
fatalities_500km_lag_3,8.6509994e-05,hb,3,2026-08-01
conflict_12m_100km_lag_3,0.0008416663,hb,3,2026-08-01
conflict_12m_500km_lag_3,0.0014807937,hb,3,2026-08-01
fatalities_12m_100km_lag_3,0.0001809731,hb,3,2026-08-01
fatalities_12m_500km_lag_3,0.00011023994,hb,3,2026-08-01
NDVI_mean_lag_3,0.00021787404,hb,3,2026-08-01
EVI_mean_lag_3,0.00021045058,hb,3,2026-08-01
NDVI_z_score_lag_3,0.00019489636,hb,3,2026-08-01
EVI_z_score_lag_3,0.000241922,hb,3,2026-08-01
NDVI_z_score_crops_lag_3,0.00054595,hb,3,2026-08-01
NDVI_z_score_grass_lag_3,8.313055e-05,hb,3,2026-08-01
NDVI_z_score_shrub_and_scrub_lag_3,0.00043966196,hb,3,2026-08-01
NDVI_z_score_trees_lag_3,0.00058770675,hb,3,2026-08-01
EVI_z_score_crops_lag_3,0.00022843645,hb,3,2026-08-01
EVI_z_score_grass_lag_3,6.9705806e-05,hb,3,2026-08-01
EVI_z_score_shrub_and_scrub_lag_3,9.793453e-05,hb,3,2026-08-01
EVI_z_score_trees_lag_3,0.00011029315,hb,3,2026-08-01
bare_lag_3,0.00016437215,hb,3,2026-08-01
built_lag_3,0.00015427319,hb,3,2026-08-01
crops_lag_3,0.0001519202,hb,3,2026-08-01
flooded_vegetation_lag_3,6.454695e-05,hb,3,2026-08-01
grass_lag_3,0.00016289795,hb,3,2026-08-01
shrub_and_scrub_lag_3,8.540098e-05,hb,3,2026-08-01
trees_lag_3,0.00011969743,hb,3,2026-08-01
water_lag_3,0.000109959234,hb,3,2026-08-01
bare_delta_lag_3,7.532986e-05,hb,3,2026-08-01
built_delta_lag_3,0.00011273593,hb,3,2026-08-01
crops_delta_lag_3,8.904868e-05,hb,3,2026-08-01
flooded_vegetation_delta_lag_3,0.0002690669,hb,3,2026-08-01
grass_delta_lag_3,5.910762e-05,hb,3,2026-08-01
shrub_and_scrub_delta_lag_3,8.996435e-05,hb,3,2026-08-01
trees_delta_lag_3,6.79803e-05,hb,3,2026-08-01
water_delta_lag_3,7.0928865e-05,hb,3,2026-08-01
wasting_lag_3,0.0006810583,hb,3,2026-08-01
wasting_risk_lag_3,0.104181305,hb,3,2026-08-01
wasting_delta_lag_3,0.00054679916,hb,3,2026-08-01
wasting_risk_delta_lag_3,0.00651375,hb,3,2026-08-01
wasting_sm_lag_3,0.00070093945,hb,3,2026-08-01
wasting_sm_risk_lag_3,0.7120963,hb,3,2026-08-01
avg_temp_z_score_lag_4,0.00022662114,hb,3,2026-08-01
hot_days_z_score_lag_4,0.00010193869,hb,3,2026-08-01
cold_days_z_score_lag_4,2.7424034e-05,hb,3,2026-08-01
consec_hot_days_z_score_lag_4,0.00032707167,hb,3,2026-08-01
consec_cold_days_z_score_lag_4,0.00012609427,hb,3,2026-08-01
precip_total_z_score_lag_4,0.00014320081,hb,3,2026-08-01
wet_days_z_score_lag_4,0.00014530543,hb,3,2026-08-01
dry_days_z_score_lag_4,3.2180316e-05,hb,3,2026-08-01
consec_wet_days_z_score_lag_4,3.7195787e-05,hb,3,2026-08-01
consec_dry_days_z_score_lag_4,3.6504272e-05,hb,3,2026-08-01
conflict_100km_lag_4,9.58987e-05,hb,3,2026-08-01
conflict_500km_lag_4,0.00014135992,hb,3,2026-08-01
fatalities_100km_lag_4,7.108628e-05,hb,3,2026-08-01
fatalities_500km_lag_4,0.00011732871,hb,3,2026-08-01
conflict_12m_100km_lag_4,0.00019688885,hb,3,2026-08-01
conflict_12m_500km_lag_4,7.295455e-05,hb,3,2026-08-01
fatalities_12m_100km_lag_4,0.0022464702,hb,3,2026-08-01
fatalities_12m_500km_lag_4,3.8209288e-05,hb,3,2026-08-01
NDVI_mean_lag_4,5.18387e-05,hb,3,2026-08-01
EVI_mean_lag_4,2.5868172e-05,hb,3,2026-08-01
NDVI_z_score_lag_4,0.00014500505,hb,3,2026-08-01
EVI_z_score_lag_4,0.00021139621,hb,3,2026-08-01
NDVI_z_score_crops_lag_4,0.00019484964,hb,3,2026-08-01
NDVI_z_score_grass_lag_4,6.337302e-05,hb,3,2026-08-01
NDVI_z_score_shrub_and_scrub_lag_4,0.00034763812,hb,3,2026-08-01
NDVI_z_score_trees_lag_4,0.0002674824,hb,3,2026-08-01
EVI_z_score_crops_lag_4,5.369813e-05,hb,3,2026-08-01
EVI_z_score_grass_lag_4,8.791626e-05,hb,3,2026-08-01
EVI_z_score_shrub_and_scrub_lag_4,0.00016139257,hb,3,2026-08-01
EVI_z_score_trees_lag_4,5.73725e-05,hb,3,2026-08-01
bare_lag_4,0.0001497422,hb,3,2026-08-01
built_lag_4,0.00014655695,hb,3,2026-08-01
crops_lag_4,8.805194e-05,hb,3,2026-08-01
flooded_vegetation_lag_4,5.449557e-05,hb,3,2026-08-01
grass_lag_4,5.94887e-05,hb,3,2026-08-01
shrub_and_scrub_lag_4,0.00016160427,hb,3,2026-08-01
trees_lag_4,3.955982e-05,hb,3,2026-08-01
water_lag_4,0.00041986958,hb,3,2026-08-01
wasting_lag_4,0.00022210229,hb,3,2026-08-01
wasting_risk_lag_4,0.005729542,hb,3,2026-08-01
wasting_sm_lag_4,0.0011615553,hb,3,2026-08-01
wasting_sm_risk_lag_4,0.00058634713,hb,3,2026-08-01
avg_temp_z_score_lag_5,0.00012024882,hb,3,2026-08-01
hot_days_z_score_lag_5,5.0881663e-05,hb,3,2026-08-01
cold_days_z_score_lag_5,5.4981872e-05,hb,3,2026-08-01
consec_hot_days_z_score_lag_5,0.00014586298,hb,3,2026-08-01
consec_cold_days_z_score_lag_5,6.8762514e-05,hb,3,2026-08-01
precip_total_z_score_lag_5,0.000104078594,hb,3,2026-08-01
wet_days_z_score_lag_5,0.00012159513,hb,3,2026-08-01
dry_days_z_score_lag_5,6.315017e-05,hb,3,2026-08-01
consec_wet_days_z_score_lag_5,9.2432594e-05,hb,3,2026-08-01
consec_dry_days_z_score_lag_5,0.0001384051,hb,3,2026-08-01
conflict_100km_lag_5,6.262585e-05,hb,3,2026-08-01
conflict_500km_lag_5,0.00023403656,hb,3,2026-08-01
fatalities_100km_lag_5,0.00016777529,hb,3,2026-08-01
fatalities_500km_lag_5,9.2126305e-05,hb,3,2026-08-01
conflict_12m_100km_lag_5,0.00015351981,hb,3,2026-08-01
conflict_12m_500km_lag_5,0.0002554371,hb,3,2026-08-01
fatalities_12m_100km_lag_5,0.00014582268,hb,3,2026-08-01
fatalities_12m_500km_lag_5,0.00014810958,hb,3,2026-08-01
NDVI_mean_lag_5,3.366396e-05,hb,3,2026-08-01
EVI_mean_lag_5,4.3672215e-05,hb,3,2026-08-01
NDVI_z_score_lag_5,3.057217e-05,hb,3,2026-08-01
EVI_z_score_lag_5,1.3097918e-05,hb,3,2026-08-01
NDVI_z_score_crops_lag_5,0.00010033875,hb,3,2026-08-01
NDVI_z_score_grass_lag_5,6.299378e-05,hb,3,2026-08-01
NDVI_z_score_shrub_and_scrub_lag_5,0.00037666573,hb,3,2026-08-01
NDVI_z_score_trees_lag_5,7.313437e-05,hb,3,2026-08-01
EVI_z_score_crops_lag_5,7.999705e-05,hb,3,2026-08-01
EVI_z_score_grass_lag_5,4.380235e-05,hb,3,2026-08-01
EVI_z_score_shrub_and_scrub_lag_5,0.0002695824,hb,3,2026-08-01
EVI_z_score_trees_lag_5,0.0003464845,hb,3,2026-08-01
bare_lag_5,0.0007146166,hb,3,2026-08-01
built_lag_5,0.00017366097,hb,3,2026-08-01
crops_lag_5,0.00011582573,hb,3,2026-08-01
flooded_vegetation_lag_5,0.0001314065,hb,3,2026-08-01
grass_lag_5,7.672346e-05,hb,3,2026-08-01
shrub_and_scrub_lag_5,8.657882e-05,hb,3,2026-08-01
trees_lag_5,0.00021035371,hb,3,2026-08-01
water_lag_5,0.00020424112,hb,3,2026-08-01
wasting_lag_5,7.0281945e-05,hb,3,2026-08-01
wasting_risk_lag_5,0.0004067707,hb,3,2026-08-01
wasting_sm_lag_5,0.00039020297,hb,3,2026-08-01
wasting_sm_risk_lag_5,0.00016046883,hb,3,2026-08-01
travel_time_to_cities_2015,0.0024192252,hb,1,2026-06-01
density_2015,0.0018566601,hb,1,2026-06-01
density_2020,0.005577396,hb,1,2026-06-01
delta_2015_2020,0.0027033857,hb,1,2026-06-01
avg_temp_z_score_season1_max_prev,0.0008778533,hb,1,2026-06-01
avg_temp_z_score_season1_sum_prev,5.6176308e-05,hb,1,2026-06-01
avg_temp_z_score_season1_mean_prev,5.3794745e-05,hb,1,2026-06-01
hot_days_z_score_season1_max_prev,4.778377e-05,hb,1,2026-06-01
hot_days_z_score_season1_sum_prev,0.00010829164,hb,1,2026-06-01
hot_days_z_score_season1_mean_prev,3.6306836e-05,hb,1,2026-06-01
cold_days_z_score_season1_max_prev,0.00025625006,hb,1,2026-06-01
cold_days_z_score_season1_sum_prev,6.2323898e-06,hb,1,2026-06-01
cold_days_z_score_season1_mean_prev,3.2427256e-06,hb,1,2026-06-01
consec_hot_days_z_score_season1_max_prev,4.4332428e-05,hb,1,2026-06-01
consec_hot_days_z_score_season1_sum_prev,6.274299e-05,hb,1,2026-06-01
consec_hot_days_z_score_season1_mean_prev,2.1239799e-05,hb,1,2026-06-01
consec_cold_days_z_score_season1_max_prev,1.2048829e-05,hb,1,2026-06-01
consec_cold_days_z_score_season1_sum_prev,0.0,hb,1,2026-06-01
consec_cold_days_z_score_season1_mean_prev,0.0,hb,1,2026-06-01
precip_total_z_score_season1_max_prev,4.9540537e-05,hb,1,2026-06-01
precip_total_z_score_season1_sum_prev,7.4610194e-05,hb,1,2026-06-01
precip_total_z_score_season1_mean_prev,0.00015570359,hb,1,2026-06-01
wet_days_z_score_season1_max_prev,5.7211695e-05,hb,1,2026-06-01
wet_days_z_score_season1_sum_prev,0.00051122805,hb,1,2026-06-01
wet_days_z_score_season1_mean_prev,0.00014685254,hb,1,2026-06-01
dry_days_z_score_season1_max_prev,0.00013290886,hb,1,2026-06-01
dry_days_z_score_season1_sum_prev,0.00043803488,hb,1,2026-06-01
dry_days_z_score_season1_mean_prev,9.857815e-06,hb,1,2026-06-01
consec_wet_days_z_score_season1_max_prev,7.2638904e-05,hb,1,2026-06-01
consec_wet_days_z_score_season1_sum_prev,3.0400151e-05,hb,1,2026-06-01
consec_wet_days_z_score_season1_mean_prev,0.00040504802,hb,1,2026-06-01
consec_dry_days_z_score_season1_max_prev,0.000113632435,hb,1,2026-06-01
consec_dry_days_z_score_season1_sum_prev,0.00034758545,hb,1,2026-06-01
consec_dry_days_z_score_season1_mean_prev,5.2204647e-05,hb,1,2026-06-01
NDVI_mean_season1_max_prev,5.7814585e-05,hb,1,2026-06-01
NDVI_mean_season1_sum_prev,0.00014554877,hb,1,2026-06-01
NDVI_mean_season1_mean_prev,3.8274484e-05,hb,1,2026-06-01
EVI_mean_season1_max_prev,0.00044811468,hb,1,2026-06-01
EVI_mean_season1_sum_prev,0.00017320125,hb,1,2026-06-01
EVI_mean_season1_mean_prev,3.773775e-05,hb,1,2026-06-01
NDVI_z_score_season1_max_prev,4.056817e-05,hb,1,2026-06-01
NDVI_z_score_season1_sum_prev,0.00010439119,hb,1,2026-06-01
NDVI_z_score_season1_mean_prev,1.8121041e-06,hb,1,2026-06-01
EVI_z_score_season1_max_prev,2.6709207e-05,hb,1,2026-06-01
EVI_z_score_season1_sum_prev,1.2662328e-05,hb,1,2026-06-01
EVI_z_score_season1_mean_prev,5.7698085e-06,hb,1,2026-06-01
NDVI_z_score_crops_season1_max_prev,8.7950044e-05,hb,1,2026-06-01
NDVI_z_score_crops_season1_sum_prev,7.614477e-05,hb,1,2026-06-01
NDVI_z_score_crops_season1_mean_prev,4.520784e-06,hb,1,2026-06-01
NDVI_z_score_grass_season1_max_prev,0.0004524876,hb,1,2026-06-01
NDVI_z_score_grass_season1_sum_prev,0.00010965403,hb,1,2026-06-01
NDVI_z_score_grass_season1_mean_prev,0.0001833283,hb,1,2026-06-01
NDVI_z_score_shrub_and_scrub_season1_max_prev,0.00015800026,hb,1,2026-06-01
NDVI_z_score_shrub_and_scrub_season1_sum_prev,7.109745e-05,hb,1,2026-06-01
NDVI_z_score_shrub_and_scrub_season1_mean_prev,3.558097e-05,hb,1,2026-06-01
NDVI_z_score_trees_season1_max_prev,0.00027505335,hb,1,2026-06-01
NDVI_z_score_trees_season1_sum_prev,0.00011595328,hb,1,2026-06-01
NDVI_z_score_trees_season1_mean_prev,3.0249748e-05,hb,1,2026-06-01
EVI_z_score_crops_season1_max_prev,5.082129e-05,hb,1,2026-06-01
EVI_z_score_crops_season1_sum_prev,3.6441983e-05,hb,1,2026-06-01
EVI_z_score_crops_season1_mean_prev,1.7983226e-05,hb,1,2026-06-01
EVI_z_score_grass_season1_max_prev,0.00014056423,hb,1,2026-06-01
EVI_z_score_grass_season1_sum_prev,0.0003636076,hb,1,2026-06-01
EVI_z_score_grass_season1_mean_prev,4.3752984e-06,hb,1,2026-06-01
EVI_z_score_shrub_and_scrub_season1_max_prev,6.079288e-05,hb,1,2026-06-01
EVI_z_score_shrub_and_scrub_season1_sum_prev,0.00012156078,hb,1,2026-06-01
EVI_z_score_shrub_and_scrub_season1_mean_prev,2.3145734e-05,hb,1,2026-06-01
EVI_z_score_trees_season1_max_prev,2.2852326e-05,hb,1,2026-06-01
EVI_z_score_trees_season1_sum_prev,3.805864e-05,hb,1,2026-06-01
EVI_z_score_trees_season1_mean_prev,0.00019397536,hb,1,2026-06-01
bare_season1_max_prev,0.00011657679,hb,1,2026-06-01
bare_season1_sum_prev,6.818165e-05,hb,1,2026-06-01
bare_season1_mean_prev,1.1405969e-05,hb,1,2026-06-01
built_season1_max_prev,9.295104e-05,hb,1,2026-06-01
built_season1_sum_prev,0.00011470609,hb,1,2026-06-01
built_season1_mean_prev,0.0001965368,hb,1,2026-06-01
crops_season1_max_prev,7.2395516e-05,hb,1,2026-06-01
crops_season1_sum_prev,9.570543e-05,hb,1,2026-06-01
crops_season1_mean_prev,0.00010422923,hb,1,2026-06-01
flooded_vegetation_season1_max_prev,0.00020942224,hb,1,2026-06-01
flooded_vegetation_season1_sum_prev,2.6701468e-05,hb,1,2026-06-01
flooded_vegetation_season1_mean_prev,0.0,hb,1,2026-06-01
grass_season1_max_prev,5.1569277e-05,hb,1,2026-06-01
grass_season1_sum_prev,5.966826e-05,hb,1,2026-06-01
grass_season1_mean_prev,2.9463132e-05,hb,1,2026-06-01
shrub_and_scrub_season1_max_prev,0.00025302992,hb,1,2026-06-01
shrub_and_scrub_season1_sum_prev,5.3074924e-05,hb,1,2026-06-01
shrub_and_scrub_season1_mean_prev,6.763167e-05,hb,1,2026-06-01
trees_season1_max_prev,8.378736e-05,hb,1,2026-06-01
trees_season1_sum_prev,8.143663e-05,hb,1,2026-06-01
trees_season1_mean_prev,6.366036e-05,hb,1,2026-06-01
water_season1_max_prev,4.0007533e-05,hb,1,2026-06-01
water_season1_sum_prev,0.00012004296,hb,1,2026-06-01
water_season1_mean_prev,1.8978022e-05,hb,1,2026-06-01
avg_temp_z_score_season2_max_prev,0.00013797577,hb,1,2026-06-01
avg_temp_z_score_season2_sum_prev,7.640395e-05,hb,1,2026-06-01
avg_temp_z_score_season2_mean_prev,2.6335758e-05,hb,1,2026-06-01
hot_days_z_score_season2_max_prev,8.567205e-05,hb,1,2026-06-01
hot_days_z_score_season2_sum_prev,5.1394276e-05,hb,1,2026-06-01
hot_days_z_score_season2_mean_prev,4.489152e-06,hb,1,2026-06-01
cold_days_z_score_season2_max_prev,2.733923e-05,hb,1,2026-06-01
cold_days_z_score_season2_sum_prev,0.00054509373,hb,1,2026-06-01
cold_days_z_score_season2_mean_prev,0.00030671022,hb,1,2026-06-01
consec_hot_days_z_score_season2_max_prev,1.8738796e-05,hb,1,2026-06-01
consec_hot_days_z_score_season2_sum_prev,0.00059929246,hb,1,2026-06-01
consec_hot_days_z_score_season2_mean_prev,6.32076e-05,hb,1,2026-06-01
consec_cold_days_z_score_season2_max_prev,0.0,hb,1,2026-06-01
consec_cold_days_z_score_season2_sum_prev,0.0,hb,1,2026-06-01
consec_cold_days_z_score_season2_mean_prev,0.0,hb,1,2026-06-01
precip_total_z_score_season2_max_prev,0.00022972417,hb,1,2026-06-01
precip_total_z_score_season2_sum_prev,1.906059e-05,hb,1,2026-06-01
precip_total_z_score_season2_mean_prev,2.0890473e-05,hb,1,2026-06-01
wet_days_z_score_season2_max_prev,0.00010896231,hb,1,2026-06-01
wet_days_z_score_season2_sum_prev,9.532269e-05,hb,1,2026-06-01
wet_days_z_score_season2_mean_prev,2.261644e-05,hb,1,2026-06-01
dry_days_z_score_season2_max_prev,0.00011600454,hb,1,2026-06-01
dry_days_z_score_season2_sum_prev,9.408723e-06,hb,1,2026-06-01
dry_days_z_score_season2_mean_prev,5.296381e-05,hb,1,2026-06-01
consec_wet_days_z_score_season2_max_prev,0.00011339079,hb,1,2026-06-01
consec_wet_days_z_score_season2_sum_prev,6.0711216e-05,hb,1,2026-06-01
consec_wet_days_z_score_season2_mean_prev,0.00010293113,hb,1,2026-06-01
consec_dry_days_z_score_season2_max_prev,0.0006933373,hb,1,2026-06-01
consec_dry_days_z_score_season2_sum_prev,0.000108708984,hb,1,2026-06-01
consec_dry_days_z_score_season2_mean_prev,0.00036873957,hb,1,2026-06-01
NDVI_mean_season2_max_prev,6.473059e-05,hb,1,2026-06-01
NDVI_mean_season2_sum_prev,0.00075780565,hb,1,2026-06-01
NDVI_mean_season2_mean_prev,8.185098e-05,hb,1,2026-06-01
EVI_mean_season2_max_prev,0.00017587423,hb,1,2026-06-01
EVI_mean_season2_sum_prev,0.000107844906,hb,1,2026-06-01
EVI_mean_season2_mean_prev,7.559629e-05,hb,1,2026-06-01
NDVI_z_score_season2_max_prev,4.1477015e-05,hb,1,2026-06-01
NDVI_z_score_season2_sum_prev,2.8600496e-05,hb,1,2026-06-01
NDVI_z_score_season2_mean_prev,0.0019862847,hb,1,2026-06-01
EVI_z_score_season2_max_prev,1.2444597e-05,hb,1,2026-06-01
EVI_z_score_season2_sum_prev,7.186553e-05,hb,1,2026-06-01
EVI_z_score_season2_mean_prev,0.0002549435,hb,1,2026-06-01
NDVI_z_score_crops_season2_max_prev,1.1837268e-05,hb,1,2026-06-01
NDVI_z_score_crops_season2_sum_prev,6.096416e-05,hb,1,2026-06-01
NDVI_z_score_crops_season2_mean_prev,7.004135e-05,hb,1,2026-06-01
NDVI_z_score_grass_season2_max_prev,0.0002493017,hb,1,2026-06-01
NDVI_z_score_grass_season2_sum_prev,0.00011875024,hb,1,2026-06-01
NDVI_z_score_grass_season2_mean_prev,5.6337416e-05,hb,1,2026-06-01
NDVI_z_score_shrub_and_scrub_season2_max_prev,9.4806455e-05,hb,1,2026-06-01
NDVI_z_score_shrub_and_scrub_season2_sum_prev,0.00023808413,hb,1,2026-06-01
NDVI_z_score_shrub_and_scrub_season2_mean_prev,0.00011942785,hb,1,2026-06-01
NDVI_z_score_trees_season2_max_prev,4.282126e-05,hb,1,2026-06-01
NDVI_z_score_trees_season2_sum_prev,0.0006869515,hb,1,2026-06-01
NDVI_z_score_trees_season2_mean_prev,4.815921e-05,hb,1,2026-06-01
EVI_z_score_crops_season2_max_prev,0.000121337725,hb,1,2026-06-01
EVI_z_score_crops_season2_sum_prev,0.00018187982,hb,1,2026-06-01
EVI_z_score_crops_season2_mean_prev,8.518114e-05,hb,1,2026-06-01
EVI_z_score_grass_season2_max_prev,0.00016302202,hb,1,2026-06-01
EVI_z_score_grass_season2_sum_prev,0.0002181324,hb,1,2026-06-01
EVI_z_score_grass_season2_mean_prev,0.00013582838,hb,1,2026-06-01
EVI_z_score_shrub_and_scrub_season2_max_prev,9.143237e-06,hb,1,2026-06-01
EVI_z_score_shrub_and_scrub_season2_sum_prev,2.5332394e-05,hb,1,2026-06-01
EVI_z_score_shrub_and_scrub_season2_mean_prev,3.2420954e-05,hb,1,2026-06-01
EVI_z_score_trees_season2_max_prev,0.00023026088,hb,1,2026-06-01
EVI_z_score_trees_season2_sum_prev,0.0001966673,hb,1,2026-06-01
EVI_z_score_trees_season2_mean_prev,0.00037005256,hb,1,2026-06-01
bare_season2_max_prev,0.00013459461,hb,1,2026-06-01
bare_season2_sum_prev,0.00023718263,hb,1,2026-06-01
bare_season2_mean_prev,0.00021774575,hb,1,2026-06-01
built_season2_max_prev,3.8179252e-05,hb,1,2026-06-01
built_season2_sum_prev,7.480872e-05,hb,1,2026-06-01
built_season2_mean_prev,9.317976e-05,hb,1,2026-06-01
crops_season2_max_prev,8.4311585e-05,hb,1,2026-06-01
crops_season2_sum_prev,0.00013237646,hb,1,2026-06-01
crops_season2_mean_prev,5.820264e-06,hb,1,2026-06-01
flooded_vegetation_season2_max_prev,9.6874624e-05,hb,1,2026-06-01
flooded_vegetation_season2_sum_prev,2.027616e-05,hb,1,2026-06-01
flooded_vegetation_season2_mean_prev,4.36046e-06,hb,1,2026-06-01
grass_season2_max_prev,0.0002325607,hb,1,2026-06-01
grass_season2_sum_prev,4.3242824e-05,hb,1,2026-06-01
grass_season2_mean_prev,3.9007136e-06,hb,1,2026-06-01
shrub_and_scrub_season2_max_prev,0.00043324922,hb,1,2026-06-01
shrub_and_scrub_season2_sum_prev,0.00010388833,hb,1,2026-06-01
shrub_and_scrub_season2_mean_prev,0.00018818583,hb,1,2026-06-01
trees_season2_max_prev,0.00031898502,hb,1,2026-06-01
trees_season2_sum_prev,0.00019560063,hb,1,2026-06-01
trees_season2_mean_prev,0.0002619302,hb,1,2026-06-01
water_season2_max_prev,0.0006082957,hb,1,2026-06-01
water_season2_sum_prev,9.9590325e-05,hb,1,2026-06-01
water_season2_mean_prev,0.0011921233,hb,1,2026-06-01
avg_temp_z_score_lag_1,0.0022660843,hb,1,2026-06-01
hot_days_z_score_lag_1,0.00046785027,hb,1,2026-06-01
cold_days_z_score_lag_1,0.00013560832,hb,1,2026-06-01
consec_hot_days_z_score_lag_1,0.0009423894,hb,1,2026-06-01
consec_cold_days_z_score_lag_1,0.0001935128,hb,1,2026-06-01
precip_total_z_score_lag_1,0.00022792043,hb,1,2026-06-01
wet_days_z_score_lag_1,0.00023206846,hb,1,2026-06-01
dry_days_z_score_lag_1,0.00033699544,hb,1,2026-06-01
consec_wet_days_z_score_lag_1,0.0001655481,hb,1,2026-06-01
consec_dry_days_z_score_lag_1,8.839714e-05,hb,1,2026-06-01
conflict_100km_lag_1,0.00012540467,hb,1,2026-06-01
conflict_500km_lag_1,0.00052343024,hb,1,2026-06-01
fatalities_100km_lag_1,5.2905278e-05,hb,1,2026-06-01
fatalities_500km_lag_1,0.00010220662,hb,1,2026-06-01
conflict_12m_100km_lag_1,0.000148926,hb,1,2026-06-01
conflict_12m_500km_lag_1,0.00041587677,hb,1,2026-06-01
fatalities_12m_100km_lag_1,9.647017e-05,hb,1,2026-06-01
fatalities_12m_500km_lag_1,0.00017264439,hb,1,2026-06-01
NDVI_mean_lag_1,0.00021910503,hb,1,2026-06-01
EVI_mean_lag_1,0.00021376577,hb,1,2026-06-01
NDVI_z_score_lag_1,0.00036798883,hb,1,2026-06-01
EVI_z_score_lag_1,0.0007849869,hb,1,2026-06-01
NDVI_z_score_crops_lag_1,0.00024664568,hb,1,2026-06-01
NDVI_z_score_grass_lag_1,8.28755e-05,hb,1,2026-06-01
NDVI_z_score_shrub_and_scrub_lag_1,0.0001036685,hb,1,2026-06-01
NDVI_z_score_trees_lag_1,8.0714526e-05,hb,1,2026-06-01
EVI_z_score_crops_lag_1,0.000107510736,hb,1,2026-06-01
EVI_z_score_grass_lag_1,0.000101759695,hb,1,2026-06-01
EVI_z_score_shrub_and_scrub_lag_1,0.00019567853,hb,1,2026-06-01
EVI_z_score_trees_lag_1,0.00018757029,hb,1,2026-06-01
bare_lag_1,0.00016558639,hb,1,2026-06-01
built_lag_1,8.244499e-05,hb,1,2026-06-01
crops_lag_1,8.2533035e-05,hb,1,2026-06-01
flooded_vegetation_lag_1,0.0001711712,hb,1,2026-06-01
grass_lag_1,5.280196e-05,hb,1,2026-06-01
shrub_and_scrub_lag_1,8.1999344e-05,hb,1,2026-06-01
trees_lag_1,8.215114e-05,hb,1,2026-06-01
water_lag_1,7.911317e-05,hb,1,2026-06-01
bare_delta_lag_1,8.06205e-05,hb,1,2026-06-01
built_delta_lag_1,8.003407e-05,hb,1,2026-06-01
crops_delta_lag_1,9.162111e-05,hb,1,2026-06-01
flooded_vegetation_delta_lag_1,0.00014983593,hb,1,2026-06-01
grass_delta_lag_1,0.00014473185,hb,1,2026-06-01
shrub_and_scrub_delta_lag_1,0.00012118407,hb,1,2026-06-01
trees_delta_lag_1,0.00014597765,hb,1,2026-06-01
water_delta_lag_1,9.749603e-05,hb,1,2026-06-01
wasting_lag_1,0.00028657052,hb,1,2026-06-01
wasting_risk_lag_1,0.017718626,hb,1,2026-06-01
wasting_delta_lag_1,0.0011140138,hb,1,2026-06-01
wasting_risk_delta_lag_1,0.00036181923,hb,1,2026-06-01
wasting_sm_lag_1,0.00011493462,hb,1,2026-06-01
wasting_sm_risk_lag_1,0.91074127,hb,1,2026-06-01
avg_temp_z_score_lag_2,0.00014307005,hb,1,2026-06-01
hot_days_z_score_lag_2,0.00012666314,hb,1,2026-06-01
cold_days_z_score_lag_2,1.2933236e-05,hb,1,2026-06-01
consec_hot_days_z_score_lag_2,0.00037859724,hb,1,2026-06-01
consec_cold_days_z_score_lag_2,2.932775e-05,hb,1,2026-06-01
precip_total_z_score_lag_2,0.00014579744,hb,1,2026-06-01
wet_days_z_score_lag_2,0.00011631609,hb,1,2026-06-01
dry_days_z_score_lag_2,7.443482e-05,hb,1,2026-06-01
consec_wet_days_z_score_lag_2,0.00017327894,hb,1,2026-06-01
consec_dry_days_z_score_lag_2,0.0003306292,hb,1,2026-06-01
conflict_100km_lag_2,9.092555e-05,hb,1,2026-06-01
conflict_500km_lag_2,0.00028276967,hb,1,2026-06-01
fatalities_100km_lag_2,5.4100317e-05,hb,1,2026-06-01
fatalities_500km_lag_2,0.00016417702,hb,1,2026-06-01
conflict_12m_100km_lag_2,0.00074445235,hb,1,2026-06-01
conflict_12m_500km_lag_2,0.00014412413,hb,1,2026-06-01
fatalities_12m_100km_lag_2,0.00022190789,hb,1,2026-06-01
fatalities_12m_500km_lag_2,0.0002906133,hb,1,2026-06-01
NDVI_mean_lag_2,7.6622775e-05,hb,1,2026-06-01
EVI_mean_lag_2,0.00036504012,hb,1,2026-06-01
NDVI_z_score_lag_2,0.0006386352,hb,1,2026-06-01
EVI_z_score_lag_2,0.0002510243,hb,1,2026-06-01
NDVI_z_score_crops_lag_2,8.1082566e-05,hb,1,2026-06-01
NDVI_z_score_grass_lag_2,0.00011350927,hb,1,2026-06-01
NDVI_z_score_shrub_and_scrub_lag_2,9.6918186e-05,hb,1,2026-06-01
NDVI_z_score_trees_lag_2,0.00013067591,hb,1,2026-06-01
EVI_z_score_crops_lag_2,0.00013248921,hb,1,2026-06-01
EVI_z_score_grass_lag_2,4.870231e-05,hb,1,2026-06-01
EVI_z_score_shrub_and_scrub_lag_2,5.0253984e-05,hb,1,2026-06-01
EVI_z_score_trees_lag_2,0.00017010071,hb,1,2026-06-01
bare_lag_2,7.544182e-05,hb,1,2026-06-01
built_lag_2,0.00013206764,hb,1,2026-06-01
crops_lag_2,0.00012658144,hb,1,2026-06-01
flooded_vegetation_lag_2,8.926985e-05,hb,1,2026-06-01
grass_lag_2,4.3161403e-05,hb,1,2026-06-01
shrub_and_scrub_lag_2,8.068866e-05,hb,1,2026-06-01
trees_lag_2,0.00012124128,hb,1,2026-06-01
water_lag_2,7.52014e-05,hb,1,2026-06-01
bare_delta_lag_2,9.368862e-05,hb,1,2026-06-01
built_delta_lag_2,6.611132e-05,hb,1,2026-06-01
crops_delta_lag_2,4.2691256e-05,hb,1,2026-06-01
flooded_vegetation_delta_lag_2,0.00010596598,hb,1,2026-06-01
grass_delta_lag_2,4.1873027e-05,hb,1,2026-06-01
shrub_and_scrub_delta_lag_2,5.904092e-05,hb,1,2026-06-01
trees_delta_lag_2,0.00015748377,hb,1,2026-06-01
water_delta_lag_2,6.5734115e-05,hb,1,2026-06-01
wasting_lag_2,6.97163e-05,hb,1,2026-06-01
wasting_risk_lag_2,0.0030826211,hb,1,2026-06-01
wasting_delta_lag_2,0.0002527209,hb,1,2026-06-01
wasting_risk_delta_lag_2,0.00050409784,hb,1,2026-06-01
wasting_sm_lag_2,0.00038092493,hb,1,2026-06-01
wasting_sm_risk_lag_2,0.00069940696,hb,1,2026-06-01
avg_temp_z_score_lag_3,6.92691e-05,hb,1,2026-06-01
hot_days_z_score_lag_3,0.000111285306,hb,1,2026-06-01
cold_days_z_score_lag_3,0.000101985956,hb,1,2026-06-01
consec_hot_days_z_score_lag_3,0.00010377812,hb,1,2026-06-01
consec_cold_days_z_score_lag_3,0.00010823445,hb,1,2026-06-01
precip_total_z_score_lag_3,8.083241e-05,hb,1,2026-06-01
wet_days_z_score_lag_3,0.0002155272,hb,1,2026-06-01
dry_days_z_score_lag_3,2.7296719e-05,hb,1,2026-06-01
consec_wet_days_z_score_lag_3,4.672767e-05,hb,1,2026-06-01
consec_dry_days_z_score_lag_3,7.601797e-05,hb,1,2026-06-01
conflict_100km_lag_3,0.000119344586,hb,1,2026-06-01
conflict_500km_lag_3,0.00026708856,hb,1,2026-06-01
fatalities_100km_lag_3,7.897271e-05,hb,1,2026-06-01
fatalities_500km_lag_3,0.00013289343,hb,1,2026-06-01
conflict_12m_100km_lag_3,0.00013394731,hb,1,2026-06-01
conflict_12m_500km_lag_3,0.00030945317,hb,1,2026-06-01
fatalities_12m_100km_lag_3,7.240442e-05,hb,1,2026-06-01
fatalities_12m_500km_lag_3,0.00019453178,hb,1,2026-06-01
NDVI_mean_lag_3,5.3842818e-05,hb,1,2026-06-01
EVI_mean_lag_3,7.630625e-05,hb,1,2026-06-01
NDVI_z_score_lag_3,4.8209597e-05,hb,1,2026-06-01
EVI_z_score_lag_3,0.00027216919,hb,1,2026-06-01
NDVI_z_score_crops_lag_3,0.0001001829,hb,1,2026-06-01
NDVI_z_score_grass_lag_3,5.2605283e-05,hb,1,2026-06-01
NDVI_z_score_shrub_and_scrub_lag_3,0.00034361923,hb,1,2026-06-01
NDVI_z_score_trees_lag_3,3.9959024e-05,hb,1,2026-06-01
EVI_z_score_crops_lag_3,0.00015340325,hb,1,2026-06-01
EVI_z_score_grass_lag_3,9.867491e-05,hb,1,2026-06-01
EVI_z_score_shrub_and_scrub_lag_3,8.837279e-05,hb,1,2026-06-01
EVI_z_score_trees_lag_3,0.00021217497,hb,1,2026-06-01
bare_lag_3,4.972769e-05,hb,1,2026-06-01
built_lag_3,4.52321e-05,hb,1,2026-06-01
crops_lag_3,8.511204e-05,hb,1,2026-06-01
flooded_vegetation_lag_3,5.4745768e-05,hb,1,2026-06-01
grass_lag_3,7.1777e-05,hb,1,2026-06-01
shrub_and_scrub_lag_3,6.285559e-05,hb,1,2026-06-01
trees_lag_3,0.00012957527,hb,1,2026-06-01
water_lag_3,7.912044e-05,hb,1,2026-06-01
bare_delta_lag_3,0.00012996173,hb,1,2026-06-01
built_delta_lag_3,3.822984e-05,hb,1,2026-06-01
crops_delta_lag_3,0.00013285932,hb,1,2026-06-01
flooded_vegetation_delta_lag_3,0.00011202148,hb,1,2026-06-01
grass_delta_lag_3,4.496916e-05,hb,1,2026-06-01
shrub_and_scrub_delta_lag_3,0.0001606829,hb,1,2026-06-01
trees_delta_lag_3,7.9300815e-05,hb,1,2026-06-01
water_delta_lag_3,7.026758e-05,hb,1,2026-06-01
wasting_lag_3,0.00020121591,hb,1,2026-06-01
wasting_risk_lag_3,0.00048109237,hb,1,2026-06-01
wasting_delta_lag_3,0.00068948726,hb,1,2026-06-01
wasting_risk_delta_lag_3,0.00046637107,hb,1,2026-06-01
wasting_sm_lag_3,0.00011108718,hb,1,2026-06-01
wasting_sm_risk_lag_3,0.0007860775,hb,1,2026-06-01
travel_time_to_cities_2015,0.0011328525,hb,2,2026-07-01
density_2015,0.00075536617,hb,2,2026-07-01
density_2020,0.001384804,hb,2,2026-07-01
delta_2015_2020,0.0017460082,hb,2,2026-07-01
avg_temp_z_score_season1_max_prev,0.0005012623,hb,2,2026-07-01
avg_temp_z_score_season1_sum_prev,4.7216403e-05,hb,2,2026-07-01
avg_temp_z_score_season1_mean_prev,1.4535502e-05,hb,2,2026-07-01
hot_days_z_score_season1_max_prev,0.00015695726,hb,2,2026-07-01
hot_days_z_score_season1_sum_prev,0.00075875816,hb,2,2026-07-01
hot_days_z_score_season1_mean_prev,0.00027186333,hb,2,2026-07-01
cold_days_z_score_season1_max_prev,0.0012236629,hb,2,2026-07-01
cold_days_z_score_season1_sum_prev,1.2795602e-05,hb,2,2026-07-01
cold_days_z_score_season1_mean_prev,1.0961689e-05,hb,2,2026-07-01
consec_hot_days_z_score_season1_max_prev,9.196952e-05,hb,2,2026-07-01
consec_hot_days_z_score_season1_sum_prev,0.00013528675,hb,2,2026-07-01
consec_hot_days_z_score_season1_mean_prev,5.5447486e-05,hb,2,2026-07-01
consec_cold_days_z_score_season1_max_prev,1.3406193e-05,hb,2,2026-07-01
consec_cold_days_z_score_season1_sum_prev,1.0338542e-06,hb,2,2026-07-01
consec_cold_days_z_score_season1_mean_prev,0.0,hb,2,2026-07-01
precip_total_z_score_season1_max_prev,0.00012967794,hb,2,2026-07-01
precip_total_z_score_season1_sum_prev,0.00073723414,hb,2,2026-07-01
precip_total_z_score_season1_mean_prev,9.349166e-05,hb,2,2026-07-01
wet_days_z_score_season1_max_prev,0.0003277836,hb,2,2026-07-01
wet_days_z_score_season1_sum_prev,0.00026266996,hb,2,2026-07-01
wet_days_z_score_season1_mean_prev,4.813093e-05,hb,2,2026-07-01
dry_days_z_score_season1_max_prev,0.0020471981,hb,2,2026-07-01
dry_days_z_score_season1_sum_prev,6.978946e-05,hb,2,2026-07-01
dry_days_z_score_season1_mean_prev,9.547529e-07,hb,2,2026-07-01
consec_wet_days_z_score_season1_max_prev,0.00015394554,hb,2,2026-07-01
consec_wet_days_z_score_season1_sum_prev,2.7357904e-05,hb,2,2026-07-01
consec_wet_days_z_score_season1_mean_prev,3.9431948e-06,hb,2,2026-07-01
consec_dry_days_z_score_season1_max_prev,0.0002933471,hb,2,2026-07-01
consec_dry_days_z_score_season1_sum_prev,0.0015741744,hb,2,2026-07-01
consec_dry_days_z_score_season1_mean_prev,0.00044020484,hb,2,2026-07-01
NDVI_mean_season1_max_prev,6.942725e-05,hb,2,2026-07-01
NDVI_mean_season1_sum_prev,0.001066964,hb,2,2026-07-01
NDVI_mean_season1_mean_prev,3.6539674e-05,hb,2,2026-07-01
EVI_mean_season1_max_prev,2.4632816e-05,hb,2,2026-07-01
EVI_mean_season1_sum_prev,0.00083562353,hb,2,2026-07-01
EVI_mean_season1_mean_prev,9.9203055e-05,hb,2,2026-07-01
NDVI_z_score_season1_max_prev,2.1102336e-05,hb,2,2026-07-01
NDVI_z_score_season1_sum_prev,3.5437133e-05,hb,2,2026-07-01
NDVI_z_score_season1_mean_prev,1.004556e-06,hb,2,2026-07-01
EVI_z_score_season1_max_prev,0.00095470133,hb,2,2026-07-01
EVI_z_score_season1_sum_prev,1.0219299e-05,hb,2,2026-07-01
EVI_z_score_season1_mean_prev,0.00013654865,hb,2,2026-07-01
NDVI_z_score_crops_season1_max_prev,0.00018098824,hb,2,2026-07-01
NDVI_z_score_crops_season1_sum_prev,0.00011115089,hb,2,2026-07-01
NDVI_z_score_crops_season1_mean_prev,0.00013563309,hb,2,2026-07-01
NDVI_z_score_grass_season1_max_prev,0.0010863149,hb,2,2026-07-01
NDVI_z_score_grass_season1_sum_prev,8.16845e-05,hb,2,2026-07-01
NDVI_z_score_grass_season1_mean_prev,0.00019486746,hb,2,2026-07-01
NDVI_z_score_shrub_and_scrub_season1_max_prev,0.00024668305,hb,2,2026-07-01
NDVI_z_score_shrub_and_scrub_season1_sum_prev,3.904463e-05,hb,2,2026-07-01
NDVI_z_score_shrub_and_scrub_season1_mean_prev,0.00034508348,hb,2,2026-07-01
NDVI_z_score_trees_season1_max_prev,6.6711225e-05,hb,2,2026-07-01
NDVI_z_score_trees_season1_sum_prev,0.00033733115,hb,2,2026-07-01
NDVI_z_score_trees_season1_mean_prev,6.57272e-05,hb,2,2026-07-01
EVI_z_score_crops_season1_max_prev,0.00028381788,hb,2,2026-07-01
EVI_z_score_crops_season1_sum_prev,1.855322e-05,hb,2,2026-07-01
EVI_z_score_crops_season1_mean_prev,2.4394907e-05,hb,2,2026-07-01
EVI_z_score_grass_season1_max_prev,6.9112975e-05,hb,2,2026-07-01
EVI_z_score_grass_season1_sum_prev,0.0043440457,hb,2,2026-07-01
EVI_z_score_grass_season1_mean_prev,0.0011049883,hb,2,2026-07-01
EVI_z_score_shrub_and_scrub_season1_max_prev,0.00015310073,hb,2,2026-07-01
EVI_z_score_shrub_and_scrub_season1_sum_prev,1.5782818e-05,hb,2,2026-07-01
EVI_z_score_shrub_and_scrub_season1_mean_prev,0.0005744868,hb,2,2026-07-01
EVI_z_score_trees_season1_max_prev,0.0003875978,hb,2,2026-07-01
EVI_z_score_trees_season1_sum_prev,0.000115405775,hb,2,2026-07-01
EVI_z_score_trees_season1_mean_prev,0.00026031683,hb,2,2026-07-01
bare_season1_max_prev,0.00032472814,hb,2,2026-07-01
bare_season1_sum_prev,9.317346e-05,hb,2,2026-07-01
bare_season1_mean_prev,0.0007180173,hb,2,2026-07-01
built_season1_max_prev,0.00010008091,hb,2,2026-07-01
built_season1_sum_prev,0.00019807073,hb,2,2026-07-01
built_season1_mean_prev,2.8650977e-05,hb,2,2026-07-01
crops_season1_max_prev,7.979101e-05,hb,2,2026-07-01
crops_season1_sum_prev,0.00013456061,hb,2,2026-07-01
crops_season1_mean_prev,0.00015030902,hb,2,2026-07-01
flooded_vegetation_season1_max_prev,0.00010049146,hb,2,2026-07-01
flooded_vegetation_season1_sum_prev,8.560613e-05,hb,2,2026-07-01
flooded_vegetation_season1_mean_prev,0.0,hb,2,2026-07-01
grass_season1_max_prev,0.0003669042,hb,2,2026-07-01
grass_season1_sum_prev,9.582657e-05,hb,2,2026-07-01
grass_season1_mean_prev,9.657935e-06,hb,2,2026-07-01
shrub_and_scrub_season1_max_prev,0.0006517943,hb,2,2026-07-01
shrub_and_scrub_season1_sum_prev,8.4930136e-05,hb,2,2026-07-01
shrub_and_scrub_season1_mean_prev,2.546571e-05,hb,2,2026-07-01
trees_season1_max_prev,0.00025601563,hb,2,2026-07-01
trees_season1_sum_prev,8.877414e-05,hb,2,2026-07-01
trees_season1_mean_prev,1.7355072e-06,hb,2,2026-07-01
water_season1_max_prev,0.00018320116,hb,2,2026-07-01
water_season1_sum_prev,2.408508e-05,hb,2,2026-07-01
water_season1_mean_prev,5.054214e-05,hb,2,2026-07-01
avg_temp_z_score_season2_max_prev,5.368662e-05,hb,2,2026-07-01
avg_temp_z_score_season2_sum_prev,0.00079270836,hb,2,2026-07-01
avg_temp_z_score_season2_mean_prev,3.281318e-05,hb,2,2026-07-01
hot_days_z_score_season2_max_prev,4.9589296e-05,hb,2,2026-07-01
hot_days_z_score_season2_sum_prev,0.00019507176,hb,2,2026-07-01
hot_days_z_score_season2_mean_prev,3.8838784e-06,hb,2,2026-07-01
cold_days_z_score_season2_max_prev,4.5631743e-05,hb,2,2026-07-01
cold_days_z_score_season2_sum_prev,0.002074838,hb,2,2026-07-01
cold_days_z_score_season2_mean_prev,5.4688688e-05,hb,2,2026-07-01
consec_hot_days_z_score_season2_max_prev,6.713036e-06,hb,2,2026-07-01
consec_hot_days_z_score_season2_sum_prev,3.1032432e-05,hb,2,2026-07-01
consec_hot_days_z_score_season2_mean_prev,0.00013831533,hb,2,2026-07-01
consec_cold_days_z_score_season2_max_prev,0.0,hb,2,2026-07-01
consec_cold_days_z_score_season2_sum_prev,0.0,hb,2,2026-07-01
consec_cold_days_z_score_season2_mean_prev,0.0,hb,2,2026-07-01
precip_total_z_score_season2_max_prev,9.771556e-05,hb,2,2026-07-01
precip_total_z_score_season2_sum_prev,0.00065677956,hb,2,2026-07-01
precip_total_z_score_season2_mean_prev,5.5736993e-05,hb,2,2026-07-01
wet_days_z_score_season2_max_prev,0.0001816181,hb,2,2026-07-01
wet_days_z_score_season2_sum_prev,0.0006094006,hb,2,2026-07-01
wet_days_z_score_season2_mean_prev,1.6805057e-05,hb,2,2026-07-01
dry_days_z_score_season2_max_prev,0.00025830042,hb,2,2026-07-01
dry_days_z_score_season2_sum_prev,0.0052476334,hb,2,2026-07-01
dry_days_z_score_season2_mean_prev,0.00013520269,hb,2,2026-07-01
consec_wet_days_z_score_season2_max_prev,0.00020444622,hb,2,2026-07-01
consec_wet_days_z_score_season2_sum_prev,0.0004128547,hb,2,2026-07-01
consec_wet_days_z_score_season2_mean_prev,4.6821624e-06,hb,2,2026-07-01
consec_dry_days_z_score_season2_max_prev,0.0001233183,hb,2,2026-07-01
consec_dry_days_z_score_season2_sum_prev,3.5254212e-05,hb,2,2026-07-01
consec_dry_days_z_score_season2_mean_prev,0.00023934542,hb,2,2026-07-01
NDVI_mean_season2_max_prev,0.00022724245,hb,2,2026-07-01
NDVI_mean_season2_sum_prev,0.000841637,hb,2,2026-07-01
NDVI_mean_season2_mean_prev,4.240262e-06,hb,2,2026-07-01
EVI_mean_season2_max_prev,0.00015867109,hb,2,2026-07-01
EVI_mean_season2_sum_prev,0.00034273157,hb,2,2026-07-01
EVI_mean_season2_mean_prev,0.00023815095,hb,2,2026-07-01
NDVI_z_score_season2_max_prev,0.00017347113,hb,2,2026-07-01
NDVI_z_score_season2_sum_prev,1.2430181e-05,hb,2,2026-07-01
NDVI_z_score_season2_mean_prev,0.0006879042,hb,2,2026-07-01
EVI_z_score_season2_max_prev,0.00016304942,hb,2,2026-07-01
EVI_z_score_season2_sum_prev,5.641944e-06,hb,2,2026-07-01
EVI_z_score_season2_mean_prev,0.0,hb,2,2026-07-01
NDVI_z_score_crops_season2_max_prev,0.0006316864,hb,2,2026-07-01
NDVI_z_score_crops_season2_sum_prev,0.00010666617,hb,2,2026-07-01
NDVI_z_score_crops_season2_mean_prev,2.7708451e-05,hb,2,2026-07-01
NDVI_z_score_grass_season2_max_prev,0.0003380211,hb,2,2026-07-01
NDVI_z_score_grass_season2_sum_prev,0.00039060757,hb,2,2026-07-01
NDVI_z_score_grass_season2_mean_prev,5.271881e-05,hb,2,2026-07-01
NDVI_z_score_shrub_and_scrub_season2_max_prev,4.785828e-05,hb,2,2026-07-01
NDVI_z_score_shrub_and_scrub_season2_sum_prev,8.06217e-05,hb,2,2026-07-01
NDVI_z_score_shrub_and_scrub_season2_mean_prev,0.00013680728,hb,2,2026-07-01
NDVI_z_score_trees_season2_max_prev,0.00026384025,hb,2,2026-07-01
NDVI_z_score_trees_season2_sum_prev,0.0005060208,hb,2,2026-07-01
NDVI_z_score_trees_season2_mean_prev,0.0001731627,hb,2,2026-07-01
EVI_z_score_crops_season2_max_prev,2.7217666e-05,hb,2,2026-07-01
EVI_z_score_crops_season2_sum_prev,0.00018025875,hb,2,2026-07-01
EVI_z_score_crops_season2_mean_prev,5.5135057e-05,hb,2,2026-07-01
EVI_z_score_grass_season2_max_prev,9.832837e-05,hb,2,2026-07-01
EVI_z_score_grass_season2_sum_prev,8.312191e-05,hb,2,2026-07-01
EVI_z_score_grass_season2_mean_prev,2.6155163e-05,hb,2,2026-07-01
EVI_z_score_shrub_and_scrub_season2_max_prev,3.7747726e-05,hb,2,2026-07-01
EVI_z_score_shrub_and_scrub_season2_sum_prev,0.0010518178,hb,2,2026-07-01
EVI_z_score_shrub_and_scrub_season2_mean_prev,0.00015371638,hb,2,2026-07-01
EVI_z_score_trees_season2_max_prev,1.5635063e-05,hb,2,2026-07-01
EVI_z_score_trees_season2_sum_prev,0.00015236178,hb,2,2026-07-01
EVI_z_score_trees_season2_mean_prev,0.00013133379,hb,2,2026-07-01
bare_season2_max_prev,0.00020277957,hb,2,2026-07-01
bare_season2_sum_prev,0.00014521829,hb,2,2026-07-01
bare_season2_mean_prev,2.9516905e-05,hb,2,2026-07-01
built_season2_max_prev,9.120893e-05,hb,2,2026-07-01
built_season2_sum_prev,4.903963e-05,hb,2,2026-07-01
built_season2_mean_prev,0.00019084885,hb,2,2026-07-01
crops_season2_max_prev,0.00043442537,hb,2,2026-07-01
crops_season2_sum_prev,6.0144546e-05,hb,2,2026-07-01
crops_season2_mean_prev,2.016035e-06,hb,2,2026-07-01
flooded_vegetation_season2_max_prev,0.00032431705,hb,2,2026-07-01
flooded_vegetation_season2_sum_prev,0.00033238003,hb,2,2026-07-01
flooded_vegetation_season2_mean_prev,0.0,hb,2,2026-07-01
grass_season2_max_prev,0.0001344749,hb,2,2026-07-01
grass_season2_sum_prev,2.3761268e-05,hb,2,2026-07-01
grass_season2_mean_prev,1.5011842e-06,hb,2,2026-07-01
shrub_and_scrub_season2_max_prev,0.00012839594,hb,2,2026-07-01
shrub_and_scrub_season2_sum_prev,0.00018499777,hb,2,2026-07-01
shrub_and_scrub_season2_mean_prev,6.596226e-05,hb,2,2026-07-01
trees_season2_max_prev,4.465706e-05,hb,2,2026-07-01
trees_season2_sum_prev,8.557053e-05,hb,2,2026-07-01
trees_season2_mean_prev,0.00012472883,hb,2,2026-07-01
water_season2_max_prev,0.00046888844,hb,2,2026-07-01
water_season2_sum_prev,0.00021725828,hb,2,2026-07-01
water_season2_mean_prev,1.870067e-05,hb,2,2026-07-01
avg_temp_z_score_lag_2,0.0013939552,hb,2,2026-07-01
hot_days_z_score_lag_2,0.00034347453,hb,2,2026-07-01
cold_days_z_score_lag_2,0.00019411415,hb,2,2026-07-01
consec_hot_days_z_score_lag_2,0.00017994663,hb,2,2026-07-01
consec_cold_days_z_score_lag_2,0.000103612554,hb,2,2026-07-01
precip_total_z_score_lag_2,0.00010996415,hb,2,2026-07-01
wet_days_z_score_lag_2,0.00014192963,hb,2,2026-07-01
dry_days_z_score_lag_2,3.0057314e-05,hb,2,2026-07-01
consec_wet_days_z_score_lag_2,0.0004964844,hb,2,2026-07-01
consec_dry_days_z_score_lag_2,6.7871275e-05,hb,2,2026-07-01
conflict_100km_lag_2,7.8882906e-05,hb,2,2026-07-01
conflict_500km_lag_2,0.00016262168,hb,2,2026-07-01
fatalities_100km_lag_2,9.863697e-05,hb,2,2026-07-01
fatalities_500km_lag_2,0.00022607841,hb,2,2026-07-01
conflict_12m_100km_lag_2,0.00033554263,hb,2,2026-07-01
conflict_12m_500km_lag_2,0.00034088516,hb,2,2026-07-01
fatalities_12m_100km_lag_2,0.00028321697,hb,2,2026-07-01
fatalities_12m_500km_lag_2,0.0002108817,hb,2,2026-07-01
NDVI_mean_lag_2,0.00014067939,hb,2,2026-07-01
EVI_mean_lag_2,0.000121921636,hb,2,2026-07-01
NDVI_z_score_lag_2,0.00042941383,hb,2,2026-07-01
EVI_z_score_lag_2,0.00017560025,hb,2,2026-07-01
NDVI_z_score_crops_lag_2,0.00013565554,hb,2,2026-07-01
NDVI_z_score_grass_lag_2,7.65927e-05,hb,2,2026-07-01
NDVI_z_score_shrub_and_scrub_lag_2,0.00014682664,hb,2,2026-07-01
NDVI_z_score_trees_lag_2,0.00016086869,hb,2,2026-07-01
EVI_z_score_crops_lag_2,0.0006457472,hb,2,2026-07-01
EVI_z_score_grass_lag_2,0.0001971624,hb,2,2026-07-01
EVI_z_score_shrub_and_scrub_lag_2,0.00014518254,hb,2,2026-07-01
EVI_z_score_trees_lag_2,0.0003572388,hb,2,2026-07-01
bare_lag_2,0.00017816917,hb,2,2026-07-01
built_lag_2,0.00011849723,hb,2,2026-07-01
crops_lag_2,8.428053e-05,hb,2,2026-07-01
flooded_vegetation_lag_2,0.00012859117,hb,2,2026-07-01
grass_lag_2,0.0001733078,hb,2,2026-07-01
shrub_and_scrub_lag_2,7.742339e-05,hb,2,2026-07-01
trees_lag_2,0.00012943077,hb,2,2026-07-01
water_lag_2,0.00019433981,hb,2,2026-07-01
bare_delta_lag_2,0.00013527866,hb,2,2026-07-01
built_delta_lag_2,0.0001872497,hb,2,2026-07-01
crops_delta_lag_2,0.00010900021,hb,2,2026-07-01
flooded_vegetation_delta_lag_2,8.630989e-05,hb,2,2026-07-01
grass_delta_lag_2,4.7350004e-05,hb,2,2026-07-01
shrub_and_scrub_delta_lag_2,0.00011731739,hb,2,2026-07-01
trees_delta_lag_2,0.00013348258,hb,2,2026-07-01
water_delta_lag_2,4.919787e-05,hb,2,2026-07-01
wasting_lag_2,0.0002299753,hb,2,2026-07-01
wasting_risk_lag_2,0.02317233,hb,2,2026-07-01
wasting_delta_lag_2,0.0005298439,hb,2,2026-07-01
wasting_risk_delta_lag_2,0.0026288647,hb,2,2026-07-01
wasting_sm_lag_2,0.00013892737,hb,2,2026-07-01
wasting_sm_risk_lag_2,0.8880649,hb,2,2026-07-01
avg_temp_z_score_lag_3,4.031948e-05,hb,2,2026-07-01
hot_days_z_score_lag_3,6.245815e-05,hb,2,2026-07-01
cold_days_z_score_lag_3,3.0229989e-05,hb,2,2026-07-01
consec_hot_days_z_score_lag_3,0.0002999782,hb,2,2026-07-01
consec_cold_days_z_score_lag_3,9.5078234e-05,hb,2,2026-07-01
precip_total_z_score_lag_3,0.00040288962,hb,2,2026-07-01
wet_days_z_score_lag_3,0.00018560827,hb,2,2026-07-01
dry_days_z_score_lag_3,3.651558e-05,hb,2,2026-07-01
consec_wet_days_z_score_lag_3,5.9499704e-05,hb,2,2026-07-01
consec_dry_days_z_score_lag_3,0.00011361513,hb,2,2026-07-01
conflict_100km_lag_3,2.6890886e-05,hb,2,2026-07-01
conflict_500km_lag_3,0.00012134378,hb,2,2026-07-01
fatalities_100km_lag_3,8.7261375e-05,hb,2,2026-07-01
fatalities_500km_lag_3,8.909095e-05,hb,2,2026-07-01
conflict_12m_100km_lag_3,0.0001771716,hb,2,2026-07-01
conflict_12m_500km_lag_3,0.0001660593,hb,2,2026-07-01
fatalities_12m_100km_lag_3,0.00017780256,hb,2,2026-07-01
fatalities_12m_500km_lag_3,7.720449e-05,hb,2,2026-07-01
NDVI_mean_lag_3,4.3266078e-05,hb,2,2026-07-01
EVI_mean_lag_3,4.0958177e-05,hb,2,2026-07-01
NDVI_z_score_lag_3,6.4981665e-05,hb,2,2026-07-01
EVI_z_score_lag_3,4.6878897e-05,hb,2,2026-07-01
NDVI_z_score_crops_lag_3,3.951574e-05,hb,2,2026-07-01
NDVI_z_score_grass_lag_3,8.408265e-05,hb,2,2026-07-01
NDVI_z_score_shrub_and_scrub_lag_3,4.5016655e-05,hb,2,2026-07-01
NDVI_z_score_trees_lag_3,0.00018186962,hb,2,2026-07-01
EVI_z_score_crops_lag_3,0.00018725145,hb,2,2026-07-01
EVI_z_score_grass_lag_3,0.0002200888,hb,2,2026-07-01
EVI_z_score_shrub_and_scrub_lag_3,3.4379515e-05,hb,2,2026-07-01
EVI_z_score_trees_lag_3,9.077571e-05,hb,2,2026-07-01
bare_lag_3,9.725688e-05,hb,2,2026-07-01
built_lag_3,4.4565346e-05,hb,2,2026-07-01
crops_lag_3,5.5338067e-05,hb,2,2026-07-01
flooded_vegetation_lag_3,0.00012441642,hb,2,2026-07-01
grass_lag_3,7.872455e-05,hb,2,2026-07-01
shrub_and_scrub_lag_3,5.927568e-05,hb,2,2026-07-01
trees_lag_3,0.00016671942,hb,2,2026-07-01
water_lag_3,6.697367e-05,hb,2,2026-07-01
bare_delta_lag_3,8.559407e-05,hb,2,2026-07-01
built_delta_lag_3,5.687524e-05,hb,2,2026-07-01
crops_delta_lag_3,9.106671e-05,hb,2,2026-07-01
flooded_vegetation_delta_lag_3,4.3645086e-05,hb,2,2026-07-01
grass_delta_lag_3,5.4193173e-05,hb,2,2026-07-01
shrub_and_scrub_delta_lag_3,6.994055e-05,hb,2,2026-07-01
trees_delta_lag_3,0.00011767356,hb,2,2026-07-01
water_delta_lag_3,7.694969e-05,hb,2,2026-07-01
wasting_lag_3,0.00010583887,hb,2,2026-07-01
wasting_risk_lag_3,0.0041071936,hb,2,2026-07-01
wasting_delta_lag_3,0.00022089905,hb,2,2026-07-01
wasting_risk_delta_lag_3,0.0049161883,hb,2,2026-07-01
wasting_sm_lag_3,0.00010949227,hb,2,2026-07-01
wasting_sm_risk_lag_3,0.0008275327,hb,2,2026-07-01
avg_temp_z_score_lag_4,6.367732e-05,hb,2,2026-07-01
hot_days_z_score_lag_4,0.00028135607,hb,2,2026-07-01
cold_days_z_score_lag_4,0.00010431052,hb,2,2026-07-01
consec_hot_days_z_score_lag_4,6.134242e-05,hb,2,2026-07-01
consec_cold_days_z_score_lag_4,5.7083475e-05,hb,2,2026-07-01
precip_total_z_score_lag_4,3.2510376e-05,hb,2,2026-07-01
wet_days_z_score_lag_4,7.4501026e-05,hb,2,2026-07-01
dry_days_z_score_lag_4,7.513634e-05,hb,2,2026-07-01
consec_wet_days_z_score_lag_4,4.899598e-05,hb,2,2026-07-01
consec_dry_days_z_score_lag_4,0.000110538276,hb,2,2026-07-01
conflict_100km_lag_4,0.00014962388,hb,2,2026-07-01
conflict_500km_lag_4,0.0001883358,hb,2,2026-07-01
fatalities_100km_lag_4,0.00011672254,hb,2,2026-07-01
fatalities_500km_lag_4,3.805652e-05,hb,2,2026-07-01
conflict_12m_100km_lag_4,0.00016804066,hb,2,2026-07-01
conflict_12m_500km_lag_4,0.00010066578,hb,2,2026-07-01
fatalities_12m_100km_lag_4,0.00017626672,hb,2,2026-07-01
fatalities_12m_500km_lag_4,0.00017635906,hb,2,2026-07-01
NDVI_mean_lag_4,0.0001077497,hb,2,2026-07-01
EVI_mean_lag_4,4.8251415e-05,hb,2,2026-07-01
NDVI_z_score_lag_4,0.0001143989,hb,2,2026-07-01
EVI_z_score_lag_4,2.3100822e-05,hb,2,2026-07-01
NDVI_z_score_crops_lag_4,5.0507595e-05,hb,2,2026-07-01
NDVI_z_score_grass_lag_4,4.8903443e-05,hb,2,2026-07-01
NDVI_z_score_shrub_and_scrub_lag_4,0.000531347,hb,2,2026-07-01
NDVI_z_score_trees_lag_4,0.00043392135,hb,2,2026-07-01
EVI_z_score_crops_lag_4,0.00029339167,hb,2,2026-07-01
EVI_z_score_grass_lag_4,4.227343e-05,hb,2,2026-07-01
EVI_z_score_shrub_and_scrub_lag_4,0.00014723973,hb,2,2026-07-01
EVI_z_score_trees_lag_4,7.1646486e-05,hb,2,2026-07-01
bare_lag_4,0.00020944062,hb,2,2026-07-01
built_lag_4,0.00011757672,hb,2,2026-07-01
crops_lag_4,6.765896e-05,hb,2,2026-07-01
flooded_vegetation_lag_4,3.346696e-05,hb,2,2026-07-01
grass_lag_4,0.00014384925,hb,2,2026-07-01
shrub_and_scrub_lag_4,0.00013921945,hb,2,2026-07-01
trees_lag_4,4.7506765e-05,hb,2,2026-07-01
water_lag_4,5.1040995e-05,hb,2,2026-07-01
wasting_lag_4,9.029439e-05,hb,2,2026-07-01
wasting_risk_lag_4,0.0009669512,hb,2,2026-07-01
wasting_sm_lag_4,9.229328e-05,hb,2,2026-07-01
wasting_sm_risk_lag_4,0.00030155567,hb,2,2026-07-01
travel_time_to_cities_2015,0.001349283,hb,3,2026-08-01
density_2015,0.0008460988,hb,3,2026-08-01
density_2020,0.0020809232,hb,3,2026-08-01
delta_2015_2020,0.0018598235,hb,3,2026-08-01
avg_temp_z_score_season1_max_prev,0.000998531,hb,3,2026-08-01
avg_temp_z_score_season1_sum_prev,0.0013107999,hb,3,2026-08-01
avg_temp_z_score_season1_mean_prev,4.653208e-05,hb,3,2026-08-01
hot_days_z_score_season1_max_prev,0.0007280543,hb,3,2026-08-01
hot_days_z_score_season1_sum_prev,0.00010177987,hb,3,2026-08-01
hot_days_z_score_season1_mean_prev,0.00019938716,hb,3,2026-08-01
cold_days_z_score_season1_max_prev,8.5134365e-05,hb,3,2026-08-01
cold_days_z_score_season1_sum_prev,1.4673356e-05,hb,3,2026-08-01
cold_days_z_score_season1_mean_prev,0.013373586,hb,3,2026-08-01
consec_hot_days_z_score_season1_max_prev,0.00085890497,hb,3,2026-08-01
consec_hot_days_z_score_season1_sum_prev,7.539374e-05,hb,3,2026-08-01
consec_hot_days_z_score_season1_mean_prev,6.4497694e-06,hb,3,2026-08-01
consec_cold_days_z_score_season1_max_prev,0.0,hb,3,2026-08-01
consec_cold_days_z_score_season1_sum_prev,0.0,hb,3,2026-08-01
consec_cold_days_z_score_season1_mean_prev,0.0,hb,3,2026-08-01
precip_total_z_score_season1_max_prev,0.00028280675,hb,3,2026-08-01
precip_total_z_score_season1_sum_prev,0.0011840956,hb,3,2026-08-01
precip_total_z_score_season1_mean_prev,6.6964362e-06,hb,3,2026-08-01
wet_days_z_score_season1_max_prev,0.00014188993,hb,3,2026-08-01
wet_days_z_score_season1_sum_prev,0.000101561505,hb,3,2026-08-01
wet_days_z_score_season1_mean_prev,3.6841797e-05,hb,3,2026-08-01
dry_days_z_score_season1_max_prev,0.0004815112,hb,3,2026-08-01
dry_days_z_score_season1_sum_prev,5.816373e-05,hb,3,2026-08-01
dry_days_z_score_season1_mean_prev,3.4300149e-06,hb,3,2026-08-01
consec_wet_days_z_score_season1_max_prev,0.00016442967,hb,3,2026-08-01
consec_wet_days_z_score_season1_sum_prev,9.974472e-05,hb,3,2026-08-01
consec_wet_days_z_score_season1_mean_prev,8.056686e-05,hb,3,2026-08-01
consec_dry_days_z_score_season1_max_prev,0.00058774516,hb,3,2026-08-01
consec_dry_days_z_score_season1_sum_prev,0.0019349307,hb,3,2026-08-01
consec_dry_days_z_score_season1_mean_prev,0.00012595237,hb,3,2026-08-01
NDVI_mean_season1_max_prev,0.00018178884,hb,3,2026-08-01
NDVI_mean_season1_sum_prev,0.000255245,hb,3,2026-08-01
NDVI_mean_season1_mean_prev,1.6259159e-05,hb,3,2026-08-01
EVI_mean_season1_max_prev,7.635052e-05,hb,3,2026-08-01
EVI_mean_season1_sum_prev,0.00017510148,hb,3,2026-08-01
EVI_mean_season1_mean_prev,0.00014697951,hb,3,2026-08-01
NDVI_z_score_season1_max_prev,1.8663754e-05,hb,3,2026-08-01
NDVI_z_score_season1_sum_prev,1.9288105e-05,hb,3,2026-08-01
NDVI_z_score_season1_mean_prev,9.249397e-05,hb,3,2026-08-01
EVI_z_score_season1_max_prev,8.739101e-05,hb,3,2026-08-01
EVI_z_score_season1_sum_prev,9.720638e-06,hb,3,2026-08-01
EVI_z_score_season1_mean_prev,2.6164066e-06,hb,3,2026-08-01
NDVI_z_score_crops_season1_max_prev,0.0008432729,hb,3,2026-08-01
NDVI_z_score_crops_season1_sum_prev,0.00079164974,hb,3,2026-08-01
NDVI_z_score_crops_season1_mean_prev,0.0001732997,hb,3,2026-08-01
NDVI_z_score_grass_season1_max_prev,0.0004026452,hb,3,2026-08-01
NDVI_z_score_grass_season1_sum_prev,0.001665108,hb,3,2026-08-01
NDVI_z_score_grass_season1_mean_prev,0.00073312153,hb,3,2026-08-01
NDVI_z_score_shrub_and_scrub_season1_max_prev,0.00017464644,hb,3,2026-08-01
NDVI_z_score_shrub_and_scrub_season1_sum_prev,0.00087309245,hb,3,2026-08-01
NDVI_z_score_shrub_and_scrub_season1_mean_prev,0.0011014014,hb,3,2026-08-01
NDVI_z_score_trees_season1_max_prev,0.00047088656,hb,3,2026-08-01
NDVI_z_score_trees_season1_sum_prev,0.0001395903,hb,3,2026-08-01
NDVI_z_score_trees_season1_mean_prev,0.0002714867,hb,3,2026-08-01
EVI_z_score_crops_season1_max_prev,0.00015788074,hb,3,2026-08-01
EVI_z_score_crops_season1_sum_prev,0.00055397203,hb,3,2026-08-01
EVI_z_score_crops_season1_mean_prev,0.00050282537,hb,3,2026-08-01
EVI_z_score_grass_season1_max_prev,0.0006562784,hb,3,2026-08-01
EVI_z_score_grass_season1_sum_prev,0.0037797606,hb,3,2026-08-01
EVI_z_score_grass_season1_mean_prev,0.00083211384,hb,3,2026-08-01
EVI_z_score_shrub_and_scrub_season1_max_prev,0.00057711534,hb,3,2026-08-01
EVI_z_score_shrub_and_scrub_season1_sum_prev,0.00012958384,hb,3,2026-08-01
EVI_z_score_shrub_and_scrub_season1_mean_prev,1.0201414e-05,hb,3,2026-08-01
EVI_z_score_trees_season1_max_prev,0.00081515487,hb,3,2026-08-01
EVI_z_score_trees_season1_sum_prev,0.0003460059,hb,3,2026-08-01
EVI_z_score_trees_season1_mean_prev,4.2567004e-05,hb,3,2026-08-01
bare_season1_max_prev,0.00033777222,hb,3,2026-08-01
bare_season1_sum_prev,4.4621254e-05,hb,3,2026-08-01
bare_season1_mean_prev,3.800332e-05,hb,3,2026-08-01
built_season1_max_prev,0.0010542021,hb,3,2026-08-01
built_season1_sum_prev,0.00013675375,hb,3,2026-08-01
built_season1_mean_prev,0.00027914633,hb,3,2026-08-01
crops_season1_max_prev,3.262064e-05,hb,3,2026-08-01
crops_season1_sum_prev,0.0010110157,hb,3,2026-08-01
crops_season1_mean_prev,1.5898142e-05,hb,3,2026-08-01
flooded_vegetation_season1_max_prev,0.0004092656,hb,3,2026-08-01
flooded_vegetation_season1_sum_prev,0.00033344977,hb,3,2026-08-01
flooded_vegetation_season1_mean_prev,1.8431949e-06,hb,3,2026-08-01
grass_season1_max_prev,0.0018726734,hb,3,2026-08-01
grass_season1_sum_prev,0.0006586987,hb,3,2026-08-01
grass_season1_mean_prev,0.002537081,hb,3,2026-08-01
shrub_and_scrub_season1_max_prev,0.001000689,hb,3,2026-08-01
shrub_and_scrub_season1_sum_prev,0.00010265209,hb,3,2026-08-01
shrub_and_scrub_season1_mean_prev,2.1312024e-05,hb,3,2026-08-01
trees_season1_max_prev,5.8635167e-05,hb,3,2026-08-01
trees_season1_sum_prev,0.00013694464,hb,3,2026-08-01
trees_season1_mean_prev,2.2859109e-05,hb,3,2026-08-01
water_season1_max_prev,0.00016489631,hb,3,2026-08-01
water_season1_sum_prev,9.830519e-05,hb,3,2026-08-01
water_season1_mean_prev,0.00015039313,hb,3,2026-08-01
avg_temp_z_score_season2_max_prev,7.525827e-05,hb,3,2026-08-01
avg_temp_z_score_season2_sum_prev,3.3678458e-05,hb,3,2026-08-01
avg_temp_z_score_season2_mean_prev,5.536296e-05,hb,3,2026-08-01
hot_days_z_score_season2_max_prev,0.00077397213,hb,3,2026-08-01
hot_days_z_score_season2_sum_prev,0.00020151224,hb,3,2026-08-01
hot_days_z_score_season2_mean_prev,0.00020002195,hb,3,2026-08-01
cold_days_z_score_season2_max_prev,0.0001065207,hb,3,2026-08-01
cold_days_z_score_season2_sum_prev,0.0005081558,hb,3,2026-08-01
cold_days_z_score_season2_mean_prev,0.0032226683,hb,3,2026-08-01
consec_hot_days_z_score_season2_max_prev,0.0002591415,hb,3,2026-08-01
consec_hot_days_z_score_season2_sum_prev,6.6433524e-05,hb,3,2026-08-01
consec_hot_days_z_score_season2_mean_prev,3.266861e-05,hb,3,2026-08-01
consec_cold_days_z_score_season2_max_prev,0.0,hb,3,2026-08-01
consec_cold_days_z_score_season2_sum_prev,1.8815244e-05,hb,3,2026-08-01
consec_cold_days_z_score_season2_mean_prev,0.0,hb,3,2026-08-01
precip_total_z_score_season2_max_prev,0.0001706066,hb,3,2026-08-01
precip_total_z_score_season2_sum_prev,2.144364e-05,hb,3,2026-08-01
precip_total_z_score_season2_mean_prev,5.473977e-05,hb,3,2026-08-01
wet_days_z_score_season2_max_prev,0.0011539471,hb,3,2026-08-01
wet_days_z_score_season2_sum_prev,0.0007013295,hb,3,2026-08-01
wet_days_z_score_season2_mean_prev,3.3622728e-05,hb,3,2026-08-01
dry_days_z_score_season2_max_prev,0.0002792979,hb,3,2026-08-01
dry_days_z_score_season2_sum_prev,3.0256331e-05,hb,3,2026-08-01
dry_days_z_score_season2_mean_prev,4.2343963e-05,hb,3,2026-08-01
consec_wet_days_z_score_season2_max_prev,0.00096919265,hb,3,2026-08-01
consec_wet_days_z_score_season2_sum_prev,0.00016904194,hb,3,2026-08-01
consec_wet_days_z_score_season2_mean_prev,0.00011054507,hb,3,2026-08-01
consec_dry_days_z_score_season2_max_prev,0.0005292089,hb,3,2026-08-01
consec_dry_days_z_score_season2_sum_prev,0.00025038506,hb,3,2026-08-01
consec_dry_days_z_score_season2_mean_prev,5.5887373e-05,hb,3,2026-08-01
NDVI_mean_season2_max_prev,0.00035494784,hb,3,2026-08-01
NDVI_mean_season2_sum_prev,0.0008057982,hb,3,2026-08-01
NDVI_mean_season2_mean_prev,5.147821e-05,hb,3,2026-08-01
EVI_mean_season2_max_prev,0.0006623483,hb,3,2026-08-01
EVI_mean_season2_sum_prev,2.4031868e-05,hb,3,2026-08-01
EVI_mean_season2_mean_prev,8.252231e-06,hb,3,2026-08-01
NDVI_z_score_season2_max_prev,0.0002619342,hb,3,2026-08-01
NDVI_z_score_season2_sum_prev,0.0012125529,hb,3,2026-08-01
NDVI_z_score_season2_mean_prev,0.0,hb,3,2026-08-01
EVI_z_score_season2_max_prev,9.96371e-06,hb,3,2026-08-01
EVI_z_score_season2_sum_prev,0.00016528585,hb,3,2026-08-01
EVI_z_score_season2_mean_prev,3.194627e-06,hb,3,2026-08-01
NDVI_z_score_crops_season2_max_prev,0.00047438222,hb,3,2026-08-01
NDVI_z_score_crops_season2_sum_prev,0.00028235294,hb,3,2026-08-01
NDVI_z_score_crops_season2_mean_prev,1.8424324e-05,hb,3,2026-08-01
NDVI_z_score_grass_season2_max_prev,7.6656754e-05,hb,3,2026-08-01
NDVI_z_score_grass_season2_sum_prev,0.00011078262,hb,3,2026-08-01
NDVI_z_score_grass_season2_mean_prev,0.0054541826,hb,3,2026-08-01
NDVI_z_score_shrub_and_scrub_season2_max_prev,0.000106412546,hb,3,2026-08-01
NDVI_z_score_shrub_and_scrub_season2_sum_prev,0.00021428292,hb,3,2026-08-01
NDVI_z_score_shrub_and_scrub_season2_mean_prev,3.255352e-05,hb,3,2026-08-01
NDVI_z_score_trees_season2_max_prev,0.00017090634,hb,3,2026-08-01
NDVI_z_score_trees_season2_sum_prev,5.2219104e-05,hb,3,2026-08-01
NDVI_z_score_trees_season2_mean_prev,0.00030530558,hb,3,2026-08-01
EVI_z_score_crops_season2_max_prev,0.00021746675,hb,3,2026-08-01
EVI_z_score_crops_season2_sum_prev,0.00021778191,hb,3,2026-08-01
EVI_z_score_crops_season2_mean_prev,7.706762e-05,hb,3,2026-08-01
EVI_z_score_grass_season2_max_prev,0.00088524737,hb,3,2026-08-01
EVI_z_score_grass_season2_sum_prev,0.00010768781,hb,3,2026-08-01
EVI_z_score_grass_season2_mean_prev,0.012297349,hb,3,2026-08-01
EVI_z_score_shrub_and_scrub_season2_max_prev,0.00026926093,hb,3,2026-08-01
EVI_z_score_shrub_and_scrub_season2_sum_prev,0.010562868,hb,3,2026-08-01
EVI_z_score_shrub_and_scrub_season2_mean_prev,0.00019052764,hb,3,2026-08-01
EVI_z_score_trees_season2_max_prev,3.5489706e-05,hb,3,2026-08-01
EVI_z_score_trees_season2_sum_prev,0.00025425668,hb,3,2026-08-01
EVI_z_score_trees_season2_mean_prev,0.00017867205,hb,3,2026-08-01
bare_season2_max_prev,0.00017714924,hb,3,2026-08-01
bare_season2_sum_prev,0.00080327655,hb,3,2026-08-01
bare_season2_mean_prev,0.00086288026,hb,3,2026-08-01
built_season2_max_prev,6.659733e-05,hb,3,2026-08-01
built_season2_sum_prev,0.00021017075,hb,3,2026-08-01
built_season2_mean_prev,1.03579005e-05,hb,3,2026-08-01
crops_season2_max_prev,0.00062553276,hb,3,2026-08-01
crops_season2_sum_prev,0.00013984498,hb,3,2026-08-01
crops_season2_mean_prev,0.000230874,hb,3,2026-08-01
flooded_vegetation_season2_max_prev,0.0007272751,hb,3,2026-08-01
flooded_vegetation_season2_sum_prev,0.00013384916,hb,3,2026-08-01
flooded_vegetation_season2_mean_prev,1.5183318e-05,hb,3,2026-08-01
grass_season2_max_prev,0.0002906233,hb,3,2026-08-01
grass_season2_sum_prev,0.00037832573,hb,3,2026-08-01
grass_season2_mean_prev,1.662679e-05,hb,3,2026-08-01
shrub_and_scrub_season2_max_prev,0.00029316754,hb,3,2026-08-01
shrub_and_scrub_season2_sum_prev,0.0005603697,hb,3,2026-08-01
shrub_and_scrub_season2_mean_prev,0.00023781709,hb,3,2026-08-01
trees_season2_max_prev,0.00010840248,hb,3,2026-08-01
trees_season2_sum_prev,0.00021196513,hb,3,2026-08-01
trees_season2_mean_prev,1.0321549e-05,hb,3,2026-08-01
water_season2_max_prev,0.0008878604,hb,3,2026-08-01
water_season2_sum_prev,3.6630212e-05,hb,3,2026-08-01
water_season2_mean_prev,0.0019943453,hb,3,2026-08-01
avg_temp_z_score_lag_3,0.0008615907,hb,3,2026-08-01
hot_days_z_score_lag_3,0.0003415065,hb,3,2026-08-01
cold_days_z_score_lag_3,0.00031708123,hb,3,2026-08-01
consec_hot_days_z_score_lag_3,0.00017416399,hb,3,2026-08-01
consec_cold_days_z_score_lag_3,6.0371713e-05,hb,3,2026-08-01
precip_total_z_score_lag_3,0.00017900045,hb,3,2026-08-01
wet_days_z_score_lag_3,0.00010449426,hb,3,2026-08-01
dry_days_z_score_lag_3,0.0001019016,hb,3,2026-08-01
consec_wet_days_z_score_lag_3,3.4465582e-05,hb,3,2026-08-01
consec_dry_days_z_score_lag_3,5.4912078e-05,hb,3,2026-08-01
conflict_100km_lag_3,0.00035022764,hb,3,2026-08-01
conflict_500km_lag_3,0.00037720712,hb,3,2026-08-01
fatalities_100km_lag_3,6.406745e-05,hb,3,2026-08-01
fatalities_500km_lag_3,0.00017436619,hb,3,2026-08-01
conflict_12m_100km_lag_3,0.0012958801,hb,3,2026-08-01
conflict_12m_500km_lag_3,0.00048662326,hb,3,2026-08-01
fatalities_12m_100km_lag_3,0.0002616599,hb,3,2026-08-01
fatalities_12m_500km_lag_3,0.00024153254,hb,3,2026-08-01
NDVI_mean_lag_3,0.0004656092,hb,3,2026-08-01
EVI_mean_lag_3,8.29319e-05,hb,3,2026-08-01
NDVI_z_score_lag_3,0.00038592465,hb,3,2026-08-01
EVI_z_score_lag_3,0.0001256369,hb,3,2026-08-01
NDVI_z_score_crops_lag_3,0.00037218738,hb,3,2026-08-01
NDVI_z_score_grass_lag_3,0.0001647572,hb,3,2026-08-01
NDVI_z_score_shrub_and_scrub_lag_3,0.0003258336,hb,3,2026-08-01
NDVI_z_score_trees_lag_3,0.000490404,hb,3,2026-08-01
EVI_z_score_crops_lag_3,0.0004849119,hb,3,2026-08-01
EVI_z_score_grass_lag_3,0.00015705817,hb,3,2026-08-01
EVI_z_score_shrub_and_scrub_lag_3,0.0002423188,hb,3,2026-08-01
EVI_z_score_trees_lag_3,0.0002583194,hb,3,2026-08-01
bare_lag_3,0.00017909163,hb,3,2026-08-01
built_lag_3,7.761418e-05,hb,3,2026-08-01
crops_lag_3,5.7943253e-05,hb,3,2026-08-01
flooded_vegetation_lag_3,4.965612e-05,hb,3,2026-08-01
grass_lag_3,0.00013358112,hb,3,2026-08-01
shrub_and_scrub_lag_3,0.00011403503,hb,3,2026-08-01
trees_lag_3,0.0001709631,hb,3,2026-08-01
water_lag_3,9.590886e-05,hb,3,2026-08-01
bare_delta_lag_3,0.00017851427,hb,3,2026-08-01
built_delta_lag_3,7.1852046e-05,hb,3,2026-08-01
crops_delta_lag_3,5.28278e-05,hb,3,2026-08-01
flooded_vegetation_delta_lag_3,0.00014015741,hb,3,2026-08-01
grass_delta_lag_3,5.7858644e-05,hb,3,2026-08-01
shrub_and_scrub_delta_lag_3,0.00019350667,hb,3,2026-08-01
trees_delta_lag_3,3.2479897e-05,hb,3,2026-08-01
water_delta_lag_3,4.6808425e-05,hb,3,2026-08-01
wasting_lag_3,0.00039955453,hb,3,2026-08-01
wasting_risk_lag_3,0.08034203,hb,3,2026-08-01
wasting_delta_lag_3,0.00038723054,hb,3,2026-08-01
wasting_risk_delta_lag_3,0.0060703824,hb,3,2026-08-01
wasting_sm_lag_3,0.0002323288,hb,3,2026-08-01
wasting_sm_risk_lag_3,0.76700085,hb,3,2026-08-01
avg_temp_z_score_lag_4,0.00010039283,hb,3,2026-08-01
hot_days_z_score_lag_4,0.00014177906,hb,3,2026-08-01
cold_days_z_score_lag_4,0.00012042366,hb,3,2026-08-01
consec_hot_days_z_score_lag_4,0.00022861203,hb,3,2026-08-01
consec_cold_days_z_score_lag_4,4.0018676e-05,hb,3,2026-08-01
precip_total_z_score_lag_4,5.0595136e-05,hb,3,2026-08-01
wet_days_z_score_lag_4,0.00015758765,hb,3,2026-08-01
dry_days_z_score_lag_4,3.7551443e-05,hb,3,2026-08-01
consec_wet_days_z_score_lag_4,5.0842198e-05,hb,3,2026-08-01
consec_dry_days_z_score_lag_4,4.0488663e-05,hb,3,2026-08-01
conflict_100km_lag_4,8.17718e-05,hb,3,2026-08-01
conflict_500km_lag_4,0.0001643268,hb,3,2026-08-01
fatalities_100km_lag_4,3.6199934e-05,hb,3,2026-08-01
fatalities_500km_lag_4,9.640278e-05,hb,3,2026-08-01
conflict_12m_100km_lag_4,0.00053155137,hb,3,2026-08-01
conflict_12m_500km_lag_4,9.160449e-05,hb,3,2026-08-01
fatalities_12m_100km_lag_4,0.00012880834,hb,3,2026-08-01
fatalities_12m_500km_lag_4,5.2228304e-05,hb,3,2026-08-01
NDVI_mean_lag_4,0.00012075592,hb,3,2026-08-01
EVI_mean_lag_4,0.0011422031,hb,3,2026-08-01
NDVI_z_score_lag_4,4.788202e-05,hb,3,2026-08-01
EVI_z_score_lag_4,0.00016945184,hb,3,2026-08-01
NDVI_z_score_crops_lag_4,0.00017390949,hb,3,2026-08-01
NDVI_z_score_grass_lag_4,0.00014141102,hb,3,2026-08-01
NDVI_z_score_shrub_and_scrub_lag_4,0.00032542064,hb,3,2026-08-01
NDVI_z_score_trees_lag_4,0.00031474058,hb,3,2026-08-01
EVI_z_score_crops_lag_4,5.9577367e-05,hb,3,2026-08-01
EVI_z_score_grass_lag_4,6.9191665e-05,hb,3,2026-08-01
EVI_z_score_shrub_and_scrub_lag_4,0.0002070714,hb,3,2026-08-01
EVI_z_score_trees_lag_4,0.00020845378,hb,3,2026-08-01
bare_lag_4,0.0001427099,hb,3,2026-08-01
built_lag_4,0.00038054222,hb,3,2026-08-01
crops_lag_4,8.4113504e-05,hb,3,2026-08-01
flooded_vegetation_lag_4,7.312625e-05,hb,3,2026-08-01
grass_lag_4,5.6909827e-05,hb,3,2026-08-01
shrub_and_scrub_lag_4,4.705754e-05,hb,3,2026-08-01
trees_lag_4,6.750085e-05,hb,3,2026-08-01
water_lag_4,0.00021113918,hb,3,2026-08-01
wasting_lag_4,0.00046039722,hb,3,2026-08-01
wasting_risk_lag_4,0.0067753447,hb,3,2026-08-01
wasting_sm_lag_4,0.00090567255,hb,3,2026-08-01
wasting_sm_risk_lag_4,0.0010688115,hb,3,2026-08-01
avg_temp_z_score_lag_5,0.00036978166,hb,3,2026-08-01
hot_days_z_score_lag_5,0.00037690645,hb,3,2026-08-01
cold_days_z_score_lag_5,0.00012198353,hb,3,2026-08-01
consec_hot_days_z_score_lag_5,5.657234e-05,hb,3,2026-08-01
consec_cold_days_z_score_lag_5,0.00021306449,hb,3,2026-08-01
precip_total_z_score_lag_5,0.00011539032,hb,3,2026-08-01
wet_days_z_score_lag_5,7.914978e-05,hb,3,2026-08-01
dry_days_z_score_lag_5,8.647865e-05,hb,3,2026-08-01
consec_wet_days_z_score_lag_5,7.5716474e-05,hb,3,2026-08-01
consec_dry_days_z_score_lag_5,5.9712074e-05,hb,3,2026-08-01
conflict_100km_lag_5,5.660493e-05,hb,3,2026-08-01
conflict_500km_lag_5,0.00023549763,hb,3,2026-08-01
fatalities_100km_lag_5,0.0004047996,hb,3,2026-08-01
fatalities_500km_lag_5,5.891484e-05,hb,3,2026-08-01
conflict_12m_100km_lag_5,0.00033153902,hb,3,2026-08-01
conflict_12m_500km_lag_5,0.00045191176,hb,3,2026-08-01
fatalities_12m_100km_lag_5,0.00013125011,hb,3,2026-08-01
fatalities_12m_500km_lag_5,0.00017812748,hb,3,2026-08-01
NDVI_mean_lag_5,9.058105e-05,hb,3,2026-08-01
EVI_mean_lag_5,0.000213411,hb,3,2026-08-01
NDVI_z_score_lag_5,3.7316673e-05,hb,3,2026-08-01
EVI_z_score_lag_5,6.896324e-05,hb,3,2026-08-01
NDVI_z_score_crops_lag_5,0.00024250668,hb,3,2026-08-01
NDVI_z_score_grass_lag_5,7.272857e-05,hb,3,2026-08-01
NDVI_z_score_shrub_and_scrub_lag_5,0.00021762664,hb,3,2026-08-01
NDVI_z_score_trees_lag_5,5.0909654e-05,hb,3,2026-08-01
EVI_z_score_crops_lag_5,0.00024397025,hb,3,2026-08-01
EVI_z_score_grass_lag_5,5.0295057e-05,hb,3,2026-08-01
EVI_z_score_shrub_and_scrub_lag_5,4.145642e-05,hb,3,2026-08-01
EVI_z_score_trees_lag_5,0.0002498593,hb,3,2026-08-01
bare_lag_5,0.0005775434,hb,3,2026-08-01
built_lag_5,8.428677e-05,hb,3,2026-08-01
crops_lag_5,0.00011201495,hb,3,2026-08-01
flooded_vegetation_lag_5,8.379088e-05,hb,3,2026-08-01
grass_lag_5,7.698744e-05,hb,3,2026-08-01
shrub_and_scrub_lag_5,6.9815804e-05,hb,3,2026-08-01
trees_lag_5,0.0001932789,hb,3,2026-08-01
water_lag_5,6.92764e-05,hb,3,2026-08-01
wasting_lag_5,0.00033152,hb,3,2026-08-01
wasting_risk_lag_5,0.0003167851,hb,3,2026-08-01
wasting_sm_lag_5,0.0002121045,hb,3,2026-08-01
wasting_sm_risk_lag_5,0.0001845154,hb,3,2026-08-01
travel_time_to_cities_2015,0.0024192252,hb,1,2026-06-01
density_2015,0.0018566601,hb,1,2026-06-01
density_2020,0.005577396,hb,1,2026-06-01
delta_2015_2020,0.0027033857,hb,1,2026-06-01
avg_temp_z_score_season1_max_prev,0.0008778533,hb,1,2026-06-01
avg_temp_z_score_season1_sum_prev,5.6176308e-05,hb,1,2026-06-01
avg_temp_z_score_season1_mean_prev,5.3794745e-05,hb,1,2026-06-01
hot_days_z_score_season1_max_prev,4.778377e-05,hb,1,2026-06-01
hot_days_z_score_season1_sum_prev,0.00010829164,hb,1,2026-06-01
hot_days_z_score_season1_mean_prev,3.6306836e-05,hb,1,2026-06-01
cold_days_z_score_season1_max_prev,0.00025625006,hb,1,2026-06-01
cold_days_z_score_season1_sum_prev,6.2323898e-06,hb,1,2026-06-01
cold_days_z_score_season1_mean_prev,3.2427256e-06,hb,1,2026-06-01
consec_hot_days_z_score_season1_max_prev,4.4332428e-05,hb,1,2026-06-01
consec_hot_days_z_score_season1_sum_prev,6.274299e-05,hb,1,2026-06-01
consec_hot_days_z_score_season1_mean_prev,2.1239799e-05,hb,1,2026-06-01
consec_cold_days_z_score_season1_max_prev,1.2048829e-05,hb,1,2026-06-01
consec_cold_days_z_score_season1_sum_prev,0.0,hb,1,2026-06-01
consec_cold_days_z_score_season1_mean_prev,0.0,hb,1,2026-06-01
precip_total_z_score_season1_max_prev,4.9540537e-05,hb,1,2026-06-01
precip_total_z_score_season1_sum_prev,7.4610194e-05,hb,1,2026-06-01
precip_total_z_score_season1_mean_prev,0.00015570359,hb,1,2026-06-01
wet_days_z_score_season1_max_prev,5.7211695e-05,hb,1,2026-06-01
wet_days_z_score_season1_sum_prev,0.00051122805,hb,1,2026-06-01
wet_days_z_score_season1_mean_prev,0.00014685254,hb,1,2026-06-01
dry_days_z_score_season1_max_prev,0.00013290886,hb,1,2026-06-01
dry_days_z_score_season1_sum_prev,0.00043803488,hb,1,2026-06-01
dry_days_z_score_season1_mean_prev,9.857815e-06,hb,1,2026-06-01
consec_wet_days_z_score_season1_max_prev,7.2638904e-05,hb,1,2026-06-01
consec_wet_days_z_score_season1_sum_prev,3.0400151e-05,hb,1,2026-06-01
consec_wet_days_z_score_season1_mean_prev,0.00040504802,hb,1,2026-06-01
consec_dry_days_z_score_season1_max_prev,0.000113632435,hb,1,2026-06-01
consec_dry_days_z_score_season1_sum_prev,0.00034758545,hb,1,2026-06-01
consec_dry_days_z_score_season1_mean_prev,5.2204647e-05,hb,1,2026-06-01
NDVI_mean_season1_max_prev,5.7814585e-05,hb,1,2026-06-01
NDVI_mean_season1_sum_prev,0.00014554877,hb,1,2026-06-01
NDVI_mean_season1_mean_prev,3.8274484e-05,hb,1,2026-06-01
EVI_mean_season1_max_prev,0.00044811468,hb,1,2026-06-01
EVI_mean_season1_sum_prev,0.00017320125,hb,1,2026-06-01
EVI_mean_season1_mean_prev,3.773775e-05,hb,1,2026-06-01
NDVI_z_score_season1_max_prev,4.056817e-05,hb,1,2026-06-01
NDVI_z_score_season1_sum_prev,0.00010439119,hb,1,2026-06-01
NDVI_z_score_season1_mean_prev,1.8121041e-06,hb,1,2026-06-01
EVI_z_score_season1_max_prev,2.6709207e-05,hb,1,2026-06-01
EVI_z_score_season1_sum_prev,1.2662328e-05,hb,1,2026-06-01
EVI_z_score_season1_mean_prev,5.7698085e-06,hb,1,2026-06-01
NDVI_z_score_crops_season1_max_prev,8.7950044e-05,hb,1,2026-06-01
NDVI_z_score_crops_season1_sum_prev,7.614477e-05,hb,1,2026-06-01
NDVI_z_score_crops_season1_mean_prev,4.520784e-06,hb,1,2026-06-01
NDVI_z_score_grass_season1_max_prev,0.0004524876,hb,1,2026-06-01
NDVI_z_score_grass_season1_sum_prev,0.00010965403,hb,1,2026-06-01
NDVI_z_score_grass_season1_mean_prev,0.0001833283,hb,1,2026-06-01
NDVI_z_score_shrub_and_scrub_season1_max_prev,0.00015800026,hb,1,2026-06-01
NDVI_z_score_shrub_and_scrub_season1_sum_prev,7.109745e-05,hb,1,2026-06-01
NDVI_z_score_shrub_and_scrub_season1_mean_prev,3.558097e-05,hb,1,2026-06-01
NDVI_z_score_trees_season1_max_prev,0.00027505335,hb,1,2026-06-01
NDVI_z_score_trees_season1_sum_prev,0.00011595328,hb,1,2026-06-01
NDVI_z_score_trees_season1_mean_prev,3.0249748e-05,hb,1,2026-06-01
EVI_z_score_crops_season1_max_prev,5.082129e-05,hb,1,2026-06-01
EVI_z_score_crops_season1_sum_prev,3.6441983e-05,hb,1,2026-06-01
EVI_z_score_crops_season1_mean_prev,1.7983226e-05,hb,1,2026-06-01
EVI_z_score_grass_season1_max_prev,0.00014056423,hb,1,2026-06-01
EVI_z_score_grass_season1_sum_prev,0.0003636076,hb,1,2026-06-01
EVI_z_score_grass_season1_mean_prev,4.3752984e-06,hb,1,2026-06-01
EVI_z_score_shrub_and_scrub_season1_max_prev,6.079288e-05,hb,1,2026-06-01
EVI_z_score_shrub_and_scrub_season1_sum_prev,0.00012156078,hb,1,2026-06-01
EVI_z_score_shrub_and_scrub_season1_mean_prev,2.3145734e-05,hb,1,2026-06-01
EVI_z_score_trees_season1_max_prev,2.2852326e-05,hb,1,2026-06-01
EVI_z_score_trees_season1_sum_prev,3.805864e-05,hb,1,2026-06-01
EVI_z_score_trees_season1_mean_prev,0.00019397536,hb,1,2026-06-01
bare_season1_max_prev,0.00011657679,hb,1,2026-06-01
bare_season1_sum_prev,6.818165e-05,hb,1,2026-06-01
bare_season1_mean_prev,1.1405969e-05,hb,1,2026-06-01
built_season1_max_prev,9.295104e-05,hb,1,2026-06-01
built_season1_sum_prev,0.00011470609,hb,1,2026-06-01
built_season1_mean_prev,0.0001965368,hb,1,2026-06-01
crops_season1_max_prev,7.2395516e-05,hb,1,2026-06-01
crops_season1_sum_prev,9.570543e-05,hb,1,2026-06-01
crops_season1_mean_prev,0.00010422923,hb,1,2026-06-01
flooded_vegetation_season1_max_prev,0.00020942224,hb,1,2026-06-01
flooded_vegetation_season1_sum_prev,2.6701468e-05,hb,1,2026-06-01
flooded_vegetation_season1_mean_prev,0.0,hb,1,2026-06-01
grass_season1_max_prev,5.1569277e-05,hb,1,2026-06-01
grass_season1_sum_prev,5.966826e-05,hb,1,2026-06-01
grass_season1_mean_prev,2.9463132e-05,hb,1,2026-06-01
shrub_and_scrub_season1_max_prev,0.00025302992,hb,1,2026-06-01
shrub_and_scrub_season1_sum_prev,5.3074924e-05,hb,1,2026-06-01
shrub_and_scrub_season1_mean_prev,6.763167e-05,hb,1,2026-06-01
trees_season1_max_prev,8.378736e-05,hb,1,2026-06-01
trees_season1_sum_prev,8.143663e-05,hb,1,2026-06-01
trees_season1_mean_prev,6.366036e-05,hb,1,2026-06-01
water_season1_max_prev,4.0007533e-05,hb,1,2026-06-01
water_season1_sum_prev,0.00012004296,hb,1,2026-06-01
water_season1_mean_prev,1.8978022e-05,hb,1,2026-06-01
avg_temp_z_score_season2_max_prev,0.00013797577,hb,1,2026-06-01
avg_temp_z_score_season2_sum_prev,7.640395e-05,hb,1,2026-06-01
avg_temp_z_score_season2_mean_prev,2.6335758e-05,hb,1,2026-06-01
hot_days_z_score_season2_max_prev,8.567205e-05,hb,1,2026-06-01
hot_days_z_score_season2_sum_prev,5.1394276e-05,hb,1,2026-06-01
hot_days_z_score_season2_mean_prev,4.489152e-06,hb,1,2026-06-01
cold_days_z_score_season2_max_prev,2.733923e-05,hb,1,2026-06-01
cold_days_z_score_season2_sum_prev,0.00054509373,hb,1,2026-06-01
cold_days_z_score_season2_mean_prev,0.00030671022,hb,1,2026-06-01
consec_hot_days_z_score_season2_max_prev,1.8738796e-05,hb,1,2026-06-01
consec_hot_days_z_score_season2_sum_prev,0.00059929246,hb,1,2026-06-01
consec_hot_days_z_score_season2_mean_prev,6.32076e-05,hb,1,2026-06-01
consec_cold_days_z_score_season2_max_prev,0.0,hb,1,2026-06-01
consec_cold_days_z_score_season2_sum_prev,0.0,hb,1,2026-06-01
consec_cold_days_z_score_season2_mean_prev,0.0,hb,1,2026-06-01
precip_total_z_score_season2_max_prev,0.00022972417,hb,1,2026-06-01
precip_total_z_score_season2_sum_prev,1.906059e-05,hb,1,2026-06-01
precip_total_z_score_season2_mean_prev,2.0890473e-05,hb,1,2026-06-01
wet_days_z_score_season2_max_prev,0.00010896231,hb,1,2026-06-01
wet_days_z_score_season2_sum_prev,9.532269e-05,hb,1,2026-06-01
wet_days_z_score_season2_mean_prev,2.261644e-05,hb,1,2026-06-01
dry_days_z_score_season2_max_prev,0.00011600454,hb,1,2026-06-01
dry_days_z_score_season2_sum_prev,9.408723e-06,hb,1,2026-06-01
dry_days_z_score_season2_mean_prev,5.296381e-05,hb,1,2026-06-01
consec_wet_days_z_score_season2_max_prev,0.00011339079,hb,1,2026-06-01
consec_wet_days_z_score_season2_sum_prev,6.0711216e-05,hb,1,2026-06-01
consec_wet_days_z_score_season2_mean_prev,0.00010293113,hb,1,2026-06-01
consec_dry_days_z_score_season2_max_prev,0.0006933373,hb,1,2026-06-01
consec_dry_days_z_score_season2_sum_prev,0.000108708984,hb,1,2026-06-01
consec_dry_days_z_score_season2_mean_prev,0.00036873957,hb,1,2026-06-01
NDVI_mean_season2_max_prev,6.473059e-05,hb,1,2026-06-01
NDVI_mean_season2_sum_prev,0.00075780565,hb,1,2026-06-01
NDVI_mean_season2_mean_prev,8.185098e-05,hb,1,2026-06-01
EVI_mean_season2_max_prev,0.00017587423,hb,1,2026-06-01
EVI_mean_season2_sum_prev,0.000107844906,hb,1,2026-06-01
EVI_mean_season2_mean_prev,7.559629e-05,hb,1,2026-06-01
NDVI_z_score_season2_max_prev,4.1477015e-05,hb,1,2026-06-01
NDVI_z_score_season2_sum_prev,2.8600496e-05,hb,1,2026-06-01
NDVI_z_score_season2_mean_prev,0.0019862847,hb,1,2026-06-01
EVI_z_score_season2_max_prev,1.2444597e-05,hb,1,2026-06-01
EVI_z_score_season2_sum_prev,7.186553e-05,hb,1,2026-06-01
EVI_z_score_season2_mean_prev,0.0002549435,hb,1,2026-06-01
NDVI_z_score_crops_season2_max_prev,1.1837268e-05,hb,1,2026-06-01
NDVI_z_score_crops_season2_sum_prev,6.096416e-05,hb,1,2026-06-01
NDVI_z_score_crops_season2_mean_prev,7.004135e-05,hb,1,2026-06-01
NDVI_z_score_grass_season2_max_prev,0.0002493017,hb,1,2026-06-01
NDVI_z_score_grass_season2_sum_prev,0.00011875024,hb,1,2026-06-01
NDVI_z_score_grass_season2_mean_prev,5.6337416e-05,hb,1,2026-06-01
NDVI_z_score_shrub_and_scrub_season2_max_prev,9.4806455e-05,hb,1,2026-06-01
NDVI_z_score_shrub_and_scrub_season2_sum_prev,0.00023808413,hb,1,2026-06-01
NDVI_z_score_shrub_and_scrub_season2_mean_prev,0.00011942785,hb,1,2026-06-01
NDVI_z_score_trees_season2_max_prev,4.282126e-05,hb,1,2026-06-01
NDVI_z_score_trees_season2_sum_prev,0.0006869515,hb,1,2026-06-01
NDVI_z_score_trees_season2_mean_prev,4.815921e-05,hb,1,2026-06-01
EVI_z_score_crops_season2_max_prev,0.000121337725,hb,1,2026-06-01
EVI_z_score_crops_season2_sum_prev,0.00018187982,hb,1,2026-06-01
EVI_z_score_crops_season2_mean_prev,8.518114e-05,hb,1,2026-06-01
EVI_z_score_grass_season2_max_prev,0.00016302202,hb,1,2026-06-01
EVI_z_score_grass_season2_sum_prev,0.0002181324,hb,1,2026-06-01
EVI_z_score_grass_season2_mean_prev,0.00013582838,hb,1,2026-06-01
EVI_z_score_shrub_and_scrub_season2_max_prev,9.143237e-06,hb,1,2026-06-01
EVI_z_score_shrub_and_scrub_season2_sum_prev,2.5332394e-05,hb,1,2026-06-01
EVI_z_score_shrub_and_scrub_season2_mean_prev,3.2420954e-05,hb,1,2026-06-01
EVI_z_score_trees_season2_max_prev,0.00023026088,hb,1,2026-06-01
EVI_z_score_trees_season2_sum_prev,0.0001966673,hb,1,2026-06-01
EVI_z_score_trees_season2_mean_prev,0.00037005256,hb,1,2026-06-01
bare_season2_max_prev,0.00013459461,hb,1,2026-06-01
bare_season2_sum_prev,0.00023718263,hb,1,2026-06-01
bare_season2_mean_prev,0.00021774575,hb,1,2026-06-01
built_season2_max_prev,3.8179252e-05,hb,1,2026-06-01
built_season2_sum_prev,7.480872e-05,hb,1,2026-06-01
built_season2_mean_prev,9.317976e-05,hb,1,2026-06-01
crops_season2_max_prev,8.4311585e-05,hb,1,2026-06-01
crops_season2_sum_prev,0.00013237646,hb,1,2026-06-01
crops_season2_mean_prev,5.820264e-06,hb,1,2026-06-01
flooded_vegetation_season2_max_prev,9.6874624e-05,hb,1,2026-06-01
flooded_vegetation_season2_sum_prev,2.027616e-05,hb,1,2026-06-01
flooded_vegetation_season2_mean_prev,4.36046e-06,hb,1,2026-06-01
grass_season2_max_prev,0.0002325607,hb,1,2026-06-01
grass_season2_sum_prev,4.3242824e-05,hb,1,2026-06-01
grass_season2_mean_prev,3.9007136e-06,hb,1,2026-06-01
shrub_and_scrub_season2_max_prev,0.00043324922,hb,1,2026-06-01
shrub_and_scrub_season2_sum_prev,0.00010388833,hb,1,2026-06-01
shrub_and_scrub_season2_mean_prev,0.00018818583,hb,1,2026-06-01
trees_season2_max_prev,0.00031898502,hb,1,2026-06-01
trees_season2_sum_prev,0.00019560063,hb,1,2026-06-01
trees_season2_mean_prev,0.0002619302,hb,1,2026-06-01
water_season2_max_prev,0.0006082957,hb,1,2026-06-01
water_season2_sum_prev,9.9590325e-05,hb,1,2026-06-01
water_season2_mean_prev,0.0011921233,hb,1,2026-06-01
avg_temp_z_score_lag_1,0.0022660843,hb,1,2026-06-01
hot_days_z_score_lag_1,0.00046785027,hb,1,2026-06-01
cold_days_z_score_lag_1,0.00013560832,hb,1,2026-06-01
consec_hot_days_z_score_lag_1,0.0009423894,hb,1,2026-06-01
consec_cold_days_z_score_lag_1,0.0001935128,hb,1,2026-06-01
precip_total_z_score_lag_1,0.00022792043,hb,1,2026-06-01
wet_days_z_score_lag_1,0.00023206846,hb,1,2026-06-01
dry_days_z_score_lag_1,0.00033699544,hb,1,2026-06-01
consec_wet_days_z_score_lag_1,0.0001655481,hb,1,2026-06-01
consec_dry_days_z_score_lag_1,8.839714e-05,hb,1,2026-06-01
conflict_100km_lag_1,0.00012540467,hb,1,2026-06-01
conflict_500km_lag_1,0.00052343024,hb,1,2026-06-01
fatalities_100km_lag_1,5.2905278e-05,hb,1,2026-06-01
fatalities_500km_lag_1,0.00010220662,hb,1,2026-06-01
conflict_12m_100km_lag_1,0.000148926,hb,1,2026-06-01
conflict_12m_500km_lag_1,0.00041587677,hb,1,2026-06-01
fatalities_12m_100km_lag_1,9.647017e-05,hb,1,2026-06-01
fatalities_12m_500km_lag_1,0.00017264439,hb,1,2026-06-01
NDVI_mean_lag_1,0.00021910503,hb,1,2026-06-01
EVI_mean_lag_1,0.00021376577,hb,1,2026-06-01
NDVI_z_score_lag_1,0.00036798883,hb,1,2026-06-01
EVI_z_score_lag_1,0.0007849869,hb,1,2026-06-01
NDVI_z_score_crops_lag_1,0.00024664568,hb,1,2026-06-01
NDVI_z_score_grass_lag_1,8.28755e-05,hb,1,2026-06-01
NDVI_z_score_shrub_and_scrub_lag_1,0.0001036685,hb,1,2026-06-01
NDVI_z_score_trees_lag_1,8.0714526e-05,hb,1,2026-06-01
EVI_z_score_crops_lag_1,0.000107510736,hb,1,2026-06-01
EVI_z_score_grass_lag_1,0.000101759695,hb,1,2026-06-01
EVI_z_score_shrub_and_scrub_lag_1,0.00019567853,hb,1,2026-06-01
EVI_z_score_trees_lag_1,0.00018757029,hb,1,2026-06-01
bare_lag_1,0.00016558639,hb,1,2026-06-01
built_lag_1,8.244499e-05,hb,1,2026-06-01
crops_lag_1,8.2533035e-05,hb,1,2026-06-01
flooded_vegetation_lag_1,0.0001711712,hb,1,2026-06-01
grass_lag_1,5.280196e-05,hb,1,2026-06-01
shrub_and_scrub_lag_1,8.1999344e-05,hb,1,2026-06-01
trees_lag_1,8.215114e-05,hb,1,2026-06-01
water_lag_1,7.911317e-05,hb,1,2026-06-01
bare_delta_lag_1,8.06205e-05,hb,1,2026-06-01
built_delta_lag_1,8.003407e-05,hb,1,2026-06-01
crops_delta_lag_1,9.162111e-05,hb,1,2026-06-01
flooded_vegetation_delta_lag_1,0.00014983593,hb,1,2026-06-01
grass_delta_lag_1,0.00014473185,hb,1,2026-06-01
shrub_and_scrub_delta_lag_1,0.00012118407,hb,1,2026-06-01
trees_delta_lag_1,0.00014597765,hb,1,2026-06-01
water_delta_lag_1,9.749603e-05,hb,1,2026-06-01
wasting_lag_1,0.00028657052,hb,1,2026-06-01
wasting_risk_lag_1,0.017718626,hb,1,2026-06-01
wasting_delta_lag_1,0.0011140138,hb,1,2026-06-01
wasting_risk_delta_lag_1,0.00036181923,hb,1,2026-06-01
wasting_sm_lag_1,0.00011493462,hb,1,2026-06-01
wasting_sm_risk_lag_1,0.91074127,hb,1,2026-06-01
avg_temp_z_score_lag_2,0.00014307005,hb,1,2026-06-01
hot_days_z_score_lag_2,0.00012666314,hb,1,2026-06-01
cold_days_z_score_lag_2,1.2933236e-05,hb,1,2026-06-01
consec_hot_days_z_score_lag_2,0.00037859724,hb,1,2026-06-01
consec_cold_days_z_score_lag_2,2.932775e-05,hb,1,2026-06-01
precip_total_z_score_lag_2,0.00014579744,hb,1,2026-06-01
wet_days_z_score_lag_2,0.00011631609,hb,1,2026-06-01
dry_days_z_score_lag_2,7.443482e-05,hb,1,2026-06-01
consec_wet_days_z_score_lag_2,0.00017327894,hb,1,2026-06-01
consec_dry_days_z_score_lag_2,0.0003306292,hb,1,2026-06-01
conflict_100km_lag_2,9.092555e-05,hb,1,2026-06-01
conflict_500km_lag_2,0.00028276967,hb,1,2026-06-01
fatalities_100km_lag_2,5.4100317e-05,hb,1,2026-06-01
fatalities_500km_lag_2,0.00016417702,hb,1,2026-06-01
conflict_12m_100km_lag_2,0.00074445235,hb,1,2026-06-01
conflict_12m_500km_lag_2,0.00014412413,hb,1,2026-06-01
fatalities_12m_100km_lag_2,0.00022190789,hb,1,2026-06-01
fatalities_12m_500km_lag_2,0.0002906133,hb,1,2026-06-01
NDVI_mean_lag_2,7.6622775e-05,hb,1,2026-06-01
EVI_mean_lag_2,0.00036504012,hb,1,2026-06-01
NDVI_z_score_lag_2,0.0006386352,hb,1,2026-06-01
EVI_z_score_lag_2,0.0002510243,hb,1,2026-06-01
NDVI_z_score_crops_lag_2,8.1082566e-05,hb,1,2026-06-01
NDVI_z_score_grass_lag_2,0.00011350927,hb,1,2026-06-01
NDVI_z_score_shrub_and_scrub_lag_2,9.6918186e-05,hb,1,2026-06-01
NDVI_z_score_trees_lag_2,0.00013067591,hb,1,2026-06-01
EVI_z_score_crops_lag_2,0.00013248921,hb,1,2026-06-01
EVI_z_score_grass_lag_2,4.870231e-05,hb,1,2026-06-01
EVI_z_score_shrub_and_scrub_lag_2,5.0253984e-05,hb,1,2026-06-01
EVI_z_score_trees_lag_2,0.00017010071,hb,1,2026-06-01
bare_lag_2,7.544182e-05,hb,1,2026-06-01
built_lag_2,0.00013206764,hb,1,2026-06-01
crops_lag_2,0.00012658144,hb,1,2026-06-01
flooded_vegetation_lag_2,8.926985e-05,hb,1,2026-06-01
grass_lag_2,4.3161403e-05,hb,1,2026-06-01
shrub_and_scrub_lag_2,8.068866e-05,hb,1,2026-06-01
trees_lag_2,0.00012124128,hb,1,2026-06-01
water_lag_2,7.52014e-05,hb,1,2026-06-01
bare_delta_lag_2,9.368862e-05,hb,1,2026-06-01
built_delta_lag_2,6.611132e-05,hb,1,2026-06-01
crops_delta_lag_2,4.2691256e-05,hb,1,2026-06-01
flooded_vegetation_delta_lag_2,0.00010596598,hb,1,2026-06-01
grass_delta_lag_2,4.1873027e-05,hb,1,2026-06-01
shrub_and_scrub_delta_lag_2,5.904092e-05,hb,1,2026-06-01
trees_delta_lag_2,0.00015748377,hb,1,2026-06-01
water_delta_lag_2,6.5734115e-05,hb,1,2026-06-01
wasting_lag_2,6.97163e-05,hb,1,2026-06-01
wasting_risk_lag_2,0.0030826211,hb,1,2026-06-01
wasting_delta_lag_2,0.0002527209,hb,1,2026-06-01
wasting_risk_delta_lag_2,0.00050409784,hb,1,2026-06-01
wasting_sm_lag_2,0.00038092493,hb,1,2026-06-01
wasting_sm_risk_lag_2,0.00069940696,hb,1,2026-06-01
avg_temp_z_score_lag_3,6.92691e-05,hb,1,2026-06-01
hot_days_z_score_lag_3,0.000111285306,hb,1,2026-06-01
cold_days_z_score_lag_3,0.000101985956,hb,1,2026-06-01
consec_hot_days_z_score_lag_3,0.00010377812,hb,1,2026-06-01
consec_cold_days_z_score_lag_3,0.00010823445,hb,1,2026-06-01
precip_total_z_score_lag_3,8.083241e-05,hb,1,2026-06-01
wet_days_z_score_lag_3,0.0002155272,hb,1,2026-06-01
dry_days_z_score_lag_3,2.7296719e-05,hb,1,2026-06-01
consec_wet_days_z_score_lag_3,4.672767e-05,hb,1,2026-06-01
consec_dry_days_z_score_lag_3,7.601797e-05,hb,1,2026-06-01
conflict_100km_lag_3,0.000119344586,hb,1,2026-06-01
conflict_500km_lag_3,0.00026708856,hb,1,2026-06-01
fatalities_100km_lag_3,7.897271e-05,hb,1,2026-06-01
fatalities_500km_lag_3,0.00013289343,hb,1,2026-06-01
conflict_12m_100km_lag_3,0.00013394731,hb,1,2026-06-01
conflict_12m_500km_lag_3,0.00030945317,hb,1,2026-06-01
fatalities_12m_100km_lag_3,7.240442e-05,hb,1,2026-06-01
fatalities_12m_500km_lag_3,0.00019453178,hb,1,2026-06-01
NDVI_mean_lag_3,5.3842818e-05,hb,1,2026-06-01
EVI_mean_lag_3,7.630625e-05,hb,1,2026-06-01
NDVI_z_score_lag_3,4.8209597e-05,hb,1,2026-06-01
EVI_z_score_lag_3,0.00027216919,hb,1,2026-06-01
NDVI_z_score_crops_lag_3,0.0001001829,hb,1,2026-06-01
NDVI_z_score_grass_lag_3,5.2605283e-05,hb,1,2026-06-01
NDVI_z_score_shrub_and_scrub_lag_3,0.00034361923,hb,1,2026-06-01
NDVI_z_score_trees_lag_3,3.9959024e-05,hb,1,2026-06-01
EVI_z_score_crops_lag_3,0.00015340325,hb,1,2026-06-01
EVI_z_score_grass_lag_3,9.867491e-05,hb,1,2026-06-01
EVI_z_score_shrub_and_scrub_lag_3,8.837279e-05,hb,1,2026-06-01
EVI_z_score_trees_lag_3,0.00021217497,hb,1,2026-06-01
bare_lag_3,4.972769e-05,hb,1,2026-06-01
built_lag_3,4.52321e-05,hb,1,2026-06-01
crops_lag_3,8.511204e-05,hb,1,2026-06-01
flooded_vegetation_lag_3,5.4745768e-05,hb,1,2026-06-01
grass_lag_3,7.1777e-05,hb,1,2026-06-01
shrub_and_scrub_lag_3,6.285559e-05,hb,1,2026-06-01
trees_lag_3,0.00012957527,hb,1,2026-06-01
water_lag_3,7.912044e-05,hb,1,2026-06-01
bare_delta_lag_3,0.00012996173,hb,1,2026-06-01
built_delta_lag_3,3.822984e-05,hb,1,2026-06-01
crops_delta_lag_3,0.00013285932,hb,1,2026-06-01
flooded_vegetation_delta_lag_3,0.00011202148,hb,1,2026-06-01
grass_delta_lag_3,4.496916e-05,hb,1,2026-06-01
shrub_and_scrub_delta_lag_3,0.0001606829,hb,1,2026-06-01
trees_delta_lag_3,7.9300815e-05,hb,1,2026-06-01
water_delta_lag_3,7.026758e-05,hb,1,2026-06-01
wasting_lag_3,0.00020121591,hb,1,2026-06-01
wasting_risk_lag_3,0.00048109237,hb,1,2026-06-01
wasting_delta_lag_3,0.00068948726,hb,1,2026-06-01
wasting_risk_delta_lag_3,0.00046637107,hb,1,2026-06-01
wasting_sm_lag_3,0.00011108718,hb,1,2026-06-01
wasting_sm_risk_lag_3,0.0007860775,hb,1,2026-06-01
travel_time_to_cities_2015,0.0011328525,hb,2,2026-07-01
density_2015,0.00075536617,hb,2,2026-07-01
density_2020,0.001384804,hb,2,2026-07-01
delta_2015_2020,0.0017460082,hb,2,2026-07-01
avg_temp_z_score_season1_max_prev,0.0005012623,hb,2,2026-07-01
avg_temp_z_score_season1_sum_prev,4.7216403e-05,hb,2,2026-07-01
avg_temp_z_score_season1_mean_prev,1.4535502e-05,hb,2,2026-07-01
hot_days_z_score_season1_max_prev,0.00015695726,hb,2,2026-07-01
hot_days_z_score_season1_sum_prev,0.00075875816,hb,2,2026-07-01
hot_days_z_score_season1_mean_prev,0.00027186333,hb,2,2026-07-01
cold_days_z_score_season1_max_prev,0.0012236629,hb,2,2026-07-01
cold_days_z_score_season1_sum_prev,1.2795602e-05,hb,2,2026-07-01
cold_days_z_score_season1_mean_prev,1.0961689e-05,hb,2,2026-07-01
consec_hot_days_z_score_season1_max_prev,9.196952e-05,hb,2,2026-07-01
consec_hot_days_z_score_season1_sum_prev,0.00013528675,hb,2,2026-07-01
consec_hot_days_z_score_season1_mean_prev,5.5447486e-05,hb,2,2026-07-01
consec_cold_days_z_score_season1_max_prev,1.3406193e-05,hb,2,2026-07-01
consec_cold_days_z_score_season1_sum_prev,1.0338542e-06,hb,2,2026-07-01
consec_cold_days_z_score_season1_mean_prev,0.0,hb,2,2026-07-01
precip_total_z_score_season1_max_prev,0.00012967794,hb,2,2026-07-01
precip_total_z_score_season1_sum_prev,0.00073723414,hb,2,2026-07-01
precip_total_z_score_season1_mean_prev,9.349166e-05,hb,2,2026-07-01
wet_days_z_score_season1_max_prev,0.0003277836,hb,2,2026-07-01
wet_days_z_score_season1_sum_prev,0.00026266996,hb,2,2026-07-01
wet_days_z_score_season1_mean_prev,4.813093e-05,hb,2,2026-07-01
dry_days_z_score_season1_max_prev,0.0020471981,hb,2,2026-07-01
dry_days_z_score_season1_sum_prev,6.978946e-05,hb,2,2026-07-01
dry_days_z_score_season1_mean_prev,9.547529e-07,hb,2,2026-07-01
consec_wet_days_z_score_season1_max_prev,0.00015394554,hb,2,2026-07-01
consec_wet_days_z_score_season1_sum_prev,2.7357904e-05,hb,2,2026-07-01
consec_wet_days_z_score_season1_mean_prev,3.9431948e-06,hb,2,2026-07-01
consec_dry_days_z_score_season1_max_prev,0.0002933471,hb,2,2026-07-01
consec_dry_days_z_score_season1_sum_prev,0.0015741744,hb,2,2026-07-01
consec_dry_days_z_score_season1_mean_prev,0.00044020484,hb,2,2026-07-01
NDVI_mean_season1_max_prev,6.942725e-05,hb,2,2026-07-01
NDVI_mean_season1_sum_prev,0.001066964,hb,2,2026-07-01
NDVI_mean_season1_mean_prev,3.6539674e-05,hb,2,2026-07-01
EVI_mean_season1_max_prev,2.4632816e-05,hb,2,2026-07-01
EVI_mean_season1_sum_prev,0.00083562353,hb,2,2026-07-01
EVI_mean_season1_mean_prev,9.9203055e-05,hb,2,2026-07-01
NDVI_z_score_season1_max_prev,2.1102336e-05,hb,2,2026-07-01
NDVI_z_score_season1_sum_prev,3.5437133e-05,hb,2,2026-07-01
NDVI_z_score_season1_mean_prev,1.004556e-06,hb,2,2026-07-01
EVI_z_score_season1_max_prev,0.00095470133,hb,2,2026-07-01
EVI_z_score_season1_sum_prev,1.0219299e-05,hb,2,2026-07-01
EVI_z_score_season1_mean_prev,0.00013654865,hb,2,2026-07-01
NDVI_z_score_crops_season1_max_prev,0.00018098824,hb,2,2026-07-01
NDVI_z_score_crops_season1_sum_prev,0.00011115089,hb,2,2026-07-01
NDVI_z_score_crops_season1_mean_prev,0.00013563309,hb,2,2026-07-01
NDVI_z_score_grass_season1_max_prev,0.0010863149,hb,2,2026-07-01
NDVI_z_score_grass_season1_sum_prev,8.16845e-05,hb,2,2026-07-01
NDVI_z_score_grass_season1_mean_prev,0.00019486746,hb,2,2026-07-01
NDVI_z_score_shrub_and_scrub_season1_max_prev,0.00024668305,hb,2,2026-07-01
NDVI_z_score_shrub_and_scrub_season1_sum_prev,3.904463e-05,hb,2,2026-07-01
NDVI_z_score_shrub_and_scrub_season1_mean_prev,0.00034508348,hb,2,2026-07-01
NDVI_z_score_trees_season1_max_prev,6.6711225e-05,hb,2,2026-07-01
NDVI_z_score_trees_season1_sum_prev,0.00033733115,hb,2,2026-07-01
NDVI_z_score_trees_season1_mean_prev,6.57272e-05,hb,2,2026-07-01
EVI_z_score_crops_season1_max_prev,0.00028381788,hb,2,2026-07-01
EVI_z_score_crops_season1_sum_prev,1.855322e-05,hb,2,2026-07-01
EVI_z_score_crops_season1_mean_prev,2.4394907e-05,hb,2,2026-07-01
EVI_z_score_grass_season1_max_prev,6.9112975e-05,hb,2,2026-07-01
EVI_z_score_grass_season1_sum_prev,0.0043440457,hb,2,2026-07-01
EVI_z_score_grass_season1_mean_prev,0.0011049883,hb,2,2026-07-01
EVI_z_score_shrub_and_scrub_season1_max_prev,0.00015310073,hb,2,2026-07-01
EVI_z_score_shrub_and_scrub_season1_sum_prev,1.5782818e-05,hb,2,2026-07-01
EVI_z_score_shrub_and_scrub_season1_mean_prev,0.0005744868,hb,2,2026-07-01
EVI_z_score_trees_season1_max_prev,0.0003875978,hb,2,2026-07-01
EVI_z_score_trees_season1_sum_prev,0.000115405775,hb,2,2026-07-01
EVI_z_score_trees_season1_mean_prev,0.00026031683,hb,2,2026-07-01
bare_season1_max_prev,0.00032472814,hb,2,2026-07-01
bare_season1_sum_prev,9.317346e-05,hb,2,2026-07-01
bare_season1_mean_prev,0.0007180173,hb,2,2026-07-01
built_season1_max_prev,0.00010008091,hb,2,2026-07-01
built_season1_sum_prev,0.00019807073,hb,2,2026-07-01
built_season1_mean_prev,2.8650977e-05,hb,2,2026-07-01
crops_season1_max_prev,7.979101e-05,hb,2,2026-07-01
crops_season1_sum_prev,0.00013456061,hb,2,2026-07-01
crops_season1_mean_prev,0.00015030902,hb,2,2026-07-01
flooded_vegetation_season1_max_prev,0.00010049146,hb,2,2026-07-01
flooded_vegetation_season1_sum_prev,8.560613e-05,hb,2,2026-07-01
flooded_vegetation_season1_mean_prev,0.0,hb,2,2026-07-01
grass_season1_max_prev,0.0003669042,hb,2,2026-07-01
grass_season1_sum_prev,9.582657e-05,hb,2,2026-07-01
grass_season1_mean_prev,9.657935e-06,hb,2,2026-07-01
shrub_and_scrub_season1_max_prev,0.0006517943,hb,2,2026-07-01
shrub_and_scrub_season1_sum_prev,8.4930136e-05,hb,2,2026-07-01
shrub_and_scrub_season1_mean_prev,2.546571e-05,hb,2,2026-07-01
trees_season1_max_prev,0.00025601563,hb,2,2026-07-01
trees_season1_sum_prev,8.877414e-05,hb,2,2026-07-01
trees_season1_mean_prev,1.7355072e-06,hb,2,2026-07-01
water_season1_max_prev,0.00018320116,hb,2,2026-07-01
water_season1_sum_prev,2.408508e-05,hb,2,2026-07-01
water_season1_mean_prev,5.054214e-05,hb,2,2026-07-01
avg_temp_z_score_season2_max_prev,5.368662e-05,hb,2,2026-07-01
avg_temp_z_score_season2_sum_prev,0.00079270836,hb,2,2026-07-01
avg_temp_z_score_season2_mean_prev,3.281318e-05,hb,2,2026-07-01
hot_days_z_score_season2_max_prev,4.9589296e-05,hb,2,2026-07-01
hot_days_z_score_season2_sum_prev,0.00019507176,hb,2,2026-07-01
hot_days_z_score_season2_mean_prev,3.8838784e-06,hb,2,2026-07-01
cold_days_z_score_season2_max_prev,4.5631743e-05,hb,2,2026-07-01
cold_days_z_score_season2_sum_prev,0.002074838,hb,2,2026-07-01
cold_days_z_score_season2_mean_prev,5.4688688e-05,hb,2,2026-07-01
consec_hot_days_z_score_season2_max_prev,6.713036e-06,hb,2,2026-07-01
consec_hot_days_z_score_season2_sum_prev,3.1032432e-05,hb,2,2026-07-01
consec_hot_days_z_score_season2_mean_prev,0.00013831533,hb,2,2026-07-01
consec_cold_days_z_score_season2_max_prev,0.0,hb,2,2026-07-01
consec_cold_days_z_score_season2_sum_prev,0.0,hb,2,2026-07-01
consec_cold_days_z_score_season2_mean_prev,0.0,hb,2,2026-07-01
precip_total_z_score_season2_max_prev,9.771556e-05,hb,2,2026-07-01
precip_total_z_score_season2_sum_prev,0.00065677956,hb,2,2026-07-01
precip_total_z_score_season2_mean_prev,5.5736993e-05,hb,2,2026-07-01
wet_days_z_score_season2_max_prev,0.0001816181,hb,2,2026-07-01
wet_days_z_score_season2_sum_prev,0.0006094006,hb,2,2026-07-01
wet_days_z_score_season2_mean_prev,1.6805057e-05,hb,2,2026-07-01
dry_days_z_score_season2_max_prev,0.00025830042,hb,2,2026-07-01
dry_days_z_score_season2_sum_prev,0.0052476334,hb,2,2026-07-01
dry_days_z_score_season2_mean_prev,0.00013520269,hb,2,2026-07-01
consec_wet_days_z_score_season2_max_prev,0.00020444622,hb,2,2026-07-01
consec_wet_days_z_score_season2_sum_prev,0.0004128547,hb,2,2026-07-01
consec_wet_days_z_score_season2_mean_prev,4.6821624e-06,hb,2,2026-07-01
consec_dry_days_z_score_season2_max_prev,0.0001233183,hb,2,2026-07-01
consec_dry_days_z_score_season2_sum_prev,3.5254212e-05,hb,2,2026-07-01
consec_dry_days_z_score_season2_mean_prev,0.00023934542,hb,2,2026-07-01
NDVI_mean_season2_max_prev,0.00022724245,hb,2,2026-07-01
NDVI_mean_season2_sum_prev,0.000841637,hb,2,2026-07-01
NDVI_mean_season2_mean_prev,4.240262e-06,hb,2,2026-07-01
EVI_mean_season2_max_prev,0.00015867109,hb,2,2026-07-01
EVI_mean_season2_sum_prev,0.00034273157,hb,2,2026-07-01
EVI_mean_season2_mean_prev,0.00023815095,hb,2,2026-07-01
NDVI_z_score_season2_max_prev,0.00017347113,hb,2,2026-07-01
NDVI_z_score_season2_sum_prev,1.2430181e-05,hb,2,2026-07-01
NDVI_z_score_season2_mean_prev,0.0006879042,hb,2,2026-07-01
EVI_z_score_season2_max_prev,0.00016304942,hb,2,2026-07-01
EVI_z_score_season2_sum_prev,5.641944e-06,hb,2,2026-07-01
EVI_z_score_season2_mean_prev,0.0,hb,2,2026-07-01
NDVI_z_score_crops_season2_max_prev,0.0006316864,hb,2,2026-07-01
NDVI_z_score_crops_season2_sum_prev,0.00010666617,hb,2,2026-07-01
NDVI_z_score_crops_season2_mean_prev,2.7708451e-05,hb,2,2026-07-01
NDVI_z_score_grass_season2_max_prev,0.0003380211,hb,2,2026-07-01
NDVI_z_score_grass_season2_sum_prev,0.00039060757,hb,2,2026-07-01
NDVI_z_score_grass_season2_mean_prev,5.271881e-05,hb,2,2026-07-01
NDVI_z_score_shrub_and_scrub_season2_max_prev,4.785828e-05,hb,2,2026-07-01
NDVI_z_score_shrub_and_scrub_season2_sum_prev,8.06217e-05,hb,2,2026-07-01
NDVI_z_score_shrub_and_scrub_season2_mean_prev,0.00013680728,hb,2,2026-07-01
NDVI_z_score_trees_season2_max_prev,0.00026384025,hb,2,2026-07-01
NDVI_z_score_trees_season2_sum_prev,0.0005060208,hb,2,2026-07-01
NDVI_z_score_trees_season2_mean_prev,0.0001731627,hb,2,2026-07-01
EVI_z_score_crops_season2_max_prev,2.7217666e-05,hb,2,2026-07-01
EVI_z_score_crops_season2_sum_prev,0.00018025875,hb,2,2026-07-01
EVI_z_score_crops_season2_mean_prev,5.5135057e-05,hb,2,2026-07-01
EVI_z_score_grass_season2_max_prev,9.832837e-05,hb,2,2026-07-01
EVI_z_score_grass_season2_sum_prev,8.312191e-05,hb,2,2026-07-01
EVI_z_score_grass_season2_mean_prev,2.6155163e-05,hb,2,2026-07-01
EVI_z_score_shrub_and_scrub_season2_max_prev,3.7747726e-05,hb,2,2026-07-01
EVI_z_score_shrub_and_scrub_season2_sum_prev,0.0010518178,hb,2,2026-07-01
EVI_z_score_shrub_and_scrub_season2_mean_prev,0.00015371638,hb,2,2026-07-01
EVI_z_score_trees_season2_max_prev,1.5635063e-05,hb,2,2026-07-01
EVI_z_score_trees_season2_sum_prev,0.00015236178,hb,2,2026-07-01
EVI_z_score_trees_season2_mean_prev,0.00013133379,hb,2,2026-07-01
bare_season2_max_prev,0.00020277957,hb,2,2026-07-01
bare_season2_sum_prev,0.00014521829,hb,2,2026-07-01
bare_season2_mean_prev,2.9516905e-05,hb,2,2026-07-01
built_season2_max_prev,9.120893e-05,hb,2,2026-07-01
built_season2_sum_prev,4.903963e-05,hb,2,2026-07-01
built_season2_mean_prev,0.00019084885,hb,2,2026-07-01
crops_season2_max_prev,0.00043442537,hb,2,2026-07-01
crops_season2_sum_prev,6.0144546e-05,hb,2,2026-07-01
crops_season2_mean_prev,2.016035e-06,hb,2,2026-07-01
flooded_vegetation_season2_max_prev,0.00032431705,hb,2,2026-07-01
flooded_vegetation_season2_sum_prev,0.00033238003,hb,2,2026-07-01
flooded_vegetation_season2_mean_prev,0.0,hb,2,2026-07-01
grass_season2_max_prev,0.0001344749,hb,2,2026-07-01
grass_season2_sum_prev,2.3761268e-05,hb,2,2026-07-01
grass_season2_mean_prev,1.5011842e-06,hb,2,2026-07-01
shrub_and_scrub_season2_max_prev,0.00012839594,hb,2,2026-07-01
shrub_and_scrub_season2_sum_prev,0.00018499777,hb,2,2026-07-01
shrub_and_scrub_season2_mean_prev,6.596226e-05,hb,2,2026-07-01
trees_season2_max_prev,4.465706e-05,hb,2,2026-07-01
trees_season2_sum_prev,8.557053e-05,hb,2,2026-07-01
trees_season2_mean_prev,0.00012472883,hb,2,2026-07-01
water_season2_max_prev,0.00046888844,hb,2,2026-07-01
water_season2_sum_prev,0.00021725828,hb,2,2026-07-01
water_season2_mean_prev,1.870067e-05,hb,2,2026-07-01
avg_temp_z_score_lag_2,0.0013939552,hb,2,2026-07-01
hot_days_z_score_lag_2,0.00034347453,hb,2,2026-07-01
cold_days_z_score_lag_2,0.00019411415,hb,2,2026-07-01
consec_hot_days_z_score_lag_2,0.00017994663,hb,2,2026-07-01
consec_cold_days_z_score_lag_2,0.000103612554,hb,2,2026-07-01
precip_total_z_score_lag_2,0.00010996415,hb,2,2026-07-01
wet_days_z_score_lag_2,0.00014192963,hb,2,2026-07-01
dry_days_z_score_lag_2,3.0057314e-05,hb,2,2026-07-01
consec_wet_days_z_score_lag_2,0.0004964844,hb,2,2026-07-01
consec_dry_days_z_score_lag_2,6.7871275e-05,hb,2,2026-07-01
conflict_100km_lag_2,7.8882906e-05,hb,2,2026-07-01
conflict_500km_lag_2,0.00016262168,hb,2,2026-07-01
fatalities_100km_lag_2,9.863697e-05,hb,2,2026-07-01
fatalities_500km_lag_2,0.00022607841,hb,2,2026-07-01
conflict_12m_100km_lag_2,0.00033554263,hb,2,2026-07-01
conflict_12m_500km_lag_2,0.00034088516,hb,2,2026-07-01
fatalities_12m_100km_lag_2,0.00028321697,hb,2,2026-07-01
fatalities_12m_500km_lag_2,0.0002108817,hb,2,2026-07-01
NDVI_mean_lag_2,0.00014067939,hb,2,2026-07-01
EVI_mean_lag_2,0.000121921636,hb,2,2026-07-01
NDVI_z_score_lag_2,0.00042941383,hb,2,2026-07-01
EVI_z_score_lag_2,0.00017560025,hb,2,2026-07-01
NDVI_z_score_crops_lag_2,0.00013565554,hb,2,2026-07-01
NDVI_z_score_grass_lag_2,7.65927e-05,hb,2,2026-07-01
NDVI_z_score_shrub_and_scrub_lag_2,0.00014682664,hb,2,2026-07-01
NDVI_z_score_trees_lag_2,0.00016086869,hb,2,2026-07-01
EVI_z_score_crops_lag_2,0.0006457472,hb,2,2026-07-01
EVI_z_score_grass_lag_2,0.0001971624,hb,2,2026-07-01
EVI_z_score_shrub_and_scrub_lag_2,0.00014518254,hb,2,2026-07-01
EVI_z_score_trees_lag_2,0.0003572388,hb,2,2026-07-01
bare_lag_2,0.00017816917,hb,2,2026-07-01
built_lag_2,0.00011849723,hb,2,2026-07-01
crops_lag_2,8.428053e-05,hb,2,2026-07-01
flooded_vegetation_lag_2,0.00012859117,hb,2,2026-07-01
grass_lag_2,0.0001733078,hb,2,2026-07-01
shrub_and_scrub_lag_2,7.742339e-05,hb,2,2026-07-01
trees_lag_2,0.00012943077,hb,2,2026-07-01
water_lag_2,0.00019433981,hb,2,2026-07-01
bare_delta_lag_2,0.00013527866,hb,2,2026-07-01
built_delta_lag_2,0.0001872497,hb,2,2026-07-01
crops_delta_lag_2,0.00010900021,hb,2,2026-07-01
flooded_vegetation_delta_lag_2,8.630989e-05,hb,2,2026-07-01
grass_delta_lag_2,4.7350004e-05,hb,2,2026-07-01
shrub_and_scrub_delta_lag_2,0.00011731739,hb,2,2026-07-01
trees_delta_lag_2,0.00013348258,hb,2,2026-07-01
water_delta_lag_2,4.919787e-05,hb,2,2026-07-01
wasting_lag_2,0.0002299753,hb,2,2026-07-01
wasting_risk_lag_2,0.02317233,hb,2,2026-07-01
wasting_delta_lag_2,0.0005298439,hb,2,2026-07-01
wasting_risk_delta_lag_2,0.0026288647,hb,2,2026-07-01
wasting_sm_lag_2,0.00013892737,hb,2,2026-07-01
wasting_sm_risk_lag_2,0.8880649,hb,2,2026-07-01
avg_temp_z_score_lag_3,4.031948e-05,hb,2,2026-07-01
hot_days_z_score_lag_3,6.245815e-05,hb,2,2026-07-01
cold_days_z_score_lag_3,3.0229989e-05,hb,2,2026-07-01
consec_hot_days_z_score_lag_3,0.0002999782,hb,2,2026-07-01
consec_cold_days_z_score_lag_3,9.5078234e-05,hb,2,2026-07-01
precip_total_z_score_lag_3,0.00040288962,hb,2,2026-07-01
wet_days_z_score_lag_3,0.00018560827,hb,2,2026-07-01
dry_days_z_score_lag_3,3.651558e-05,hb,2,2026-07-01
consec_wet_days_z_score_lag_3,5.9499704e-05,hb,2,2026-07-01
consec_dry_days_z_score_lag_3,0.00011361513,hb,2,2026-07-01
conflict_100km_lag_3,2.6890886e-05,hb,2,2026-07-01
conflict_500km_lag_3,0.00012134378,hb,2,2026-07-01
fatalities_100km_lag_3,8.7261375e-05,hb,2,2026-07-01
fatalities_500km_lag_3,8.909095e-05,hb,2,2026-07-01
conflict_12m_100km_lag_3,0.0001771716,hb,2,2026-07-01
conflict_12m_500km_lag_3,0.0001660593,hb,2,2026-07-01
fatalities_12m_100km_lag_3,0.00017780256,hb,2,2026-07-01
fatalities_12m_500km_lag_3,7.720449e-05,hb,2,2026-07-01
NDVI_mean_lag_3,4.3266078e-05,hb,2,2026-07-01
EVI_mean_lag_3,4.0958177e-05,hb,2,2026-07-01
NDVI_z_score_lag_3,6.4981665e-05,hb,2,2026-07-01
EVI_z_score_lag_3,4.6878897e-05,hb,2,2026-07-01
NDVI_z_score_crops_lag_3,3.951574e-05,hb,2,2026-07-01
NDVI_z_score_grass_lag_3,8.408265e-05,hb,2,2026-07-01
NDVI_z_score_shrub_and_scrub_lag_3,4.5016655e-05,hb,2,2026-07-01
NDVI_z_score_trees_lag_3,0.00018186962,hb,2,2026-07-01
EVI_z_score_crops_lag_3,0.00018725145,hb,2,2026-07-01
EVI_z_score_grass_lag_3,0.0002200888,hb,2,2026-07-01
EVI_z_score_shrub_and_scrub_lag_3,3.4379515e-05,hb,2,2026-07-01
EVI_z_score_trees_lag_3,9.077571e-05,hb,2,2026-07-01
bare_lag_3,9.725688e-05,hb,2,2026-07-01
built_lag_3,4.4565346e-05,hb,2,2026-07-01
crops_lag_3,5.5338067e-05,hb,2,2026-07-01
flooded_vegetation_lag_3,0.00012441642,hb,2,2026-07-01
grass_lag_3,7.872455e-05,hb,2,2026-07-01
shrub_and_scrub_lag_3,5.927568e-05,hb,2,2026-07-01
trees_lag_3,0.00016671942,hb,2,2026-07-01
water_lag_3,6.697367e-05,hb,2,2026-07-01
bare_delta_lag_3,8.559407e-05,hb,2,2026-07-01
built_delta_lag_3,5.687524e-05,hb,2,2026-07-01
crops_delta_lag_3,9.106671e-05,hb,2,2026-07-01
flooded_vegetation_delta_lag_3,4.3645086e-05,hb,2,2026-07-01
grass_delta_lag_3,5.4193173e-05,hb,2,2026-07-01
shrub_and_scrub_delta_lag_3,6.994055e-05,hb,2,2026-07-01
trees_delta_lag_3,0.00011767356,hb,2,2026-07-01
water_delta_lag_3,7.694969e-05,hb,2,2026-07-01
wasting_lag_3,0.00010583887,hb,2,2026-07-01
wasting_risk_lag_3,0.0041071936,hb,2,2026-07-01
wasting_delta_lag_3,0.00022089905,hb,2,2026-07-01
wasting_risk_delta_lag_3,0.0049161883,hb,2,2026-07-01
wasting_sm_lag_3,0.00010949227,hb,2,2026-07-01
wasting_sm_risk_lag_3,0.0008275327,hb,2,2026-07-01
avg_temp_z_score_lag_4,6.367732e-05,hb,2,2026-07-01
hot_days_z_score_lag_4,0.00028135607,hb,2,2026-07-01
cold_days_z_score_lag_4,0.00010431052,hb,2,2026-07-01
consec_hot_days_z_score_lag_4,6.134242e-05,hb,2,2026-07-01
consec_cold_days_z_score_lag_4,5.7083475e-05,hb,2,2026-07-01
precip_total_z_score_lag_4,3.2510376e-05,hb,2,2026-07-01
wet_days_z_score_lag_4,7.4501026e-05,hb,2,2026-07-01
dry_days_z_score_lag_4,7.513634e-05,hb,2,2026-07-01
consec_wet_days_z_score_lag_4,4.899598e-05,hb,2,2026-07-01
consec_dry_days_z_score_lag_4,0.000110538276,hb,2,2026-07-01
conflict_100km_lag_4,0.00014962388,hb,2,2026-07-01
conflict_500km_lag_4,0.0001883358,hb,2,2026-07-01
fatalities_100km_lag_4,0.00011672254,hb,2,2026-07-01
fatalities_500km_lag_4,3.805652e-05,hb,2,2026-07-01
conflict_12m_100km_lag_4,0.00016804066,hb,2,2026-07-01
conflict_12m_500km_lag_4,0.00010066578,hb,2,2026-07-01
fatalities_12m_100km_lag_4,0.00017626672,hb,2,2026-07-01
fatalities_12m_500km_lag_4,0.00017635906,hb,2,2026-07-01
NDVI_mean_lag_4,0.0001077497,hb,2,2026-07-01
EVI_mean_lag_4,4.8251415e-05,hb,2,2026-07-01
NDVI_z_score_lag_4,0.0001143989,hb,2,2026-07-01
EVI_z_score_lag_4,2.3100822e-05,hb,2,2026-07-01
NDVI_z_score_crops_lag_4,5.0507595e-05,hb,2,2026-07-01
NDVI_z_score_grass_lag_4,4.8903443e-05,hb,2,2026-07-01
NDVI_z_score_shrub_and_scrub_lag_4,0.000531347,hb,2,2026-07-01
NDVI_z_score_trees_lag_4,0.00043392135,hb,2,2026-07-01
EVI_z_score_crops_lag_4,0.00029339167,hb,2,2026-07-01
EVI_z_score_grass_lag_4,4.227343e-05,hb,2,2026-07-01
EVI_z_score_shrub_and_scrub_lag_4,0.00014723973,hb,2,2026-07-01
EVI_z_score_trees_lag_4,7.1646486e-05,hb,2,2026-07-01
bare_lag_4,0.00020944062,hb,2,2026-07-01
built_lag_4,0.00011757672,hb,2,2026-07-01
crops_lag_4,6.765896e-05,hb,2,2026-07-01
flooded_vegetation_lag_4,3.346696e-05,hb,2,2026-07-01
grass_lag_4,0.00014384925,hb,2,2026-07-01
shrub_and_scrub_lag_4,0.00013921945,hb,2,2026-07-01
trees_lag_4,4.7506765e-05,hb,2,2026-07-01
water_lag_4,5.1040995e-05,hb,2,2026-07-01
wasting_lag_4,9.029439e-05,hb,2,2026-07-01
wasting_risk_lag_4,0.0009669512,hb,2,2026-07-01
wasting_sm_lag_4,9.229328e-05,hb,2,2026-07-01
wasting_sm_risk_lag_4,0.00030155567,hb,2,2026-07-01
travel_time_to_cities_2015,0.001349283,hb,3,2026-08-01
density_2015,0.0008460988,hb,3,2026-08-01
density_2020,0.0020809232,hb,3,2026-08-01
delta_2015_2020,0.0018598235,hb,3,2026-08-01
avg_temp_z_score_season1_max_prev,0.000998531,hb,3,2026-08-01
avg_temp_z_score_season1_sum_prev,0.0013107999,hb,3,2026-08-01
avg_temp_z_score_season1_mean_prev,4.653208e-05,hb,3,2026-08-01
hot_days_z_score_season1_max_prev,0.0007280543,hb,3,2026-08-01
hot_days_z_score_season1_sum_prev,0.00010177987,hb,3,2026-08-01
hot_days_z_score_season1_mean_prev,0.00019938716,hb,3,2026-08-01
cold_days_z_score_season1_max_prev,8.5134365e-05,hb,3,2026-08-01
cold_days_z_score_season1_sum_prev,1.4673356e-05,hb,3,2026-08-01
cold_days_z_score_season1_mean_prev,0.013373586,hb,3,2026-08-01
consec_hot_days_z_score_season1_max_prev,0.00085890497,hb,3,2026-08-01
consec_hot_days_z_score_season1_sum_prev,7.539374e-05,hb,3,2026-08-01
consec_hot_days_z_score_season1_mean_prev,6.4497694e-06,hb,3,2026-08-01
consec_cold_days_z_score_season1_max_prev,0.0,hb,3,2026-08-01
consec_cold_days_z_score_season1_sum_prev,0.0,hb,3,2026-08-01
consec_cold_days_z_score_season1_mean_prev,0.0,hb,3,2026-08-01
precip_total_z_score_season1_max_prev,0.00028280675,hb,3,2026-08-01
precip_total_z_score_season1_sum_prev,0.0011840956,hb,3,2026-08-01
precip_total_z_score_season1_mean_prev,6.6964362e-06,hb,3,2026-08-01
wet_days_z_score_season1_max_prev,0.00014188993,hb,3,2026-08-01
wet_days_z_score_season1_sum_prev,0.000101561505,hb,3,2026-08-01
wet_days_z_score_season1_mean_prev,3.6841797e-05,hb,3,2026-08-01
dry_days_z_score_season1_max_prev,0.0004815112,hb,3,2026-08-01
dry_days_z_score_season1_sum_prev,5.816373e-05,hb,3,2026-08-01
dry_days_z_score_season1_mean_prev,3.4300149e-06,hb,3,2026-08-01
consec_wet_days_z_score_season1_max_prev,0.00016442967,hb,3,2026-08-01
consec_wet_days_z_score_season1_sum_prev,9.974472e-05,hb,3,2026-08-01
consec_wet_days_z_score_season1_mean_prev,8.056686e-05,hb,3,2026-08-01
consec_dry_days_z_score_season1_max_prev,0.00058774516,hb,3,2026-08-01
consec_dry_days_z_score_season1_sum_prev,0.0019349307,hb,3,2026-08-01
consec_dry_days_z_score_season1_mean_prev,0.00012595237,hb,3,2026-08-01
NDVI_mean_season1_max_prev,0.00018178884,hb,3,2026-08-01
NDVI_mean_season1_sum_prev,0.000255245,hb,3,2026-08-01
NDVI_mean_season1_mean_prev,1.6259159e-05,hb,3,2026-08-01
EVI_mean_season1_max_prev,7.635052e-05,hb,3,2026-08-01
EVI_mean_season1_sum_prev,0.00017510148,hb,3,2026-08-01
EVI_mean_season1_mean_prev,0.00014697951,hb,3,2026-08-01
NDVI_z_score_season1_max_prev,1.8663754e-05,hb,3,2026-08-01
NDVI_z_score_season1_sum_prev,1.9288105e-05,hb,3,2026-08-01
NDVI_z_score_season1_mean_prev,9.249397e-05,hb,3,2026-08-01
EVI_z_score_season1_max_prev,8.739101e-05,hb,3,2026-08-01
EVI_z_score_season1_sum_prev,9.720638e-06,hb,3,2026-08-01
EVI_z_score_season1_mean_prev,2.6164066e-06,hb,3,2026-08-01
NDVI_z_score_crops_season1_max_prev,0.0008432729,hb,3,2026-08-01
NDVI_z_score_crops_season1_sum_prev,0.00079164974,hb,3,2026-08-01
NDVI_z_score_crops_season1_mean_prev,0.0001732997,hb,3,2026-08-01
NDVI_z_score_grass_season1_max_prev,0.0004026452,hb,3,2026-08-01
NDVI_z_score_grass_season1_sum_prev,0.001665108,hb,3,2026-08-01
NDVI_z_score_grass_season1_mean_prev,0.00073312153,hb,3,2026-08-01
NDVI_z_score_shrub_and_scrub_season1_max_prev,0.00017464644,hb,3,2026-08-01
NDVI_z_score_shrub_and_scrub_season1_sum_prev,0.00087309245,hb,3,2026-08-01
NDVI_z_score_shrub_and_scrub_season1_mean_prev,0.0011014014,hb,3,2026-08-01
NDVI_z_score_trees_season1_max_prev,0.00047088656,hb,3,2026-08-01
NDVI_z_score_trees_season1_sum_prev,0.0001395903,hb,3,2026-08-01
NDVI_z_score_trees_season1_mean_prev,0.0002714867,hb,3,2026-08-01
EVI_z_score_crops_season1_max_prev,0.00015788074,hb,3,2026-08-01
EVI_z_score_crops_season1_sum_prev,0.00055397203,hb,3,2026-08-01
EVI_z_score_crops_season1_mean_prev,0.00050282537,hb,3,2026-08-01
EVI_z_score_grass_season1_max_prev,0.0006562784,hb,3,2026-08-01
EVI_z_score_grass_season1_sum_prev,0.0037797606,hb,3,2026-08-01
EVI_z_score_grass_season1_mean_prev,0.00083211384,hb,3,2026-08-01
EVI_z_score_shrub_and_scrub_season1_max_prev,0.00057711534,hb,3,2026-08-01
EVI_z_score_shrub_and_scrub_season1_sum_prev,0.00012958384,hb,3,2026-08-01
EVI_z_score_shrub_and_scrub_season1_mean_prev,1.0201414e-05,hb,3,2026-08-01
EVI_z_score_trees_season1_max_prev,0.00081515487,hb,3,2026-08-01
EVI_z_score_trees_season1_sum_prev,0.0003460059,hb,3,2026-08-01
EVI_z_score_trees_season1_mean_prev,4.2567004e-05,hb,3,2026-08-01
bare_season1_max_prev,0.00033777222,hb,3,2026-08-01
bare_season1_sum_prev,4.4621254e-05,hb,3,2026-08-01
bare_season1_mean_prev,3.800332e-05,hb,3,2026-08-01
built_season1_max_prev,0.0010542021,hb,3,2026-08-01
built_season1_sum_prev,0.00013675375,hb,3,2026-08-01
built_season1_mean_prev,0.00027914633,hb,3,2026-08-01
crops_season1_max_prev,3.262064e-05,hb,3,2026-08-01
crops_season1_sum_prev,0.0010110157,hb,3,2026-08-01
crops_season1_mean_prev,1.5898142e-05,hb,3,2026-08-01
flooded_vegetation_season1_max_prev,0.0004092656,hb,3,2026-08-01
flooded_vegetation_season1_sum_prev,0.00033344977,hb,3,2026-08-01
flooded_vegetation_season1_mean_prev,1.8431949e-06,hb,3,2026-08-01
grass_season1_max_prev,0.0018726734,hb,3,2026-08-01
grass_season1_sum_prev,0.0006586987,hb,3,2026-08-01
grass_season1_mean_prev,0.002537081,hb,3,2026-08-01
shrub_and_scrub_season1_max_prev,0.001000689,hb,3,2026-08-01
shrub_and_scrub_season1_sum_prev,0.00010265209,hb,3,2026-08-01
shrub_and_scrub_season1_mean_prev,2.1312024e-05,hb,3,2026-08-01
trees_season1_max_prev,5.8635167e-05,hb,3,2026-08-01
trees_season1_sum_prev,0.00013694464,hb,3,2026-08-01
trees_season1_mean_prev,2.2859109e-05,hb,3,2026-08-01
water_season1_max_prev,0.00016489631,hb,3,2026-08-01
water_season1_sum_prev,9.830519e-05,hb,3,2026-08-01
water_season1_mean_prev,0.00015039313,hb,3,2026-08-01
avg_temp_z_score_season2_max_prev,7.525827e-05,hb,3,2026-08-01
avg_temp_z_score_season2_sum_prev,3.3678458e-05,hb,3,2026-08-01
avg_temp_z_score_season2_mean_prev,5.536296e-05,hb,3,2026-08-01
hot_days_z_score_season2_max_prev,0.00077397213,hb,3,2026-08-01
hot_days_z_score_season2_sum_prev,0.00020151224,hb,3,2026-08-01
hot_days_z_score_season2_mean_prev,0.00020002195,hb,3,2026-08-01
cold_days_z_score_season2_max_prev,0.0001065207,hb,3,2026-08-01
cold_days_z_score_season2_sum_prev,0.0005081558,hb,3,2026-08-01
cold_days_z_score_season2_mean_prev,0.0032226683,hb,3,2026-08-01
consec_hot_days_z_score_season2_max_prev,0.0002591415,hb,3,2026-08-01
consec_hot_days_z_score_season2_sum_prev,6.6433524e-05,hb,3,2026-08-01
consec_hot_days_z_score_season2_mean_prev,3.266861e-05,hb,3,2026-08-01
consec_cold_days_z_score_season2_max_prev,0.0,hb,3,2026-08-01
consec_cold_days_z_score_season2_sum_prev,1.8815244e-05,hb,3,2026-08-01
consec_cold_days_z_score_season2_mean_prev,0.0,hb,3,2026-08-01
precip_total_z_score_season2_max_prev,0.0001706066,hb,3,2026-08-01
precip_total_z_score_season2_sum_prev,2.144364e-05,hb,3,2026-08-01
precip_total_z_score_season2_mean_prev,5.473977e-05,hb,3,2026-08-01
wet_days_z_score_season2_max_prev,0.0011539471,hb,3,2026-08-01
wet_days_z_score_season2_sum_prev,0.0007013295,hb,3,2026-08-01
wet_days_z_score_season2_mean_prev,3.3622728e-05,hb,3,2026-08-01
dry_days_z_score_season2_max_prev,0.0002792979,hb,3,2026-08-01
dry_days_z_score_season2_sum_prev,3.0256331e-05,hb,3,2026-08-01
dry_days_z_score_season2_mean_prev,4.2343963e-05,hb,3,2026-08-01
consec_wet_days_z_score_season2_max_prev,0.00096919265,hb,3,2026-08-01
consec_wet_days_z_score_season2_sum_prev,0.00016904194,hb,3,2026-08-01
consec_wet_days_z_score_season2_mean_prev,0.00011054507,hb,3,2026-08-01
consec_dry_days_z_score_season2_max_prev,0.0005292089,hb,3,2026-08-01
consec_dry_days_z_score_season2_sum_prev,0.00025038506,hb,3,2026-08-01
consec_dry_days_z_score_season2_mean_prev,5.5887373e-05,hb,3,2026-08-01
NDVI_mean_season2_max_prev,0.00035494784,hb,3,2026-08-01
NDVI_mean_season2_sum_prev,0.0008057982,hb,3,2026-08-01
NDVI_mean_season2_mean_prev,5.147821e-05,hb,3,2026-08-01
EVI_mean_season2_max_prev,0.0006623483,hb,3,2026-08-01
EVI_mean_season2_sum_prev,2.4031868e-05,hb,3,2026-08-01
EVI_mean_season2_mean_prev,8.252231e-06,hb,3,2026-08-01
NDVI_z_score_season2_max_prev,0.0002619342,hb,3,2026-08-01
NDVI_z_score_season2_sum_prev,0.0012125529,hb,3,2026-08-01
NDVI_z_score_season2_mean_prev,0.0,hb,3,2026-08-01
EVI_z_score_season2_max_prev,9.96371e-06,hb,3,2026-08-01
EVI_z_score_season2_sum_prev,0.00016528585,hb,3,2026-08-01
EVI_z_score_season2_mean_prev,3.194627e-06,hb,3,2026-08-01
NDVI_z_score_crops_season2_max_prev,0.00047438222,hb,3,2026-08-01
NDVI_z_score_crops_season2_sum_prev,0.00028235294,hb,3,2026-08-01
NDVI_z_score_crops_season2_mean_prev,1.8424324e-05,hb,3,2026-08-01
NDVI_z_score_grass_season2_max_prev,7.6656754e-05,hb,3,2026-08-01
NDVI_z_score_grass_season2_sum_prev,0.00011078262,hb,3,2026-08-01
NDVI_z_score_grass_season2_mean_prev,0.0054541826,hb,3,2026-08-01
NDVI_z_score_shrub_and_scrub_season2_max_prev,0.000106412546,hb,3,2026-08-01
NDVI_z_score_shrub_and_scrub_season2_sum_prev,0.00021428292,hb,3,2026-08-01
NDVI_z_score_shrub_and_scrub_season2_mean_prev,3.255352e-05,hb,3,2026-08-01
NDVI_z_score_trees_season2_max_prev,0.00017090634,hb,3,2026-08-01
NDVI_z_score_trees_season2_sum_prev,5.2219104e-05,hb,3,2026-08-01
NDVI_z_score_trees_season2_mean_prev,0.00030530558,hb,3,2026-08-01
EVI_z_score_crops_season2_max_prev,0.00021746675,hb,3,2026-08-01
EVI_z_score_crops_season2_sum_prev,0.00021778191,hb,3,2026-08-01
EVI_z_score_crops_season2_mean_prev,7.706762e-05,hb,3,2026-08-01
EVI_z_score_grass_season2_max_prev,0.00088524737,hb,3,2026-08-01
EVI_z_score_grass_season2_sum_prev,0.00010768781,hb,3,2026-08-01
EVI_z_score_grass_season2_mean_prev,0.012297349,hb,3,2026-08-01
EVI_z_score_shrub_and_scrub_season2_max_prev,0.00026926093,hb,3,2026-08-01
EVI_z_score_shrub_and_scrub_season2_sum_prev,0.010562868,hb,3,2026-08-01
EVI_z_score_shrub_and_scrub_season2_mean_prev,0.00019052764,hb,3,2026-08-01
EVI_z_score_trees_season2_max_prev,3.5489706e-05,hb,3,2026-08-01
EVI_z_score_trees_season2_sum_prev,0.00025425668,hb,3,2026-08-01
EVI_z_score_trees_season2_mean_prev,0.00017867205,hb,3,2026-08-01
bare_season2_max_prev,0.00017714924,hb,3,2026-08-01
bare_season2_sum_prev,0.00080327655,hb,3,2026-08-01
bare_season2_mean_prev,0.00086288026,hb,3,2026-08-01
built_season2_max_prev,6.659733e-05,hb,3,2026-08-01
built_season2_sum_prev,0.00021017075,hb,3,2026-08-01
built_season2_mean_prev,1.03579005e-05,hb,3,2026-08-01
crops_season2_max_prev,0.00062553276,hb,3,2026-08-01
crops_season2_sum_prev,0.00013984498,hb,3,2026-08-01
crops_season2_mean_prev,0.000230874,hb,3,2026-08-01
flooded_vegetation_season2_max_prev,0.0007272751,hb,3,2026-08-01
flooded_vegetation_season2_sum_prev,0.00013384916,hb,3,2026-08-01
flooded_vegetation_season2_mean_prev,1.5183318e-05,hb,3,2026-08-01
grass_season2_max_prev,0.0002906233,hb,3,2026-08-01
grass_season2_sum_prev,0.00037832573,hb,3,2026-08-01
grass_season2_mean_prev,1.662679e-05,hb,3,2026-08-01
shrub_and_scrub_season2_max_prev,0.00029316754,hb,3,2026-08-01
shrub_and_scrub_season2_sum_prev,0.0005603697,hb,3,2026-08-01
shrub_and_scrub_season2_mean_prev,0.00023781709,hb,3,2026-08-01
trees_season2_max_prev,0.00010840248,hb,3,2026-08-01
trees_season2_sum_prev,0.00021196513,hb,3,2026-08-01
trees_season2_mean_prev,1.0321549e-05,hb,3,2026-08-01
water_season2_max_prev,0.0008878604,hb,3,2026-08-01
water_season2_sum_prev,3.6630212e-05,hb,3,2026-08-01
water_season2_mean_prev,0.0019943453,hb,3,2026-08-01
avg_temp_z_score_lag_3,0.0008615907,hb,3,2026-08-01
hot_days_z_score_lag_3,0.0003415065,hb,3,2026-08-01
cold_days_z_score_lag_3,0.00031708123,hb,3,2026-08-01
consec_hot_days_z_score_lag_3,0.00017416399,hb,3,2026-08-01
consec_cold_days_z_score_lag_3,6.0371713e-05,hb,3,2026-08-01
precip_total_z_score_lag_3,0.00017900045,hb,3,2026-08-01
wet_days_z_score_lag_3,0.00010449426,hb,3,2026-08-01
dry_days_z_score_lag_3,0.0001019016,hb,3,2026-08-01
consec_wet_days_z_score_lag_3,3.4465582e-05,hb,3,2026-08-01
consec_dry_days_z_score_lag_3,5.4912078e-05,hb,3,2026-08-01
conflict_100km_lag_3,0.00035022764,hb,3,2026-08-01
conflict_500km_lag_3,0.00037720712,hb,3,2026-08-01
fatalities_100km_lag_3,6.406745e-05,hb,3,2026-08-01
fatalities_500km_lag_3,0.00017436619,hb,3,2026-08-01
conflict_12m_100km_lag_3,0.0012958801,hb,3,2026-08-01
conflict_12m_500km_lag_3,0.00048662326,hb,3,2026-08-01
fatalities_12m_100km_lag_3,0.0002616599,hb,3,2026-08-01
fatalities_12m_500km_lag_3,0.00024153254,hb,3,2026-08-01
NDVI_mean_lag_3,0.0004656092,hb,3,2026-08-01
EVI_mean_lag_3,8.29319e-05,hb,3,2026-08-01
NDVI_z_score_lag_3,0.00038592465,hb,3,2026-08-01
EVI_z_score_lag_3,0.0001256369,hb,3,2026-08-01
NDVI_z_score_crops_lag_3,0.00037218738,hb,3,2026-08-01
NDVI_z_score_grass_lag_3,0.0001647572,hb,3,2026-08-01
NDVI_z_score_shrub_and_scrub_lag_3,0.0003258336,hb,3,2026-08-01
NDVI_z_score_trees_lag_3,0.000490404,hb,3,2026-08-01
EVI_z_score_crops_lag_3,0.0004849119,hb,3,2026-08-01
EVI_z_score_grass_lag_3,0.00015705817,hb,3,2026-08-01
EVI_z_score_shrub_and_scrub_lag_3,0.0002423188,hb,3,2026-08-01
EVI_z_score_trees_lag_3,0.0002583194,hb,3,2026-08-01
bare_lag_3,0.00017909163,hb,3,2026-08-01
built_lag_3,7.761418e-05,hb,3,2026-08-01
crops_lag_3,5.7943253e-05,hb,3,2026-08-01
flooded_vegetation_lag_3,4.965612e-05,hb,3,2026-08-01
grass_lag_3,0.00013358112,hb,3,2026-08-01
shrub_and_scrub_lag_3,0.00011403503,hb,3,2026-08-01
trees_lag_3,0.0001709631,hb,3,2026-08-01
water_lag_3,9.590886e-05,hb,3,2026-08-01
bare_delta_lag_3,0.00017851427,hb,3,2026-08-01
built_delta_lag_3,7.1852046e-05,hb,3,2026-08-01
crops_delta_lag_3,5.28278e-05,hb,3,2026-08-01
flooded_vegetation_delta_lag_3,0.00014015741,hb,3,2026-08-01
grass_delta_lag_3,5.7858644e-05,hb,3,2026-08-01
shrub_and_scrub_delta_lag_3,0.00019350667,hb,3,2026-08-01
trees_delta_lag_3,3.2479897e-05,hb,3,2026-08-01
water_delta_lag_3,4.6808425e-05,hb,3,2026-08-01
wasting_lag_3,0.00039955453,hb,3,2026-08-01
wasting_risk_lag_3,0.08034203,hb,3,2026-08-01
wasting_delta_lag_3,0.00038723054,hb,3,2026-08-01
wasting_risk_delta_lag_3,0.0060703824,hb,3,2026-08-01
wasting_sm_lag_3,0.0002323288,hb,3,2026-08-01
wasting_sm_risk_lag_3,0.76700085,hb,3,2026-08-01
avg_temp_z_score_lag_4,0.00010039283,hb,3,2026-08-01
hot_days_z_score_lag_4,0.00014177906,hb,3,2026-08-01
cold_days_z_score_lag_4,0.00012042366,hb,3,2026-08-01
consec_hot_days_z_score_lag_4,0.00022861203,hb,3,2026-08-01
consec_cold_days_z_score_lag_4,4.0018676e-05,hb,3,2026-08-01
precip_total_z_score_lag_4,5.0595136e-05,hb,3,2026-08-01
wet_days_z_score_lag_4,0.00015758765,hb,3,2026-08-01
dry_days_z_score_lag_4,3.7551443e-05,hb,3,2026-08-01
consec_wet_days_z_score_lag_4,5.0842198e-05,hb,3,2026-08-01
consec_dry_days_z_score_lag_4,4.0488663e-05,hb,3,2026-08-01
conflict_100km_lag_4,8.17718e-05,hb,3,2026-08-01
conflict_500km_lag_4,0.0001643268,hb,3,2026-08-01
fatalities_100km_lag_4,3.6199934e-05,hb,3,2026-08-01
fatalities_500km_lag_4,9.640278e-05,hb,3,2026-08-01
conflict_12m_100km_lag_4,0.00053155137,hb,3,2026-08-01
conflict_12m_500km_lag_4,9.160449e-05,hb,3,2026-08-01
fatalities_12m_100km_lag_4,0.00012880834,hb,3,2026-08-01
fatalities_12m_500km_lag_4,5.2228304e-05,hb,3,2026-08-01
NDVI_mean_lag_4,0.00012075592,hb,3,2026-08-01
EVI_mean_lag_4,0.0011422031,hb,3,2026-08-01
NDVI_z_score_lag_4,4.788202e-05,hb,3,2026-08-01
EVI_z_score_lag_4,0.00016945184,hb,3,2026-08-01
NDVI_z_score_crops_lag_4,0.00017390949,hb,3,2026-08-01
NDVI_z_score_grass_lag_4,0.00014141102,hb,3,2026-08-01
NDVI_z_score_shrub_and_scrub_lag_4,0.00032542064,hb,3,2026-08-01
NDVI_z_score_trees_lag_4,0.00031474058,hb,3,2026-08-01
EVI_z_score_crops_lag_4,5.9577367e-05,hb,3,2026-08-01
EVI_z_score_grass_lag_4,6.9191665e-05,hb,3,2026-08-01
EVI_z_score_shrub_and_scrub_lag_4,0.0002070714,hb,3,2026-08-01
EVI_z_score_trees_lag_4,0.00020845378,hb,3,2026-08-01
bare_lag_4,0.0001427099,hb,3,2026-08-01
built_lag_4,0.00038054222,hb,3,2026-08-01
crops_lag_4,8.4113504e-05,hb,3,2026-08-01
flooded_vegetation_lag_4,7.312625e-05,hb,3,2026-08-01
grass_lag_4,5.6909827e-05,hb,3,2026-08-01
shrub_and_scrub_lag_4,4.705754e-05,hb,3,2026-08-01
trees_lag_4,6.750085e-05,hb,3,2026-08-01
water_lag_4,0.00021113918,hb,3,2026-08-01
wasting_lag_4,0.00046039722,hb,3,2026-08-01
wasting_risk_lag_4,0.0067753447,hb,3,2026-08-01
wasting_sm_lag_4,0.00090567255,hb,3,2026-08-01
wasting_sm_risk_lag_4,0.0010688115,hb,3,2026-08-01
avg_temp_z_score_lag_5,0.00036978166,hb,3,2026-08-01
hot_days_z_score_lag_5,0.00037690645,hb,3,2026-08-01
cold_days_z_score_lag_5,0.00012198353,hb,3,2026-08-01
consec_hot_days_z_score_lag_5,5.657234e-05,hb,3,2026-08-01
consec_cold_days_z_score_lag_5,0.00021306449,hb,3,2026-08-01
precip_total_z_score_lag_5,0.00011539032,hb,3,2026-08-01
wet_days_z_score_lag_5,7.914978e-05,hb,3,2026-08-01
dry_days_z_score_lag_5,8.647865e-05,hb,3,2026-08-01
consec_wet_days_z_score_lag_5,7.5716474e-05,hb,3,2026-08-01
consec_dry_days_z_score_lag_5,5.9712074e-05,hb,3,2026-08-01
conflict_100km_lag_5,5.660493e-05,hb,3,2026-08-01
conflict_500km_lag_5,0.00023549763,hb,3,2026-08-01
fatalities_100km_lag_5,0.0004047996,hb,3,2026-08-01
fatalities_500km_lag_5,5.891484e-05,hb,3,2026-08-01
conflict_12m_100km_lag_5,0.00033153902,hb,3,2026-08-01
conflict_12m_500km_lag_5,0.00045191176,hb,3,2026-08-01
fatalities_12m_100km_lag_5,0.00013125011,hb,3,2026-08-01
fatalities_12m_500km_lag_5,0.00017812748,hb,3,2026-08-01
NDVI_mean_lag_5,9.058105e-05,hb,3,2026-08-01
EVI_mean_lag_5,0.000213411,hb,3,2026-08-01
NDVI_z_score_lag_5,3.7316673e-05,hb,3,2026-08-01
EVI_z_score_lag_5,6.896324e-05,hb,3,2026-08-01
NDVI_z_score_crops_lag_5,0.00024250668,hb,3,2026-08-01
NDVI_z_score_grass_lag_5,7.272857e-05,hb,3,2026-08-01
NDVI_z_score_shrub_and_scrub_lag_5,0.00021762664,hb,3,2026-08-01
NDVI_z_score_trees_lag_5,5.0909654e-05,hb,3,2026-08-01
EVI_z_score_crops_lag_5,0.00024397025,hb,3,2026-08-01
EVI_z_score_grass_lag_5,5.0295057e-05,hb,3,2026-08-01
EVI_z_score_shrub_and_scrub_lag_5,4.145642e-05,hb,3,2026-08-01
EVI_z_score_trees_lag_5,0.0002498593,hb,3,2026-08-01
bare_lag_5,0.0005775434,hb,3,2026-08-01
built_lag_5,8.428677e-05,hb,3,2026-08-01
crops_lag_5,0.00011201495,hb,3,2026-08-01
flooded_vegetation_lag_5,8.379088e-05,hb,3,2026-08-01
grass_lag_5,7.698744e-05,hb,3,2026-08-01
shrub_and_scrub_lag_5,6.9815804e-05,hb,3,2026-08-01
trees_lag_5,0.0001932789,hb,3,2026-08-01
water_lag_5,6.92764e-05,hb,3,2026-08-01
wasting_lag_5,0.00033152,hb,3,2026-08-01
wasting_risk_lag_5,0.0003167851,hb,3,2026-08-01
wasting_sm_lag_5,0.0002121045,hb,3,2026-08-01
wasting_sm_risk_lag_5,0.0001845154,hb,3,2026-08-01
