feature,importance,model,time_horizon,time_period
travel_time_to_cities_2015,0.004195856,hb,1,2026-06-01
density_2015,0.005488138,hb,1,2026-06-01
density_2020,0.0017324027,hb,1,2026-06-01
delta_2015_2020,0.0035410987,hb,1,2026-06-01
avg_temp_z_score_season1_max_prev,0.004792502,hb,1,2026-06-01
avg_temp_z_score_season1_sum_prev,0.00039394773,hb,1,2026-06-01
avg_temp_z_score_season1_mean_prev,2.6893103e-05,hb,1,2026-06-01
hot_days_z_score_season1_max_prev,0.00033410284,hb,1,2026-06-01
hot_days_z_score_season1_sum_prev,2.8326485e-05,hb,1,2026-06-01
hot_days_z_score_season1_mean_prev,0.00038507546,hb,1,2026-06-01
cold_days_z_score_season1_max_prev,0.0064707226,hb,1,2026-06-01
cold_days_z_score_season1_sum_prev,0.0,hb,1,2026-06-01
cold_days_z_score_season1_mean_prev,0.00063572766,hb,1,2026-06-01
consec_hot_days_z_score_season1_max_prev,0.00016710772,hb,1,2026-06-01
consec_hot_days_z_score_season1_sum_prev,0.00010626998,hb,1,2026-06-01
consec_hot_days_z_score_season1_mean_prev,5.885458e-06,hb,1,2026-06-01
consec_cold_days_z_score_season1_max_prev,0.00040218973,hb,1,2026-06-01
consec_cold_days_z_score_season1_sum_prev,0.0,hb,1,2026-06-01
consec_cold_days_z_score_season1_mean_prev,0.0,hb,1,2026-06-01
precip_total_z_score_season1_max_prev,0.0016316085,hb,1,2026-06-01
precip_total_z_score_season1_sum_prev,0.0002695169,hb,1,2026-06-01
precip_total_z_score_season1_mean_prev,5.9448725e-05,hb,1,2026-06-01
wet_days_z_score_season1_max_prev,0.00020593645,hb,1,2026-06-01
wet_days_z_score_season1_sum_prev,0.00035093594,hb,1,2026-06-01
wet_days_z_score_season1_mean_prev,2.5782267e-05,hb,1,2026-06-01
dry_days_z_score_season1_max_prev,0.00016549035,hb,1,2026-06-01
dry_days_z_score_season1_sum_prev,5.8482083e-06,hb,1,2026-06-01
dry_days_z_score_season1_mean_prev,6.760977e-05,hb,1,2026-06-01
consec_wet_days_z_score_season1_max_prev,4.3632175e-05,hb,1,2026-06-01
consec_wet_days_z_score_season1_sum_prev,0.00018378069,hb,1,2026-06-01
consec_wet_days_z_score_season1_mean_prev,3.340435e-05,hb,1,2026-06-01
consec_dry_days_z_score_season1_max_prev,7.322264e-05,hb,1,2026-06-01
consec_dry_days_z_score_season1_sum_prev,0.00027827642,hb,1,2026-06-01
consec_dry_days_z_score_season1_mean_prev,3.4595665e-05,hb,1,2026-06-01
NDVI_mean_season1_max_prev,0.0014382908,hb,1,2026-06-01
NDVI_mean_season1_sum_prev,7.975742e-05,hb,1,2026-06-01
NDVI_mean_season1_mean_prev,1.1901425e-05,hb,1,2026-06-01
EVI_mean_season1_max_prev,0.000339093,hb,1,2026-06-01
EVI_mean_season1_sum_prev,0.0008444126,hb,1,2026-06-01
EVI_mean_season1_mean_prev,0.00012152615,hb,1,2026-06-01
NDVI_z_score_season1_max_prev,0.0004943762,hb,1,2026-06-01
NDVI_z_score_season1_sum_prev,2.718693e-05,hb,1,2026-06-01
NDVI_z_score_season1_mean_prev,0.0,hb,1,2026-06-01
EVI_z_score_season1_max_prev,2.8268601e-05,hb,1,2026-06-01
EVI_z_score_season1_sum_prev,7.346785e-06,hb,1,2026-06-01
EVI_z_score_season1_mean_prev,0.0001146174,hb,1,2026-06-01
NDVI_z_score_crops_season1_max_prev,7.586313e-05,hb,1,2026-06-01
NDVI_z_score_crops_season1_sum_prev,7.645166e-05,hb,1,2026-06-01
NDVI_z_score_crops_season1_mean_prev,7.60038e-05,hb,1,2026-06-01
NDVI_z_score_grass_season1_max_prev,0.0028288662,hb,1,2026-06-01
NDVI_z_score_grass_season1_sum_prev,0.00018165763,hb,1,2026-06-01
NDVI_z_score_grass_season1_mean_prev,0.00016541264,hb,1,2026-06-01
NDVI_z_score_shrub_and_scrub_season1_max_prev,2.6477263e-05,hb,1,2026-06-01
NDVI_z_score_shrub_and_scrub_season1_sum_prev,3.1735148e-05,hb,1,2026-06-01
NDVI_z_score_shrub_and_scrub_season1_mean_prev,2.1450309e-05,hb,1,2026-06-01
NDVI_z_score_trees_season1_max_prev,0.0002189216,hb,1,2026-06-01
NDVI_z_score_trees_season1_sum_prev,0.0036064428,hb,1,2026-06-01
NDVI_z_score_trees_season1_mean_prev,0.00016080133,hb,1,2026-06-01
EVI_z_score_crops_season1_max_prev,0.0002318004,hb,1,2026-06-01
EVI_z_score_crops_season1_sum_prev,0.0021549682,hb,1,2026-06-01
EVI_z_score_crops_season1_mean_prev,2.7082953e-05,hb,1,2026-06-01
EVI_z_score_grass_season1_max_prev,0.0001285062,hb,1,2026-06-01
EVI_z_score_grass_season1_sum_prev,7.99152e-05,hb,1,2026-06-01
EVI_z_score_grass_season1_mean_prev,6.405786e-05,hb,1,2026-06-01
EVI_z_score_shrub_and_scrub_season1_max_prev,0.00065195037,hb,1,2026-06-01
EVI_z_score_shrub_and_scrub_season1_sum_prev,0.0003485014,hb,1,2026-06-01
EVI_z_score_shrub_and_scrub_season1_mean_prev,0.00022674572,hb,1,2026-06-01
EVI_z_score_trees_season1_max_prev,0.000115909905,hb,1,2026-06-01
EVI_z_score_trees_season1_sum_prev,0.00058185897,hb,1,2026-06-01
EVI_z_score_trees_season1_mean_prev,0.0005767225,hb,1,2026-06-01
bare_season1_max_prev,0.001081031,hb,1,2026-06-01
bare_season1_sum_prev,5.0770726e-05,hb,1,2026-06-01
bare_season1_mean_prev,7.35054e-05,hb,1,2026-06-01
built_season1_max_prev,0.00013504196,hb,1,2026-06-01
built_season1_sum_prev,3.276633e-05,hb,1,2026-06-01
built_season1_mean_prev,3.8402723e-05,hb,1,2026-06-01
crops_season1_max_prev,0.00016167671,hb,1,2026-06-01
crops_season1_sum_prev,0.00034017963,hb,1,2026-06-01
crops_season1_mean_prev,0.00014092714,hb,1,2026-06-01
flooded_vegetation_season1_max_prev,0.00019271795,hb,1,2026-06-01
flooded_vegetation_season1_sum_prev,9.526749e-06,hb,1,2026-06-01
flooded_vegetation_season1_mean_prev,0.0,hb,1,2026-06-01
grass_season1_max_prev,0.00036525098,hb,1,2026-06-01
grass_season1_sum_prev,0.0019461353,hb,1,2026-06-01
grass_season1_mean_prev,2.9626415e-05,hb,1,2026-06-01
shrub_and_scrub_season1_max_prev,0.00011792845,hb,1,2026-06-01
shrub_and_scrub_season1_sum_prev,0.0001552532,hb,1,2026-06-01
shrub_and_scrub_season1_mean_prev,9.425882e-06,hb,1,2026-06-01
trees_season1_max_prev,0.0013985909,hb,1,2026-06-01
trees_season1_sum_prev,9.0014764e-05,hb,1,2026-06-01
trees_season1_mean_prev,1.6350308e-05,hb,1,2026-06-01
water_season1_max_prev,0.0005223859,hb,1,2026-06-01
water_season1_sum_prev,0.0001969274,hb,1,2026-06-01
water_season1_mean_prev,6.372509e-05,hb,1,2026-06-01
avg_temp_z_score_season2_max_prev,0.0054046554,hb,1,2026-06-01
avg_temp_z_score_season2_sum_prev,0.00034229332,hb,1,2026-06-01
avg_temp_z_score_season2_mean_prev,0.0,hb,1,2026-06-01
hot_days_z_score_season2_max_prev,0.00012814446,hb,1,2026-06-01
hot_days_z_score_season2_sum_prev,0.00015146573,hb,1,2026-06-01
hot_days_z_score_season2_mean_prev,7.030092e-05,hb,1,2026-06-01
cold_days_z_score_season2_max_prev,0.0008815205,hb,1,2026-06-01
cold_days_z_score_season2_sum_prev,0.0016302165,hb,1,2026-06-01
cold_days_z_score_season2_mean_prev,0.0,hb,1,2026-06-01
consec_hot_days_z_score_season2_max_prev,5.9139413e-05,hb,1,2026-06-01
consec_hot_days_z_score_season2_sum_prev,0.0,hb,1,2026-06-01
consec_hot_days_z_score_season2_mean_prev,9.6867196e-05,hb,1,2026-06-01
consec_cold_days_z_score_season2_max_prev,0.0,hb,1,2026-06-01
consec_cold_days_z_score_season2_sum_prev,0.0010366543,hb,1,2026-06-01
consec_cold_days_z_score_season2_mean_prev,0.0,hb,1,2026-06-01
precip_total_z_score_season2_max_prev,0.00016062785,hb,1,2026-06-01
precip_total_z_score_season2_sum_prev,3.108468e-05,hb,1,2026-06-01
precip_total_z_score_season2_mean_prev,0.0,hb,1,2026-06-01
wet_days_z_score_season2_max_prev,0.0060061896,hb,1,2026-06-01
wet_days_z_score_season2_sum_prev,6.072385e-05,hb,1,2026-06-01
wet_days_z_score_season2_mean_prev,0.0,hb,1,2026-06-01
dry_days_z_score_season2_max_prev,0.00023388097,hb,1,2026-06-01
dry_days_z_score_season2_sum_prev,6.519873e-06,hb,1,2026-06-01
dry_days_z_score_season2_mean_prev,0.0,hb,1,2026-06-01
consec_wet_days_z_score_season2_max_prev,3.692813e-05,hb,1,2026-06-01
consec_wet_days_z_score_season2_sum_prev,3.7110196e-05,hb,1,2026-06-01
consec_wet_days_z_score_season2_mean_prev,2.2931632e-05,hb,1,2026-06-01
consec_dry_days_z_score_season2_max_prev,2.9102324e-05,hb,1,2026-06-01
consec_dry_days_z_score_season2_sum_prev,6.5945926e-05,hb,1,2026-06-01
consec_dry_days_z_score_season2_mean_prev,1.5225179e-05,hb,1,2026-06-01
NDVI_mean_season2_max_prev,9.537086e-05,hb,1,2026-06-01
NDVI_mean_season2_sum_prev,0.00020472473,hb,1,2026-06-01
NDVI_mean_season2_mean_prev,1.46967795e-05,hb,1,2026-06-01
EVI_mean_season2_max_prev,0.0005081812,hb,1,2026-06-01
EVI_mean_season2_sum_prev,1.1488626e-05,hb,1,2026-06-01
EVI_mean_season2_mean_prev,0.0,hb,1,2026-06-01
NDVI_z_score_season2_max_prev,8.681529e-05,hb,1,2026-06-01
NDVI_z_score_season2_sum_prev,0.0,hb,1,2026-06-01
NDVI_z_score_season2_mean_prev,0.0,hb,1,2026-06-01
EVI_z_score_season2_max_prev,1.0727251e-05,hb,1,2026-06-01
EVI_z_score_season2_sum_prev,4.3578308e-05,hb,1,2026-06-01
EVI_z_score_season2_mean_prev,0.0,hb,1,2026-06-01
NDVI_z_score_crops_season2_max_prev,0.0014547872,hb,1,2026-06-01
NDVI_z_score_crops_season2_sum_prev,0.00046619776,hb,1,2026-06-01
NDVI_z_score_crops_season2_mean_prev,5.040442e-05,hb,1,2026-06-01
NDVI_z_score_grass_season2_max_prev,0.0005844038,hb,1,2026-06-01
NDVI_z_score_grass_season2_sum_prev,6.5853084e-05,hb,1,2026-06-01
NDVI_z_score_grass_season2_mean_prev,2.3890034e-05,hb,1,2026-06-01
NDVI_z_score_shrub_and_scrub_season2_max_prev,0.0013206069,hb,1,2026-06-01
NDVI_z_score_shrub_and_scrub_season2_sum_prev,1.4586821e-05,hb,1,2026-06-01
NDVI_z_score_shrub_and_scrub_season2_mean_prev,4.9738705e-06,hb,1,2026-06-01
NDVI_z_score_trees_season2_max_prev,0.00010238113,hb,1,2026-06-01
NDVI_z_score_trees_season2_sum_prev,0.0004272237,hb,1,2026-06-01
NDVI_z_score_trees_season2_mean_prev,0.00064325344,hb,1,2026-06-01
EVI_z_score_crops_season2_max_prev,0.00017720302,hb,1,2026-06-01
EVI_z_score_crops_season2_sum_prev,7.9423175e-05,hb,1,2026-06-01
EVI_z_score_crops_season2_mean_prev,0.000525262,hb,1,2026-06-01
EVI_z_score_grass_season2_max_prev,0.00015899277,hb,1,2026-06-01
EVI_z_score_grass_season2_sum_prev,0.00014866797,hb,1,2026-06-01
EVI_z_score_grass_season2_mean_prev,0.00018720621,hb,1,2026-06-01
EVI_z_score_shrub_and_scrub_season2_max_prev,3.1914118e-05,hb,1,2026-06-01
EVI_z_score_shrub_and_scrub_season2_sum_prev,0.000111822046,hb,1,2026-06-01
EVI_z_score_shrub_and_scrub_season2_mean_prev,0.0001823506,hb,1,2026-06-01
EVI_z_score_trees_season2_max_prev,4.7625206e-05,hb,1,2026-06-01
EVI_z_score_trees_season2_sum_prev,8.701657e-05,hb,1,2026-06-01
EVI_z_score_trees_season2_mean_prev,1.7544386e-05,hb,1,2026-06-01
bare_season2_max_prev,0.00068411534,hb,1,2026-06-01
bare_season2_sum_prev,0.0009654231,hb,1,2026-06-01
bare_season2_mean_prev,7.95921e-05,hb,1,2026-06-01
built_season2_max_prev,5.217716e-05,hb,1,2026-06-01
built_season2_sum_prev,5.9441318e-05,hb,1,2026-06-01
built_season2_mean_prev,7.078962e-05,hb,1,2026-06-01
crops_season2_max_prev,0.0002065341,hb,1,2026-06-01
crops_season2_sum_prev,0.00019588595,hb,1,2026-06-01
crops_season2_mean_prev,2.693477e-05,hb,1,2026-06-01
flooded_vegetation_season2_max_prev,7.834113e-06,hb,1,2026-06-01
flooded_vegetation_season2_sum_prev,0.0,hb,1,2026-06-01
flooded_vegetation_season2_mean_prev,0.0,hb,1,2026-06-01
grass_season2_max_prev,4.076791e-05,hb,1,2026-06-01
grass_season2_sum_prev,3.2477234e-05,hb,1,2026-06-01
grass_season2_mean_prev,0.0,hb,1,2026-06-01
shrub_and_scrub_season2_max_prev,8.650689e-05,hb,1,2026-06-01
shrub_and_scrub_season2_sum_prev,7.1731294e-05,hb,1,2026-06-01
shrub_and_scrub_season2_mean_prev,0.00069968274,hb,1,2026-06-01
trees_season2_max_prev,4.3231375e-05,hb,1,2026-06-01
trees_season2_sum_prev,0.00012879132,hb,1,2026-06-01
trees_season2_mean_prev,0.000105011255,hb,1,2026-06-01
water_season2_max_prev,0.00046955547,hb,1,2026-06-01
water_season2_sum_prev,0.00011077495,hb,1,2026-06-01
water_season2_mean_prev,0.0,hb,1,2026-06-01
avg_temp_z_score_lag_1,0.005345185,hb,1,2026-06-01
hot_days_z_score_lag_1,0.001541927,hb,1,2026-06-01
cold_days_z_score_lag_1,0.0009034528,hb,1,2026-06-01
consec_hot_days_z_score_lag_1,0.0006060053,hb,1,2026-06-01
consec_cold_days_z_score_lag_1,0.00027444598,hb,1,2026-06-01
precip_total_z_score_lag_1,0.00061123306,hb,1,2026-06-01
wet_days_z_score_lag_1,0.00033749684,hb,1,2026-06-01
dry_days_z_score_lag_1,0.00015299846,hb,1,2026-06-01
consec_wet_days_z_score_lag_1,0.00017182862,hb,1,2026-06-01
consec_dry_days_z_score_lag_1,0.0005923975,hb,1,2026-06-01
conflict_100km_lag_1,0.0005840622,hb,1,2026-06-01
conflict_500km_lag_1,0.0003256038,hb,1,2026-06-01
fatalities_100km_lag_1,0.0020434828,hb,1,2026-06-01
fatalities_500km_lag_1,0.00020146772,hb,1,2026-06-01
conflict_12m_100km_lag_1,9.589354e-05,hb,1,2026-06-01
conflict_12m_500km_lag_1,0.00039969105,hb,1,2026-06-01
fatalities_12m_100km_lag_1,0.00015908244,hb,1,2026-06-01
fatalities_12m_500km_lag_1,9.130764e-05,hb,1,2026-06-01
NDVI_mean_lag_1,0.00017854373,hb,1,2026-06-01
EVI_mean_lag_1,0.00043854964,hb,1,2026-06-01
NDVI_z_score_lag_1,0.0012302843,hb,1,2026-06-01
EVI_z_score_lag_1,6.4656786e-05,hb,1,2026-06-01
NDVI_z_score_crops_lag_1,0.00044262884,hb,1,2026-06-01
NDVI_z_score_grass_lag_1,0.00020689466,hb,1,2026-06-01
NDVI_z_score_shrub_and_scrub_lag_1,7.298049e-05,hb,1,2026-06-01
NDVI_z_score_trees_lag_1,0.00013998676,hb,1,2026-06-01
EVI_z_score_crops_lag_1,0.00010235882,hb,1,2026-06-01
EVI_z_score_grass_lag_1,0.00029219134,hb,1,2026-06-01
EVI_z_score_shrub_and_scrub_lag_1,0.00012918332,hb,1,2026-06-01
EVI_z_score_trees_lag_1,0.0002074855,hb,1,2026-06-01
bare_lag_1,0.00023768461,hb,1,2026-06-01
built_lag_1,0.00095772126,hb,1,2026-06-01
crops_lag_1,0.00059442886,hb,1,2026-06-01
flooded_vegetation_lag_1,0.00012485236,hb,1,2026-06-01
grass_lag_1,0.0002990099,hb,1,2026-06-01
shrub_and_scrub_lag_1,0.00052468345,hb,1,2026-06-01
trees_lag_1,9.705588e-05,hb,1,2026-06-01
water_lag_1,0.0003014219,hb,1,2026-06-01
bare_delta_lag_1,0.000102102,hb,1,2026-06-01
built_delta_lag_1,0.00040895204,hb,1,2026-06-01
crops_delta_lag_1,0.00022126641,hb,1,2026-06-01
flooded_vegetation_delta_lag_1,0.000112506175,hb,1,2026-06-01
grass_delta_lag_1,0.00012167158,hb,1,2026-06-01
shrub_and_scrub_delta_lag_1,0.00025496655,hb,1,2026-06-01
trees_delta_lag_1,0.00020012575,hb,1,2026-06-01
water_delta_lag_1,0.00017139739,hb,1,2026-06-01
wasting_lag_1,0.0627894,hb,1,2026-06-01
wasting_risk_lag_1,0.00086949294,hb,1,2026-06-01
wasting_delta_lag_1,0.0015116261,hb,1,2026-06-01
wasting_risk_delta_lag_1,0.00051951746,hb,1,2026-06-01
wasting_sm_lag_1,0.78587073,hb,1,2026-06-01
wasting_sm_risk_lag_1,0.00228651,hb,1,2026-06-01
avg_temp_z_score_lag_2,0.0002811796,hb,1,2026-06-01
hot_days_z_score_lag_2,0.00023934302,hb,1,2026-06-01
cold_days_z_score_lag_2,3.825995e-05,hb,1,2026-06-01
consec_hot_days_z_score_lag_2,0.001915596,hb,1,2026-06-01
consec_cold_days_z_score_lag_2,0.00021463548,hb,1,2026-06-01
precip_total_z_score_lag_2,9.429166e-05,hb,1,2026-06-01
wet_days_z_score_lag_2,0.00077879225,hb,1,2026-06-01
dry_days_z_score_lag_2,8.0340515e-06,hb,1,2026-06-01
consec_wet_days_z_score_lag_2,0.00010617221,hb,1,2026-06-01
consec_dry_days_z_score_lag_2,9.029509e-05,hb,1,2026-06-01
conflict_100km_lag_2,0.0001883651,hb,1,2026-06-01
conflict_500km_lag_2,0.00023112592,hb,1,2026-06-01
fatalities_100km_lag_2,0.0006441732,hb,1,2026-06-01
fatalities_500km_lag_2,0.0004317193,hb,1,2026-06-01
conflict_12m_100km_lag_2,0.0005861984,hb,1,2026-06-01
conflict_12m_500km_lag_2,0.00024029848,hb,1,2026-06-01
fatalities_12m_100km_lag_2,9.0565016e-05,hb,1,2026-06-01
fatalities_12m_500km_lag_2,0.00014712033,hb,1,2026-06-01
NDVI_mean_lag_2,0.00022132746,hb,1,2026-06-01
EVI_mean_lag_2,0.00034227813,hb,1,2026-06-01
NDVI_z_score_lag_2,0.000324457,hb,1,2026-06-01
EVI_z_score_lag_2,0.00015506377,hb,1,2026-06-01
NDVI_z_score_crops_lag_2,0.00015507503,hb,1,2026-06-01
NDVI_z_score_grass_lag_2,0.0001830382,hb,1,2026-06-01
NDVI_z_score_shrub_and_scrub_lag_2,0.00021995485,hb,1,2026-06-01
NDVI_z_score_trees_lag_2,0.00067198375,hb,1,2026-06-01
EVI_z_score_crops_lag_2,0.00010004514,hb,1,2026-06-01
EVI_z_score_grass_lag_2,0.00018360217,hb,1,2026-06-01
EVI_z_score_shrub_and_scrub_lag_2,0.00017060131,hb,1,2026-06-01
EVI_z_score_trees_lag_2,0.00036424445,hb,1,2026-06-01
bare_lag_2,0.00025331596,hb,1,2026-06-01
built_lag_2,0.00027420506,hb,1,2026-06-01
crops_lag_2,0.00037047456,hb,1,2026-06-01
flooded_vegetation_lag_2,1.2637659e-05,hb,1,2026-06-01
grass_lag_2,0.00018147503,hb,1,2026-06-01
shrub_and_scrub_lag_2,0.0001320786,hb,1,2026-06-01
trees_lag_2,0.00013278253,hb,1,2026-06-01
water_lag_2,0.0001539366,hb,1,2026-06-01
bare_delta_lag_2,0.00023653005,hb,1,2026-06-01
built_delta_lag_2,0.0002639943,hb,1,2026-06-01
crops_delta_lag_2,0.00063888746,hb,1,2026-06-01
flooded_vegetation_delta_lag_2,0.0017000545,hb,1,2026-06-01
grass_delta_lag_2,3.041168e-05,hb,1,2026-06-01
shrub_and_scrub_delta_lag_2,0.00011050346,hb,1,2026-06-01
trees_delta_lag_2,5.6386172e-05,hb,1,2026-06-01
water_delta_lag_2,0.00028783013,hb,1,2026-06-01
wasting_lag_2,0.009010249,hb,1,2026-06-01
wasting_risk_lag_2,0.0009312266,hb,1,2026-06-01
wasting_delta_lag_2,0.00024147447,hb,1,2026-06-01
wasting_risk_delta_lag_2,0.00056247524,hb,1,2026-06-01
wasting_sm_lag_2,0.00012760385,hb,1,2026-06-01
wasting_sm_risk_lag_2,0.0010964785,hb,1,2026-06-01
avg_temp_z_score_lag_3,0.0001964902,hb,1,2026-06-01
hot_days_z_score_lag_3,0.00032835623,hb,1,2026-06-01
cold_days_z_score_lag_3,0.00013108125,hb,1,2026-06-01
consec_hot_days_z_score_lag_3,9.691187e-05,hb,1,2026-06-01
consec_cold_days_z_score_lag_3,0.0002726043,hb,1,2026-06-01
precip_total_z_score_lag_3,0.00011204791,hb,1,2026-06-01
wet_days_z_score_lag_3,0.00017163268,hb,1,2026-06-01
dry_days_z_score_lag_3,0.00014519418,hb,1,2026-06-01
consec_wet_days_z_score_lag_3,0.00029559358,hb,1,2026-06-01
consec_dry_days_z_score_lag_3,0.00018897989,hb,1,2026-06-01
conflict_100km_lag_3,5.6293826e-05,hb,1,2026-06-01
conflict_500km_lag_3,7.125714e-05,hb,1,2026-06-01
fatalities_100km_lag_3,0.00016480828,hb,1,2026-06-01
fatalities_500km_lag_3,9.640165e-05,hb,1,2026-06-01
conflict_12m_100km_lag_3,0.0011788283,hb,1,2026-06-01
conflict_12m_500km_lag_3,6.4352134e-05,hb,1,2026-06-01
fatalities_12m_100km_lag_3,8.637758e-05,hb,1,2026-06-01
fatalities_12m_500km_lag_3,0.00012759875,hb,1,2026-06-01
NDVI_mean_lag_3,0.00013720988,hb,1,2026-06-01
EVI_mean_lag_3,0.0010825311,hb,1,2026-06-01
NDVI_z_score_lag_3,0.00014831198,hb,1,2026-06-01
EVI_z_score_lag_3,4.715236e-05,hb,1,2026-06-01
NDVI_z_score_crops_lag_3,0.00043108893,hb,1,2026-06-01
NDVI_z_score_grass_lag_3,5.9845795e-05,hb,1,2026-06-01
NDVI_z_score_shrub_and_scrub_lag_3,5.215135e-05,hb,1,2026-06-01
NDVI_z_score_trees_lag_3,0.00014386835,hb,1,2026-06-01
EVI_z_score_crops_lag_3,0.0003448744,hb,1,2026-06-01
EVI_z_score_grass_lag_3,0.00011636421,hb,1,2026-06-01
EVI_z_score_shrub_and_scrub_lag_3,9.581416e-05,hb,1,2026-06-01
EVI_z_score_trees_lag_3,9.6049924e-05,hb,1,2026-06-01
bare_lag_3,0.00010210298,hb,1,2026-06-01
built_lag_3,0.00014018067,hb,1,2026-06-01
crops_lag_3,0.00010537309,hb,1,2026-06-01
flooded_vegetation_lag_3,0.00021268906,hb,1,2026-06-01
grass_lag_3,0.00010553795,hb,1,2026-06-01
shrub_and_scrub_lag_3,0.00016700698,hb,1,2026-06-01
trees_lag_3,0.0003941363,hb,1,2026-06-01
water_lag_3,5.92378e-05,hb,1,2026-06-01
bare_delta_lag_3,0.00011815252,hb,1,2026-06-01
built_delta_lag_3,0.00026634723,hb,1,2026-06-01
crops_delta_lag_3,8.5035026e-05,hb,1,2026-06-01
flooded_vegetation_delta_lag_3,4.9164064e-05,hb,1,2026-06-01
grass_delta_lag_3,6.7153356e-05,hb,1,2026-06-01
shrub_and_scrub_delta_lag_3,0.00011657289,hb,1,2026-06-01
trees_delta_lag_3,0.0002645286,hb,1,2026-06-01
water_delta_lag_3,0.00015339562,hb,1,2026-06-01
wasting_lag_3,0.0015726525,hb,1,2026-06-01
wasting_risk_lag_3,0.0011544724,hb,1,2026-06-01
wasting_delta_lag_3,0.00036166285,hb,1,2026-06-01
wasting_risk_delta_lag_3,0.00046709864,hb,1,2026-06-01
wasting_sm_lag_3,0.0004175626,hb,1,2026-06-01
wasting_sm_risk_lag_3,0.000334219,hb,1,2026-06-01
travel_time_to_cities_2015,0.0035735997,hb,2,2026-07-01
density_2015,0.0053988886,hb,2,2026-07-01
density_2020,0.001615181,hb,2,2026-07-01
delta_2015_2020,0.003594739,hb,2,2026-07-01
avg_temp_z_score_season1_max_prev,0.0036223144,hb,2,2026-07-01
avg_temp_z_score_season1_sum_prev,0.0008288195,hb,2,2026-07-01
avg_temp_z_score_season1_mean_prev,6.968423e-06,hb,2,2026-07-01
hot_days_z_score_season1_max_prev,0.0030622033,hb,2,2026-07-01
hot_days_z_score_season1_sum_prev,0.0030037474,hb,2,2026-07-01
hot_days_z_score_season1_mean_prev,0.018545948,hb,2,2026-07-01
cold_days_z_score_season1_max_prev,6.0116668e-06,hb,2,2026-07-01
cold_days_z_score_season1_sum_prev,5.8348423e-06,hb,2,2026-07-01
cold_days_z_score_season1_mean_prev,0.0011799914,hb,2,2026-07-01
consec_hot_days_z_score_season1_max_prev,0.00018143491,hb,2,2026-07-01
consec_hot_days_z_score_season1_sum_prev,0.00021788005,hb,2,2026-07-01
consec_hot_days_z_score_season1_mean_prev,0.0,hb,2,2026-07-01
consec_cold_days_z_score_season1_max_prev,0.0,hb,2,2026-07-01
consec_cold_days_z_score_season1_sum_prev,0.0,hb,2,2026-07-01
consec_cold_days_z_score_season1_mean_prev,0.0,hb,2,2026-07-01
precip_total_z_score_season1_max_prev,0.00040947588,hb,2,2026-07-01
precip_total_z_score_season1_sum_prev,4.720666e-05,hb,2,2026-07-01
precip_total_z_score_season1_mean_prev,1.287792e-05,hb,2,2026-07-01
wet_days_z_score_season1_max_prev,0.0010543239,hb,2,2026-07-01
wet_days_z_score_season1_sum_prev,0.0007767678,hb,2,2026-07-01
wet_days_z_score_season1_mean_prev,5.4566462e-05,hb,2,2026-07-01
dry_days_z_score_season1_max_prev,0.00016792507,hb,2,2026-07-01
dry_days_z_score_season1_sum_prev,0.0,hb,2,2026-07-01
dry_days_z_score_season1_mean_prev,0.0,hb,2,2026-07-01
consec_wet_days_z_score_season1_max_prev,0.00090307783,hb,2,2026-07-01
consec_wet_days_z_score_season1_sum_prev,0.0055088294,hb,2,2026-07-01
consec_wet_days_z_score_season1_mean_prev,1.7092136e-05,hb,2,2026-07-01
consec_dry_days_z_score_season1_max_prev,0.00020436177,hb,2,2026-07-01
consec_dry_days_z_score_season1_sum_prev,0.0017989618,hb,2,2026-07-01
consec_dry_days_z_score_season1_mean_prev,2.0853016e-05,hb,2,2026-07-01
NDVI_mean_season1_max_prev,0.0017405535,hb,2,2026-07-01
NDVI_mean_season1_sum_prev,4.2242154e-05,hb,2,2026-07-01
NDVI_mean_season1_mean_prev,3.6123267e-05,hb,2,2026-07-01
EVI_mean_season1_max_prev,0.0004426875,hb,2,2026-07-01
EVI_mean_season1_sum_prev,7.970459e-06,hb,2,2026-07-01
EVI_mean_season1_mean_prev,0.0013444562,hb,2,2026-07-01
NDVI_z_score_season1_max_prev,5.5881028e-05,hb,2,2026-07-01
NDVI_z_score_season1_sum_prev,7.8500256e-05,hb,2,2026-07-01
NDVI_z_score_season1_mean_prev,0.0,hb,2,2026-07-01
EVI_z_score_season1_max_prev,0.00034730282,hb,2,2026-07-01
EVI_z_score_season1_sum_prev,1.0162654e-05,hb,2,2026-07-01
EVI_z_score_season1_mean_prev,0.0008462299,hb,2,2026-07-01
NDVI_z_score_crops_season1_max_prev,0.00057741994,hb,2,2026-07-01
NDVI_z_score_crops_season1_sum_prev,0.0012164679,hb,2,2026-07-01
NDVI_z_score_crops_season1_mean_prev,0.00019346875,hb,2,2026-07-01
NDVI_z_score_grass_season1_max_prev,0.004080217,hb,2,2026-07-01
NDVI_z_score_grass_season1_sum_prev,0.0005849762,hb,2,2026-07-01
NDVI_z_score_grass_season1_mean_prev,0.0007641565,hb,2,2026-07-01
NDVI_z_score_shrub_and_scrub_season1_max_prev,0.00016506108,hb,2,2026-07-01
NDVI_z_score_shrub_and_scrub_season1_sum_prev,0.0005617762,hb,2,2026-07-01
NDVI_z_score_shrub_and_scrub_season1_mean_prev,0.00021547065,hb,2,2026-07-01
NDVI_z_score_trees_season1_max_prev,0.00023372092,hb,2,2026-07-01
NDVI_z_score_trees_season1_sum_prev,0.003072956,hb,2,2026-07-01
NDVI_z_score_trees_season1_mean_prev,0.00037666335,hb,2,2026-07-01
EVI_z_score_crops_season1_max_prev,0.0001813274,hb,2,2026-07-01
EVI_z_score_crops_season1_sum_prev,0.002462008,hb,2,2026-07-01
EVI_z_score_crops_season1_mean_prev,0.0,hb,2,2026-07-01
EVI_z_score_grass_season1_max_prev,0.0011436228,hb,2,2026-07-01
EVI_z_score_grass_season1_sum_prev,4.5318913e-05,hb,2,2026-07-01
EVI_z_score_grass_season1_mean_prev,0.00013449155,hb,2,2026-07-01
EVI_z_score_shrub_and_scrub_season1_max_prev,8.719246e-05,hb,2,2026-07-01
EVI_z_score_shrub_and_scrub_season1_sum_prev,0.00030596077,hb,2,2026-07-01
EVI_z_score_shrub_and_scrub_season1_mean_prev,8.926796e-05,hb,2,2026-07-01
EVI_z_score_trees_season1_max_prev,0.00016408393,hb,2,2026-07-01
EVI_z_score_trees_season1_sum_prev,0.0003650047,hb,2,2026-07-01
EVI_z_score_trees_season1_mean_prev,0.00011280449,hb,2,2026-07-01
bare_season1_max_prev,0.00032431996,hb,2,2026-07-01
bare_season1_sum_prev,0.00011172786,hb,2,2026-07-01
bare_season1_mean_prev,3.424546e-05,hb,2,2026-07-01
built_season1_max_prev,0.00019916106,hb,2,2026-07-01
built_season1_sum_prev,9.724248e-05,hb,2,2026-07-01
built_season1_mean_prev,6.091921e-05,hb,2,2026-07-01
crops_season1_max_prev,0.00033810886,hb,2,2026-07-01
crops_season1_sum_prev,7.83969e-05,hb,2,2026-07-01
crops_season1_mean_prev,0.0023059282,hb,2,2026-07-01
flooded_vegetation_season1_max_prev,0.00074261025,hb,2,2026-07-01
flooded_vegetation_season1_sum_prev,0.0,hb,2,2026-07-01
flooded_vegetation_season1_mean_prev,0.0,hb,2,2026-07-01
grass_season1_max_prev,0.0009730047,hb,2,2026-07-01
grass_season1_sum_prev,0.0026810968,hb,2,2026-07-01
grass_season1_mean_prev,2.719662e-05,hb,2,2026-07-01
shrub_and_scrub_season1_max_prev,0.0004454157,hb,2,2026-07-01
shrub_and_scrub_season1_sum_prev,0.00035905818,hb,2,2026-07-01
shrub_and_scrub_season1_mean_prev,3.085606e-05,hb,2,2026-07-01
trees_season1_max_prev,3.1913332e-05,hb,2,2026-07-01
trees_season1_sum_prev,0.00010634677,hb,2,2026-07-01
trees_season1_mean_prev,0.0,hb,2,2026-07-01
water_season1_max_prev,0.000327049,hb,2,2026-07-01
water_season1_sum_prev,0.000114631934,hb,2,2026-07-01
water_season1_mean_prev,1.3730395e-05,hb,2,2026-07-01
avg_temp_z_score_season2_max_prev,0.007448208,hb,2,2026-07-01
avg_temp_z_score_season2_sum_prev,0.0001863139,hb,2,2026-07-01
avg_temp_z_score_season2_mean_prev,2.0617827e-05,hb,2,2026-07-01
hot_days_z_score_season2_max_prev,0.0011285588,hb,2,2026-07-01
hot_days_z_score_season2_sum_prev,0.00033003232,hb,2,2026-07-01
hot_days_z_score_season2_mean_prev,0.0005027549,hb,2,2026-07-01
cold_days_z_score_season2_max_prev,0.002378701,hb,2,2026-07-01
cold_days_z_score_season2_sum_prev,0.0,hb,2,2026-07-01
cold_days_z_score_season2_mean_prev,0.0,hb,2,2026-07-01
consec_hot_days_z_score_season2_max_prev,0.00014779865,hb,2,2026-07-01
consec_hot_days_z_score_season2_sum_prev,0.00090457045,hb,2,2026-07-01
consec_hot_days_z_score_season2_mean_prev,0.0016130456,hb,2,2026-07-01
consec_cold_days_z_score_season2_max_prev,0.0,hb,2,2026-07-01
consec_cold_days_z_score_season2_sum_prev,0.0006966849,hb,2,2026-07-01
consec_cold_days_z_score_season2_mean_prev,0.0,hb,2,2026-07-01
precip_total_z_score_season2_max_prev,0.0038219658,hb,2,2026-07-01
precip_total_z_score_season2_sum_prev,1.2568397e-05,hb,2,2026-07-01
precip_total_z_score_season2_mean_prev,1.4015241e-05,hb,2,2026-07-01
wet_days_z_score_season2_max_prev,0.0017995137,hb,2,2026-07-01
wet_days_z_score_season2_sum_prev,3.848244e-05,hb,2,2026-07-01
wet_days_z_score_season2_mean_prev,0.00022757109,hb,2,2026-07-01
dry_days_z_score_season2_max_prev,2.500267e-05,hb,2,2026-07-01
dry_days_z_score_season2_sum_prev,0.0,hb,2,2026-07-01
dry_days_z_score_season2_mean_prev,7.405131e-06,hb,2,2026-07-01
consec_wet_days_z_score_season2_max_prev,6.123763e-05,hb,2,2026-07-01
consec_wet_days_z_score_season2_sum_prev,0.0002997216,hb,2,2026-07-01
consec_wet_days_z_score_season2_mean_prev,7.636846e-05,hb,2,2026-07-01
consec_dry_days_z_score_season2_max_prev,1.9145218e-05,hb,2,2026-07-01
consec_dry_days_z_score_season2_sum_prev,2.48694e-05,hb,2,2026-07-01
consec_dry_days_z_score_season2_mean_prev,4.973357e-05,hb,2,2026-07-01
NDVI_mean_season2_max_prev,0.0026941427,hb,2,2026-07-01
NDVI_mean_season2_sum_prev,6.9974085e-05,hb,2,2026-07-01
NDVI_mean_season2_mean_prev,0.0,hb,2,2026-07-01
EVI_mean_season2_max_prev,0.00030499854,hb,2,2026-07-01
EVI_mean_season2_sum_prev,0.00021435707,hb,2,2026-07-01
EVI_mean_season2_mean_prev,0.0,hb,2,2026-07-01
NDVI_z_score_season2_max_prev,5.745045e-06,hb,2,2026-07-01
NDVI_z_score_season2_sum_prev,9.21837e-05,hb,2,2026-07-01
NDVI_z_score_season2_mean_prev,0.0,hb,2,2026-07-01
EVI_z_score_season2_max_prev,4.6079436e-05,hb,2,2026-07-01
EVI_z_score_season2_sum_prev,0.0,hb,2,2026-07-01
EVI_z_score_season2_mean_prev,0.001540268,hb,2,2026-07-01
NDVI_z_score_crops_season2_max_prev,5.323843e-05,hb,2,2026-07-01
NDVI_z_score_crops_season2_sum_prev,6.833444e-05,hb,2,2026-07-01
NDVI_z_score_crops_season2_mean_prev,0.00031250733,hb,2,2026-07-01
NDVI_z_score_grass_season2_max_prev,0.00065032707,hb,2,2026-07-01
NDVI_z_score_grass_season2_sum_prev,0.00038960084,hb,2,2026-07-01
NDVI_z_score_grass_season2_mean_prev,0.00031310922,hb,2,2026-07-01
NDVI_z_score_shrub_and_scrub_season2_max_prev,0.00013743567,hb,2,2026-07-01
NDVI_z_score_shrub_and_scrub_season2_sum_prev,1.5037297e-05,hb,2,2026-07-01
NDVI_z_score_shrub_and_scrub_season2_mean_prev,4.838727e-05,hb,2,2026-07-01
NDVI_z_score_trees_season2_max_prev,0.00018643556,hb,2,2026-07-01
NDVI_z_score_trees_season2_sum_prev,8.5047875e-05,hb,2,2026-07-01
NDVI_z_score_trees_season2_mean_prev,8.082064e-05,hb,2,2026-07-01
EVI_z_score_crops_season2_max_prev,1.5561014e-05,hb,2,2026-07-01
EVI_z_score_crops_season2_sum_prev,0.00014855576,hb,2,2026-07-01
EVI_z_score_crops_season2_mean_prev,0.00017221207,hb,2,2026-07-01
EVI_z_score_grass_season2_max_prev,0.00019188877,hb,2,2026-07-01
EVI_z_score_grass_season2_sum_prev,0.00046069222,hb,2,2026-07-01
EVI_z_score_grass_season2_mean_prev,7.4032934e-05,hb,2,2026-07-01
EVI_z_score_shrub_and_scrub_season2_max_prev,3.295411e-05,hb,2,2026-07-01
EVI_z_score_shrub_and_scrub_season2_sum_prev,0.00014733228,hb,2,2026-07-01
EVI_z_score_shrub_and_scrub_season2_mean_prev,6.9522896e-05,hb,2,2026-07-01
EVI_z_score_trees_season2_max_prev,0.00041971102,hb,2,2026-07-01
EVI_z_score_trees_season2_sum_prev,9.6648684e-05,hb,2,2026-07-01
EVI_z_score_trees_season2_mean_prev,0.000111417925,hb,2,2026-07-01
bare_season2_max_prev,0.00022338757,hb,2,2026-07-01
bare_season2_sum_prev,0.00019526447,hb,2,2026-07-01
bare_season2_mean_prev,0.00011374582,hb,2,2026-07-01
built_season2_max_prev,0.00027531665,hb,2,2026-07-01
built_season2_sum_prev,0.00021122696,hb,2,2026-07-01
built_season2_mean_prev,0.0023834675,hb,2,2026-07-01
crops_season2_max_prev,0.000103956,hb,2,2026-07-01
crops_season2_sum_prev,0.0005613977,hb,2,2026-07-01
crops_season2_mean_prev,0.0,hb,2,2026-07-01
flooded_vegetation_season2_max_prev,5.8484446e-05,hb,2,2026-07-01
flooded_vegetation_season2_sum_prev,0.0,hb,2,2026-07-01
flooded_vegetation_season2_mean_prev,0.0,hb,2,2026-07-01
grass_season2_max_prev,5.059463e-05,hb,2,2026-07-01
grass_season2_sum_prev,2.7091146e-05,hb,2,2026-07-01
grass_season2_mean_prev,7.113926e-06,hb,2,2026-07-01
shrub_and_scrub_season2_max_prev,8.536225e-05,hb,2,2026-07-01
shrub_and_scrub_season2_sum_prev,0.0002608498,hb,2,2026-07-01
shrub_and_scrub_season2_mean_prev,2.3867899e-05,hb,2,2026-07-01
trees_season2_max_prev,0.00030689858,hb,2,2026-07-01
trees_season2_sum_prev,0.00021031099,hb,2,2026-07-01
trees_season2_mean_prev,0.0,hb,2,2026-07-01
water_season2_max_prev,0.0003683794,hb,2,2026-07-01
water_season2_sum_prev,3.5880574e-05,hb,2,2026-07-01
water_season2_mean_prev,0.0,hb,2,2026-07-01
avg_temp_z_score_lag_2,0.002798687,hb,2,2026-07-01
hot_days_z_score_lag_2,0.000745687,hb,2,2026-07-01
cold_days_z_score_lag_2,0.001331029,hb,2,2026-07-01
consec_hot_days_z_score_lag_2,0.00038404617,hb,2,2026-07-01
consec_cold_days_z_score_lag_2,0.00042268445,hb,2,2026-07-01
precip_total_z_score_lag_2,0.00012321823,hb,2,2026-07-01
wet_days_z_score_lag_2,4.7344598e-05,hb,2,2026-07-01
dry_days_z_score_lag_2,0.00012554463,hb,2,2026-07-01
consec_wet_days_z_score_lag_2,0.00016470741,hb,2,2026-07-01
consec_dry_days_z_score_lag_2,0.00017128218,hb,2,2026-07-01
conflict_100km_lag_2,0.0011050019,hb,2,2026-07-01
conflict_500km_lag_2,0.00047200962,hb,2,2026-07-01
fatalities_100km_lag_2,0.0054819603,hb,2,2026-07-01
fatalities_500km_lag_2,0.00022126663,hb,2,2026-07-01
conflict_12m_100km_lag_2,0.0013200372,hb,2,2026-07-01
conflict_12m_500km_lag_2,0.00025224747,hb,2,2026-07-01
fatalities_12m_100km_lag_2,0.004983763,hb,2,2026-07-01
fatalities_12m_500km_lag_2,6.2422005e-05,hb,2,2026-07-01
NDVI_mean_lag_2,0.00056085625,hb,2,2026-07-01
EVI_mean_lag_2,0.00045145105,hb,2,2026-07-01
NDVI_z_score_lag_2,0.0010308644,hb,2,2026-07-01
EVI_z_score_lag_2,0.0021295291,hb,2,2026-07-01
NDVI_z_score_crops_lag_2,0.00013199492,hb,2,2026-07-01
NDVI_z_score_grass_lag_2,0.0009214328,hb,2,2026-07-01
NDVI_z_score_shrub_and_scrub_lag_2,0.00041264924,hb,2,2026-07-01
NDVI_z_score_trees_lag_2,0.0006227556,hb,2,2026-07-01
EVI_z_score_crops_lag_2,0.00027247955,hb,2,2026-07-01
EVI_z_score_grass_lag_2,0.000727828,hb,2,2026-07-01
EVI_z_score_shrub_and_scrub_lag_2,5.143762e-05,hb,2,2026-07-01
EVI_z_score_trees_lag_2,0.00090376835,hb,2,2026-07-01
bare_lag_2,0.0003111077,hb,2,2026-07-01
built_lag_2,0.00035996304,hb,2,2026-07-01
crops_lag_2,0.0008597901,hb,2,2026-07-01
flooded_vegetation_lag_2,0.00068647345,hb,2,2026-07-01
grass_lag_2,0.0001696714,hb,2,2026-07-01
shrub_and_scrub_lag_2,0.0002559754,hb,2,2026-07-01
trees_lag_2,0.00023820522,hb,2,2026-07-01
water_lag_2,0.0003447238,hb,2,2026-07-01
bare_delta_lag_2,0.0001963829,hb,2,2026-07-01
built_delta_lag_2,0.00070985995,hb,2,2026-07-01
crops_delta_lag_2,0.00044097408,hb,2,2026-07-01
flooded_vegetation_delta_lag_2,0.00028938826,hb,2,2026-07-01
grass_delta_lag_2,0.000844777,hb,2,2026-07-01
shrub_and_scrub_delta_lag_2,0.00021559275,hb,2,2026-07-01
trees_delta_lag_2,0.0005433458,hb,2,2026-07-01
water_delta_lag_2,0.00026683047,hb,2,2026-07-01
wasting_lag_2,0.31572244,hb,2,2026-07-01
wasting_risk_lag_2,0.0018186914,hb,2,2026-07-01
wasting_delta_lag_2,0.0054677604,hb,2,2026-07-01
wasting_risk_delta_lag_2,0.0005824297,hb,2,2026-07-01
wasting_sm_lag_2,0.4379285,hb,2,2026-07-01
wasting_sm_risk_lag_2,0.012261416,hb,2,2026-07-01
avg_temp_z_score_lag_3,0.00014573161,hb,2,2026-07-01
hot_days_z_score_lag_3,7.3930576e-05,hb,2,2026-07-01
cold_days_z_score_lag_3,0.0010461092,hb,2,2026-07-01
consec_hot_days_z_score_lag_3,0.0011546803,hb,2,2026-07-01
consec_cold_days_z_score_lag_3,0.00010037338,hb,2,2026-07-01
precip_total_z_score_lag_3,4.550802e-05,hb,2,2026-07-01
wet_days_z_score_lag_3,0.0002232997,hb,2,2026-07-01
dry_days_z_score_lag_3,7.707468e-05,hb,2,2026-07-01
consec_wet_days_z_score_lag_3,0.00032093065,hb,2,2026-07-01
consec_dry_days_z_score_lag_3,0.00027259902,hb,2,2026-07-01
conflict_100km_lag_3,0.00014769594,hb,2,2026-07-01
conflict_500km_lag_3,0.0005262852,hb,2,2026-07-01
fatalities_100km_lag_3,8.681516e-05,hb,2,2026-07-01
fatalities_500km_lag_3,0.00010427831,hb,2,2026-07-01
conflict_12m_100km_lag_3,0.00094112364,hb,2,2026-07-01
conflict_12m_500km_lag_3,9.25375e-05,hb,2,2026-07-01
fatalities_12m_100km_lag_3,0.00029634833,hb,2,2026-07-01
fatalities_12m_500km_lag_3,0.00010291662,hb,2,2026-07-01
NDVI_mean_lag_3,0.0017835423,hb,2,2026-07-01
EVI_mean_lag_3,0.0027100842,hb,2,2026-07-01
NDVI_z_score_lag_3,0.00011906983,hb,2,2026-07-01
EVI_z_score_lag_3,0.00012249779,hb,2,2026-07-01
NDVI_z_score_crops_lag_3,0.00014900997,hb,2,2026-07-01
NDVI_z_score_grass_lag_3,0.00027117386,hb,2,2026-07-01
NDVI_z_score_shrub_and_scrub_lag_3,0.00023308747,hb,2,2026-07-01
NDVI_z_score_trees_lag_3,0.00066425337,hb,2,2026-07-01
EVI_z_score_crops_lag_3,0.00021641156,hb,2,2026-07-01
EVI_z_score_grass_lag_3,0.0018721223,hb,2,2026-07-01
EVI_z_score_shrub_and_scrub_lag_3,0.0001487839,hb,2,2026-07-01
EVI_z_score_trees_lag_3,7.394909e-05,hb,2,2026-07-01
bare_lag_3,0.00046673263,hb,2,2026-07-01
built_lag_3,0.00013129823,hb,2,2026-07-01
crops_lag_3,5.1626175e-05,hb,2,2026-07-01
flooded_vegetation_lag_3,0.00021626776,hb,2,2026-07-01
grass_lag_3,0.0001919839,hb,2,2026-07-01
shrub_and_scrub_lag_3,0.0003467297,hb,2,2026-07-01
trees_lag_3,0.00035764984,hb,2,2026-07-01
water_lag_3,4.9619568e-05,hb,2,2026-07-01
bare_delta_lag_3,0.00037372,hb,2,2026-07-01
built_delta_lag_3,0.00030474833,hb,2,2026-07-01
crops_delta_lag_3,0.000120122466,hb,2,2026-07-01
flooded_vegetation_delta_lag_3,0.00020984856,hb,2,2026-07-01
grass_delta_lag_3,0.00032399417,hb,2,2026-07-01
shrub_and_scrub_delta_lag_3,0.00010654888,hb,2,2026-07-01
trees_delta_lag_3,0.00017266636,hb,2,2026-07-01
water_delta_lag_3,0.0002639955,hb,2,2026-07-01
wasting_lag_3,0.011383064,hb,2,2026-07-01
wasting_risk_lag_3,0.0045641307,hb,2,2026-07-01
wasting_delta_lag_3,0.0054875147,hb,2,2026-07-01
wasting_risk_delta_lag_3,0.00043149776,hb,2,2026-07-01
wasting_sm_lag_3,0.0016240781,hb,2,2026-07-01
wasting_sm_risk_lag_3,0.0070742634,hb,2,2026-07-01
avg_temp_z_score_lag_4,0.00035972343,hb,2,2026-07-01
hot_days_z_score_lag_4,0.0010638713,hb,2,2026-07-01
cold_days_z_score_lag_4,0.00029973494,hb,2,2026-07-01
consec_hot_days_z_score_lag_4,0.0019691212,hb,2,2026-07-01
consec_cold_days_z_score_lag_4,8.499249e-06,hb,2,2026-07-01
precip_total_z_score_lag_4,8.542442e-05,hb,2,2026-07-01
wet_days_z_score_lag_4,0.00011973111,hb,2,2026-07-01
dry_days_z_score_lag_4,4.0712424e-05,hb,2,2026-07-01
consec_wet_days_z_score_lag_4,7.9829064e-05,hb,2,2026-07-01
consec_dry_days_z_score_lag_4,8.048725e-05,hb,2,2026-07-01
conflict_100km_lag_4,0.0005200963,hb,2,2026-07-01
conflict_500km_lag_4,0.0004723101,hb,2,2026-07-01
fatalities_100km_lag_4,7.1704635e-05,hb,2,2026-07-01
fatalities_500km_lag_4,9.079585e-05,hb,2,2026-07-01
conflict_12m_100km_lag_4,0.0003922623,hb,2,2026-07-01
conflict_12m_500km_lag_4,0.0001740262,hb,2,2026-07-01
fatalities_12m_100km_lag_4,0.0002606921,hb,2,2026-07-01
fatalities_12m_500km_lag_4,0.00019440085,hb,2,2026-07-01
NDVI_mean_lag_4,0.00022123873,hb,2,2026-07-01
EVI_mean_lag_4,2.7367067e-05,hb,2,2026-07-01
NDVI_z_score_lag_4,5.7177433e-05,hb,2,2026-07-01
EVI_z_score_lag_4,3.6176763e-05,hb,2,2026-07-01
NDVI_z_score_crops_lag_4,9.1095164e-05,hb,2,2026-07-01
NDVI_z_score_grass_lag_4,0.00015300192,hb,2,2026-07-01
NDVI_z_score_shrub_and_scrub_lag_4,0.00024535527,hb,2,2026-07-01
NDVI_z_score_trees_lag_4,0.0011642798,hb,2,2026-07-01
EVI_z_score_crops_lag_4,0.00015451697,hb,2,2026-07-01
EVI_z_score_grass_lag_4,2.796823e-05,hb,2,2026-07-01
EVI_z_score_shrub_and_scrub_lag_4,0.0006078313,hb,2,2026-07-01
EVI_z_score_trees_lag_4,6.8575544e-05,hb,2,2026-07-01
bare_lag_4,0.0003839773,hb,2,2026-07-01
built_lag_4,5.9372327e-05,hb,2,2026-07-01
crops_lag_4,0.00028214953,hb,2,2026-07-01
flooded_vegetation_lag_4,0.00015841296,hb,2,2026-07-01
grass_lag_4,3.4432098e-05,hb,2,2026-07-01
shrub_and_scrub_lag_4,5.1928913e-05,hb,2,2026-07-01
trees_lag_4,0.00024983025,hb,2,2026-07-01
water_lag_4,0.0007429394,hb,2,2026-07-01
wasting_lag_4,0.0023937586,hb,2,2026-07-01
wasting_risk_lag_4,0.0021074936,hb,2,2026-07-01
wasting_sm_lag_4,0.0002759044,hb,2,2026-07-01
wasting_sm_risk_lag_4,0.0029087751,hb,2,2026-07-01
travel_time_to_cities_2015,0.0034545457,hb,3,2026-08-01
density_2015,0.0033282363,hb,3,2026-08-01
density_2020,0.0012813924,hb,3,2026-08-01
delta_2015_2020,0.0021493528,hb,3,2026-08-01
avg_temp_z_score_season1_max_prev,0.0034704155,hb,3,2026-08-01
avg_temp_z_score_season1_sum_prev,4.465014e-05,hb,3,2026-08-01
avg_temp_z_score_season1_mean_prev,1.9580715e-05,hb,3,2026-08-01
hot_days_z_score_season1_max_prev,0.0005117353,hb,3,2026-08-01
hot_days_z_score_season1_sum_prev,0.007933622,hb,3,2026-08-01
hot_days_z_score_season1_mean_prev,0.01957026,hb,3,2026-08-01
cold_days_z_score_season1_max_prev,1.1081552e-05,hb,3,2026-08-01
cold_days_z_score_season1_sum_prev,0.00046291293,hb,3,2026-08-01
cold_days_z_score_season1_mean_prev,7.97512e-06,hb,3,2026-08-01
consec_hot_days_z_score_season1_max_prev,0.00029472035,hb,3,2026-08-01
consec_hot_days_z_score_season1_sum_prev,0.0005282134,hb,3,2026-08-01
consec_hot_days_z_score_season1_mean_prev,0.00010880786,hb,3,2026-08-01
consec_cold_days_z_score_season1_max_prev,2.4167355e-05,hb,3,2026-08-01
consec_cold_days_z_score_season1_sum_prev,0.0,hb,3,2026-08-01
consec_cold_days_z_score_season1_mean_prev,0.0,hb,3,2026-08-01
precip_total_z_score_season1_max_prev,0.0017952346,hb,3,2026-08-01
precip_total_z_score_season1_sum_prev,0.00013214831,hb,3,2026-08-01
precip_total_z_score_season1_mean_prev,5.2060837e-05,hb,3,2026-08-01
wet_days_z_score_season1_max_prev,0.00055410323,hb,3,2026-08-01
wet_days_z_score_season1_sum_prev,0.0007357898,hb,3,2026-08-01
wet_days_z_score_season1_mean_prev,1.6917447e-05,hb,3,2026-08-01
dry_days_z_score_season1_max_prev,8.967231e-05,hb,3,2026-08-01
dry_days_z_score_season1_sum_prev,0.0002786796,hb,3,2026-08-01
dry_days_z_score_season1_mean_prev,1.0307916e-05,hb,3,2026-08-01
consec_wet_days_z_score_season1_max_prev,0.000110605644,hb,3,2026-08-01
consec_wet_days_z_score_season1_sum_prev,0.00052625255,hb,3,2026-08-01
consec_wet_days_z_score_season1_mean_prev,7.0398987e-06,hb,3,2026-08-01
consec_dry_days_z_score_season1_max_prev,0.0062622903,hb,3,2026-08-01
consec_dry_days_z_score_season1_sum_prev,0.00073371007,hb,3,2026-08-01
consec_dry_days_z_score_season1_mean_prev,0.0009947746,hb,3,2026-08-01
NDVI_mean_season1_max_prev,0.0003827373,hb,3,2026-08-01
NDVI_mean_season1_sum_prev,5.0041133e-05,hb,3,2026-08-01
NDVI_mean_season1_mean_prev,0.00042160714,hb,3,2026-08-01
EVI_mean_season1_max_prev,3.131326e-05,hb,3,2026-08-01
EVI_mean_season1_sum_prev,0.00017625757,hb,3,2026-08-01
EVI_mean_season1_mean_prev,6.9392205e-05,hb,3,2026-08-01
NDVI_z_score_season1_max_prev,4.5719124e-05,hb,3,2026-08-01
NDVI_z_score_season1_sum_prev,0.0,hb,3,2026-08-01
NDVI_z_score_season1_mean_prev,0.0,hb,3,2026-08-01
EVI_z_score_season1_max_prev,4.7669632e-06,hb,3,2026-08-01
EVI_z_score_season1_sum_prev,2.579975e-05,hb,3,2026-08-01
EVI_z_score_season1_mean_prev,7.93788e-06,hb,3,2026-08-01
NDVI_z_score_crops_season1_max_prev,0.002977387,hb,3,2026-08-01
NDVI_z_score_crops_season1_sum_prev,0.023377113,hb,3,2026-08-01
NDVI_z_score_crops_season1_mean_prev,1.857576e-05,hb,3,2026-08-01
NDVI_z_score_grass_season1_max_prev,0.0012149476,hb,3,2026-08-01
NDVI_z_score_grass_season1_sum_prev,2.070513e-05,hb,3,2026-08-01
NDVI_z_score_grass_season1_mean_prev,0.00067634665,hb,3,2026-08-01
NDVI_z_score_shrub_and_scrub_season1_max_prev,4.6208428e-05,hb,3,2026-08-01
NDVI_z_score_shrub_and_scrub_season1_sum_prev,0.00013593269,hb,3,2026-08-01
NDVI_z_score_shrub_and_scrub_season1_mean_prev,2.9132005e-05,hb,3,2026-08-01
NDVI_z_score_trees_season1_max_prev,0.00013711589,hb,3,2026-08-01
NDVI_z_score_trees_season1_sum_prev,0.0039268667,hb,3,2026-08-01
NDVI_z_score_trees_season1_mean_prev,0.08042733,hb,3,2026-08-01
EVI_z_score_crops_season1_max_prev,8.7582586e-05,hb,3,2026-08-01
EVI_z_score_crops_season1_sum_prev,0.0011839621,hb,3,2026-08-01
EVI_z_score_crops_season1_mean_prev,2.2462651e-05,hb,3,2026-08-01
EVI_z_score_grass_season1_max_prev,0.00097359816,hb,3,2026-08-01
EVI_z_score_grass_season1_sum_prev,0.00013033186,hb,3,2026-08-01
EVI_z_score_grass_season1_mean_prev,5.6928613e-05,hb,3,2026-08-01
EVI_z_score_shrub_and_scrub_season1_max_prev,0.0005331261,hb,3,2026-08-01
EVI_z_score_shrub_and_scrub_season1_sum_prev,0.0003570081,hb,3,2026-08-01
EVI_z_score_shrub_and_scrub_season1_mean_prev,0.00085790036,hb,3,2026-08-01
EVI_z_score_trees_season1_max_prev,5.246598e-05,hb,3,2026-08-01
EVI_z_score_trees_season1_sum_prev,0.0006593988,hb,3,2026-08-01
EVI_z_score_trees_season1_mean_prev,3.4247332e-05,hb,3,2026-08-01
bare_season1_max_prev,0.0018717622,hb,3,2026-08-01
bare_season1_sum_prev,7.6064076e-05,hb,3,2026-08-01
bare_season1_mean_prev,6.189166e-06,hb,3,2026-08-01
built_season1_max_prev,0.0004206369,hb,3,2026-08-01
built_season1_sum_prev,8.558146e-05,hb,3,2026-08-01
built_season1_mean_prev,6.746333e-05,hb,3,2026-08-01
crops_season1_max_prev,0.00024949602,hb,3,2026-08-01
crops_season1_sum_prev,0.00041588486,hb,3,2026-08-01
crops_season1_mean_prev,9.05947e-06,hb,3,2026-08-01
flooded_vegetation_season1_max_prev,0.00032817633,hb,3,2026-08-01
flooded_vegetation_season1_sum_prev,3.9280967e-05,hb,3,2026-08-01
flooded_vegetation_season1_mean_prev,0.0,hb,3,2026-08-01
grass_season1_max_prev,0.00014298753,hb,3,2026-08-01
grass_season1_sum_prev,4.276444e-05,hb,3,2026-08-01
grass_season1_mean_prev,1.01184005e-05,hb,3,2026-08-01
shrub_and_scrub_season1_max_prev,0.00034778495,hb,3,2026-08-01
shrub_and_scrub_season1_sum_prev,6.707771e-05,hb,3,2026-08-01
shrub_and_scrub_season1_mean_prev,6.778469e-05,hb,3,2026-08-01
trees_season1_max_prev,5.148232e-05,hb,3,2026-08-01
trees_season1_sum_prev,0.00030422586,hb,3,2026-08-01
trees_season1_mean_prev,1.8957444e-05,hb,3,2026-08-01
water_season1_max_prev,0.001973415,hb,3,2026-08-01
water_season1_sum_prev,3.263718e-05,hb,3,2026-08-01
water_season1_mean_prev,1.5493917e-05,hb,3,2026-08-01
avg_temp_z_score_season2_max_prev,0.0080155255,hb,3,2026-08-01
avg_temp_z_score_season2_sum_prev,0.015812065,hb,3,2026-08-01
avg_temp_z_score_season2_mean_prev,4.4064614e-05,hb,3,2026-08-01
hot_days_z_score_season2_max_prev,0.00076264516,hb,3,2026-08-01
hot_days_z_score_season2_sum_prev,0.0012313859,hb,3,2026-08-01
hot_days_z_score_season2_mean_prev,0.00086864736,hb,3,2026-08-01
cold_days_z_score_season2_max_prev,0.00062467135,hb,3,2026-08-01
cold_days_z_score_season2_sum_prev,0.0011054536,hb,3,2026-08-01
cold_days_z_score_season2_mean_prev,1.0301161e-05,hb,3,2026-08-01
consec_hot_days_z_score_season2_max_prev,4.678404e-05,hb,3,2026-08-01
consec_hot_days_z_score_season2_sum_prev,0.0009521292,hb,3,2026-08-01
consec_hot_days_z_score_season2_mean_prev,9.6753436e-05,hb,3,2026-08-01
consec_cold_days_z_score_season2_max_prev,0.0,hb,3,2026-08-01
consec_cold_days_z_score_season2_sum_prev,0.0022026717,hb,3,2026-08-01
consec_cold_days_z_score_season2_mean_prev,0.0,hb,3,2026-08-01
precip_total_z_score_season2_max_prev,0.001568875,hb,3,2026-08-01
precip_total_z_score_season2_sum_prev,0.00017045434,hb,3,2026-08-01
precip_total_z_score_season2_mean_prev,0.0036745716,hb,3,2026-08-01
wet_days_z_score_season2_max_prev,0.0014811631,hb,3,2026-08-01
wet_days_z_score_season2_sum_prev,0.0016200738,hb,3,2026-08-01
wet_days_z_score_season2_mean_prev,0.0002401469,hb,3,2026-08-01
dry_days_z_score_season2_max_prev,0.0004392989,hb,3,2026-08-01
dry_days_z_score_season2_sum_prev,0.0,hb,3,2026-08-01
dry_days_z_score_season2_mean_prev,0.0,hb,3,2026-08-01
consec_wet_days_z_score_season2_max_prev,0.00020082814,hb,3,2026-08-01
consec_wet_days_z_score_season2_sum_prev,0.0005706446,hb,3,2026-08-01
consec_wet_days_z_score_season2_mean_prev,0.00011557644,hb,3,2026-08-01
consec_dry_days_z_score_season2_max_prev,0.007868065,hb,3,2026-08-01
consec_dry_days_z_score_season2_sum_prev,3.4281515e-05,hb,3,2026-08-01
consec_dry_days_z_score_season2_mean_prev,2.125322e-05,hb,3,2026-08-01
NDVI_mean_season2_max_prev,7.2085655e-05,hb,3,2026-08-01
NDVI_mean_season2_sum_prev,0.00042052963,hb,3,2026-08-01
NDVI_mean_season2_mean_prev,4.0403866e-06,hb,3,2026-08-01
EVI_mean_season2_max_prev,5.304354e-05,hb,3,2026-08-01
EVI_mean_season2_sum_prev,1.0635662e-05,hb,3,2026-08-01
EVI_mean_season2_mean_prev,0.0,hb,3,2026-08-01
NDVI_z_score_season2_max_prev,0.00050594757,hb,3,2026-08-01
NDVI_z_score_season2_sum_prev,2.1957761e-05,hb,3,2026-08-01
NDVI_z_score_season2_mean_prev,0.0,hb,3,2026-08-01
EVI_z_score_season2_max_prev,2.1387868e-05,hb,3,2026-08-01
EVI_z_score_season2_sum_prev,1.1099807e-05,hb,3,2026-08-01
EVI_z_score_season2_mean_prev,7.9484256e-05,hb,3,2026-08-01
NDVI_z_score_crops_season2_max_prev,9.085737e-05,hb,3,2026-08-01
NDVI_z_score_crops_season2_sum_prev,0.00010944713,hb,3,2026-08-01
NDVI_z_score_crops_season2_mean_prev,0.0012390873,hb,3,2026-08-01
NDVI_z_score_grass_season2_max_prev,0.0056508626,hb,3,2026-08-01
NDVI_z_score_grass_season2_sum_prev,2.510846e-05,hb,3,2026-08-01
NDVI_z_score_grass_season2_mean_prev,0.0026831462,hb,3,2026-08-01
NDVI_z_score_shrub_and_scrub_season2_max_prev,3.9978415e-05,hb,3,2026-08-01
NDVI_z_score_shrub_and_scrub_season2_sum_prev,5.5025946e-05,hb,3,2026-08-01
NDVI_z_score_shrub_and_scrub_season2_mean_prev,7.0858537e-06,hb,3,2026-08-01
NDVI_z_score_trees_season2_max_prev,0.0003942462,hb,3,2026-08-01
NDVI_z_score_trees_season2_sum_prev,7.6748925e-05,hb,3,2026-08-01
NDVI_z_score_trees_season2_mean_prev,0.00072703947,hb,3,2026-08-01
EVI_z_score_crops_season2_max_prev,0.00012422806,hb,3,2026-08-01
EVI_z_score_crops_season2_sum_prev,2.8253851e-05,hb,3,2026-08-01
EVI_z_score_crops_season2_mean_prev,0.00035462985,hb,3,2026-08-01
EVI_z_score_grass_season2_max_prev,0.00048466687,hb,3,2026-08-01
EVI_z_score_grass_season2_sum_prev,4.1247116e-05,hb,3,2026-08-01
EVI_z_score_grass_season2_mean_prev,2.1505255e-05,hb,3,2026-08-01
EVI_z_score_shrub_and_scrub_season2_max_prev,1.0069838e-05,hb,3,2026-08-01
EVI_z_score_shrub_and_scrub_season2_sum_prev,1.8627594e-05,hb,3,2026-08-01
EVI_z_score_shrub_and_scrub_season2_mean_prev,0.0048682946,hb,3,2026-08-01
EVI_z_score_trees_season2_max_prev,0.0010352542,hb,3,2026-08-01
EVI_z_score_trees_season2_sum_prev,8.1311846e-05,hb,3,2026-08-01
EVI_z_score_trees_season2_mean_prev,4.322064e-05,hb,3,2026-08-01
bare_season2_max_prev,0.00073172717,hb,3,2026-08-01
bare_season2_sum_prev,6.2674066e-05,hb,3,2026-08-01
bare_season2_mean_prev,0.00020759254,hb,3,2026-08-01
built_season2_max_prev,0.0035805968,hb,3,2026-08-01
built_season2_sum_prev,0.0007137231,hb,3,2026-08-01
built_season2_mean_prev,0.00066098565,hb,3,2026-08-01
crops_season2_max_prev,0.00019444426,hb,3,2026-08-01
crops_season2_sum_prev,0.00017052036,hb,3,2026-08-01
crops_season2_mean_prev,1.105701e-05,hb,3,2026-08-01
flooded_vegetation_season2_max_prev,6.0109414e-05,hb,3,2026-08-01
flooded_vegetation_season2_sum_prev,0.00017082153,hb,3,2026-08-01
flooded_vegetation_season2_mean_prev,0.0,hb,3,2026-08-01
grass_season2_max_prev,0.00031841372,hb,3,2026-08-01
grass_season2_sum_prev,0.00012370071,hb,3,2026-08-01
grass_season2_mean_prev,0.0,hb,3,2026-08-01
shrub_and_scrub_season2_max_prev,6.3569e-05,hb,3,2026-08-01
shrub_and_scrub_season2_sum_prev,0.00030589988,hb,3,2026-08-01
shrub_and_scrub_season2_mean_prev,0.00023130413,hb,3,2026-08-01
trees_season2_max_prev,0.020116441,hb,3,2026-08-01
trees_season2_sum_prev,0.00013910797,hb,3,2026-08-01
trees_season2_mean_prev,1.74617e-05,hb,3,2026-08-01
water_season2_max_prev,0.00043380552,hb,3,2026-08-01
water_season2_sum_prev,0.00091567327,hb,3,2026-08-01
water_season2_mean_prev,5.799717e-05,hb,3,2026-08-01
avg_temp_z_score_lag_3,0.00315573,hb,3,2026-08-01
hot_days_z_score_lag_3,0.00032942204,hb,3,2026-08-01
cold_days_z_score_lag_3,0.0008695262,hb,3,2026-08-01
consec_hot_days_z_score_lag_3,0.00051210675,hb,3,2026-08-01
consec_cold_days_z_score_lag_3,0.001916882,hb,3,2026-08-01
precip_total_z_score_lag_3,0.00033639607,hb,3,2026-08-01
wet_days_z_score_lag_3,5.2496296e-05,hb,3,2026-08-01
dry_days_z_score_lag_3,0.00012146803,hb,3,2026-08-01
consec_wet_days_z_score_lag_3,0.00012353002,hb,3,2026-08-01
consec_dry_days_z_score_lag_3,0.00011543826,hb,3,2026-08-01
conflict_100km_lag_3,0.002179811,hb,3,2026-08-01
conflict_500km_lag_3,0.00047378681,hb,3,2026-08-01
fatalities_100km_lag_3,0.0034676031,hb,3,2026-08-01
fatalities_500km_lag_3,0.00029468237,hb,3,2026-08-01
conflict_12m_100km_lag_3,0.00032033792,hb,3,2026-08-01
conflict_12m_500km_lag_3,0.00021251978,hb,3,2026-08-01
fatalities_12m_100km_lag_3,0.004170708,hb,3,2026-08-01
fatalities_12m_500km_lag_3,0.0036962284,hb,3,2026-08-01
NDVI_mean_lag_3,0.0012725233,hb,3,2026-08-01
EVI_mean_lag_3,0.00025418852,hb,3,2026-08-01
NDVI_z_score_lag_3,0.0012257765,hb,3,2026-08-01
EVI_z_score_lag_3,6.57387e-05,hb,3,2026-08-01
NDVI_z_score_crops_lag_3,6.8111156e-05,hb,3,2026-08-01
NDVI_z_score_grass_lag_3,0.0032618884,hb,3,2026-08-01
NDVI_z_score_shrub_and_scrub_lag_3,0.00016362593,hb,3,2026-08-01
NDVI_z_score_trees_lag_3,0.00048657547,hb,3,2026-08-01
EVI_z_score_crops_lag_3,0.00064233446,hb,3,2026-08-01
EVI_z_score_grass_lag_3,0.0013847977,hb,3,2026-08-01
EVI_z_score_shrub_and_scrub_lag_3,0.0012713979,hb,3,2026-08-01
EVI_z_score_trees_lag_3,0.00017843563,hb,3,2026-08-01
bare_lag_3,0.00024956564,hb,3,2026-08-01
built_lag_3,0.00013925202,hb,3,2026-08-01
crops_lag_3,0.00074556656,hb,3,2026-08-01
flooded_vegetation_lag_3,0.0005069569,hb,3,2026-08-01
grass_lag_3,0.00017853663,hb,3,2026-08-01
shrub_and_scrub_lag_3,9.9391e-05,hb,3,2026-08-01
trees_lag_3,0.00015034908,hb,3,2026-08-01
water_lag_3,0.00020769608,hb,3,2026-08-01
bare_delta_lag_3,0.00087050936,hb,3,2026-08-01
built_delta_lag_3,0.00071133114,hb,3,2026-08-01
crops_delta_lag_3,0.00019992806,hb,3,2026-08-01
flooded_vegetation_delta_lag_3,0.00067240663,hb,3,2026-08-01
grass_delta_lag_3,0.00017307544,hb,3,2026-08-01
shrub_and_scrub_delta_lag_3,0.00023639509,hb,3,2026-08-01
trees_delta_lag_3,0.00019241645,hb,3,2026-08-01
water_delta_lag_3,9.185131e-05,hb,3,2026-08-01
wasting_lag_3,0.41970703,hb,3,2026-08-01
wasting_risk_lag_3,0.0022445868,hb,3,2026-08-01
wasting_delta_lag_3,0.009299018,hb,3,2026-08-01
wasting_risk_delta_lag_3,0.0006373257,hb,3,2026-08-01
wasting_sm_lag_3,0.10735414,hb,3,2026-08-01
wasting_sm_risk_lag_3,0.034753874,hb,3,2026-08-01
avg_temp_z_score_lag_4,0.0013651153,hb,3,2026-08-01
hot_days_z_score_lag_4,0.00035650263,hb,3,2026-08-01
cold_days_z_score_lag_4,0.00012027734,hb,3,2026-08-01
consec_hot_days_z_score_lag_4,0.004544048,hb,3,2026-08-01
consec_cold_days_z_score_lag_4,0.0011587152,hb,3,2026-08-01
precip_total_z_score_lag_4,0.00031884748,hb,3,2026-08-01
wet_days_z_score_lag_4,0.00025925366,hb,3,2026-08-01
dry_days_z_score_lag_4,3.3367272e-05,hb,3,2026-08-01
consec_wet_days_z_score_lag_4,7.032118e-05,hb,3,2026-08-01
consec_dry_days_z_score_lag_4,0.00049786473,hb,3,2026-08-01
conflict_100km_lag_4,0.0040278616,hb,3,2026-08-01
conflict_500km_lag_4,0.000689221,hb,3,2026-08-01
fatalities_100km_lag_4,9.200868e-05,hb,3,2026-08-01
fatalities_500km_lag_4,0.00011156467,hb,3,2026-08-01
conflict_12m_100km_lag_4,0.00023755369,hb,3,2026-08-01
conflict_12m_500km_lag_4,0.00019600496,hb,3,2026-08-01
fatalities_12m_100km_lag_4,0.00018395466,hb,3,2026-08-01
fatalities_12m_500km_lag_4,0.0016460442,hb,3,2026-08-01
NDVI_mean_lag_4,0.0007351625,hb,3,2026-08-01
EVI_mean_lag_4,0.00013065651,hb,3,2026-08-01
NDVI_z_score_lag_4,0.0050410843,hb,3,2026-08-01
EVI_z_score_lag_4,0.0012503711,hb,3,2026-08-01
NDVI_z_score_crops_lag_4,0.00016312806,hb,3,2026-08-01
NDVI_z_score_grass_lag_4,5.6181547e-05,hb,3,2026-08-01
NDVI_z_score_shrub_and_scrub_lag_4,0.0009890874,hb,3,2026-08-01
NDVI_z_score_trees_lag_4,0.0029081812,hb,3,2026-08-01
EVI_z_score_crops_lag_4,5.9713988e-05,hb,3,2026-08-01
EVI_z_score_grass_lag_4,0.00013781665,hb,3,2026-08-01
EVI_z_score_shrub_and_scrub_lag_4,0.000101045414,hb,3,2026-08-01
EVI_z_score_trees_lag_4,3.9729453e-05,hb,3,2026-08-01
bare_lag_4,0.0004215229,hb,3,2026-08-01
built_lag_4,0.0005854386,hb,3,2026-08-01
crops_lag_4,0.00047610787,hb,3,2026-08-01
flooded_vegetation_lag_4,0.0010440915,hb,3,2026-08-01
grass_lag_4,3.245394e-05,hb,3,2026-08-01
shrub_and_scrub_lag_4,0.00022373401,hb,3,2026-08-01
trees_lag_4,4.136255e-05,hb,3,2026-08-01
water_lag_4,0.00039304027,hb,3,2026-08-01
wasting_lag_4,0.019965632,hb,3,2026-08-01
wasting_risk_lag_4,0.001385326,hb,3,2026-08-01
wasting_sm_lag_4,0.0023233732,hb,3,2026-08-01
wasting_sm_risk_lag_4,0.011995817,hb,3,2026-08-01
avg_temp_z_score_lag_5,5.6505363e-05,hb,3,2026-08-01
hot_days_z_score_lag_5,0.00033345286,hb,3,2026-08-01
cold_days_z_score_lag_5,0.0004714807,hb,3,2026-08-01
consec_hot_days_z_score_lag_5,0.0007305238,hb,3,2026-08-01
consec_cold_days_z_score_lag_5,0.001039442,hb,3,2026-08-01
precip_total_z_score_lag_5,0.00013098402,hb,3,2026-08-01
wet_days_z_score_lag_5,0.000922364,hb,3,2026-08-01
dry_days_z_score_lag_5,4.9416944e-05,hb,3,2026-08-01
consec_wet_days_z_score_lag_5,0.00012105644,hb,3,2026-08-01
consec_dry_days_z_score_lag_5,9.8551354e-05,hb,3,2026-08-01
conflict_100km_lag_5,0.00028838476,hb,3,2026-08-01
conflict_500km_lag_5,7.6904944e-05,hb,3,2026-08-01
fatalities_100km_lag_5,8.863437e-05,hb,3,2026-08-01
fatalities_500km_lag_5,0.00015440932,hb,3,2026-08-01
conflict_12m_100km_lag_5,0.0014731523,hb,3,2026-08-01
conflict_12m_500km_lag_5,0.00023929724,hb,3,2026-08-01
fatalities_12m_100km_lag_5,0.0009877379,hb,3,2026-08-01
fatalities_12m_500km_lag_5,4.9164028e-05,hb,3,2026-08-01
NDVI_mean_lag_5,0.0010776867,hb,3,2026-08-01
EVI_mean_lag_5,5.3587482e-05,hb,3,2026-08-01
NDVI_z_score_lag_5,0.00010464035,hb,3,2026-08-01
EVI_z_score_lag_5,9.002197e-05,hb,3,2026-08-01
NDVI_z_score_crops_lag_5,0.0012859533,hb,3,2026-08-01
NDVI_z_score_grass_lag_5,4.5277433e-05,hb,3,2026-08-01
NDVI_z_score_shrub_and_scrub_lag_5,0.00081932865,hb,3,2026-08-01
NDVI_z_score_trees_lag_5,0.0002764861,hb,3,2026-08-01
EVI_z_score_crops_lag_5,0.000100396726,hb,3,2026-08-01
EVI_z_score_grass_lag_5,0.0002594455,hb,3,2026-08-01
EVI_z_score_shrub_and_scrub_lag_5,0.0003390916,hb,3,2026-08-01
EVI_z_score_trees_lag_5,0.00019334494,hb,3,2026-08-01
bare_lag_5,0.00033073715,hb,3,2026-08-01
built_lag_5,0.00023087524,hb,3,2026-08-01
crops_lag_5,0.00048479048,hb,3,2026-08-01
flooded_vegetation_lag_5,0.0001741294,hb,3,2026-08-01
grass_lag_5,0.00016323198,hb,3,2026-08-01
shrub_and_scrub_lag_5,0.00023274598,hb,3,2026-08-01
trees_lag_5,0.00014296726,hb,3,2026-08-01
water_lag_5,4.9844e-05,hb,3,2026-08-01
wasting_lag_5,0.0020473204,hb,3,2026-08-01
wasting_risk_lag_5,0.0062123653,hb,3,2026-08-01
wasting_sm_lag_5,0.0008890513,hb,3,2026-08-01
wasting_sm_risk_lag_5,0.018857317,hb,3,2026-08-01
                                                                                                                                                                                                                                                                                                                                                                                                                                                                                                                                                                                                                                                                                                                                                                    travel_time_to_cities_2015,0.0031460517,hb,1,2026-06-01
density_2015,0.0059566223,hb,1,2026-06-01
density_2020,0.0020339603,hb,1,2026-06-01
delta_2015_2020,0.0033510735,hb,1,2026-06-01
avg_temp_z_score_season1_max_prev,0.0034194845,hb,1,2026-06-01
avg_temp_z_score_season1_sum_prev,0.00043283924,hb,1,2026-06-01
avg_temp_z_score_season1_mean_prev,2.1919246e-05,hb,1,2026-06-01
hot_days_z_score_season1_max_prev,0.00029348876,hb,1,2026-06-01
hot_days_z_score_season1_sum_prev,5.956577e-05,hb,1,2026-06-01
hot_days_z_score_season1_mean_prev,2.9916462e-05,hb,1,2026-06-01
cold_days_z_score_season1_max_prev,0.0037227906,hb,1,2026-06-01
cold_days_z_score_season1_sum_prev,6.6176967e-06,hb,1,2026-06-01
cold_days_z_score_season1_mean_prev,0.0013604064,hb,1,2026-06-01
consec_hot_days_z_score_season1_max_prev,0.00020277048,hb,1,2026-06-01
consec_hot_days_z_score_season1_sum_prev,0.00013350674,hb,1,2026-06-01
consec_hot_days_z_score_season1_mean_prev,0.0019493172,hb,1,2026-06-01
consec_cold_days_z_score_season1_max_prev,0.0,hb,1,2026-06-01
consec_cold_days_z_score_season1_sum_prev,0.0,hb,1,2026-06-01
consec_cold_days_z_score_season1_mean_prev,0.0,hb,1,2026-06-01
precip_total_z_score_season1_max_prev,0.00017050284,hb,1,2026-06-01
precip_total_z_score_season1_sum_prev,0.0003158645,hb,1,2026-06-01
precip_total_z_score_season1_mean_prev,5.121107e-05,hb,1,2026-06-01
wet_days_z_score_season1_max_prev,0.0002279388,hb,1,2026-06-01
wet_days_z_score_season1_sum_prev,0.00029553587,hb,1,2026-06-01
wet_days_z_score_season1_mean_prev,5.2930503e-05,hb,1,2026-06-01
dry_days_z_score_season1_max_prev,0.0006298148,hb,1,2026-06-01
dry_days_z_score_season1_sum_prev,0.0,hb,1,2026-06-01
dry_days_z_score_season1_mean_prev,0.0,hb,1,2026-06-01
consec_wet_days_z_score_season1_max_prev,7.898516e-05,hb,1,2026-06-01
consec_wet_days_z_score_season1_sum_prev,3.328842e-05,hb,1,2026-06-01
consec_wet_days_z_score_season1_mean_prev,6.405951e-05,hb,1,2026-06-01
consec_dry_days_z_score_season1_max_prev,6.434459e-05,hb,1,2026-06-01
consec_dry_days_z_score_season1_sum_prev,8.5634645e-05,hb,1,2026-06-01
consec_dry_days_z_score_season1_mean_prev,1.875705e-05,hb,1,2026-06-01
NDVI_mean_season1_max_prev,0.00021772987,hb,1,2026-06-01
NDVI_mean_season1_sum_prev,0.0002950293,hb,1,2026-06-01
NDVI_mean_season1_mean_prev,0.0004025579,hb,1,2026-06-01
EVI_mean_season1_max_prev,2.9512601e-05,hb,1,2026-06-01
EVI_mean_season1_sum_prev,0.0027116481,hb,1,2026-06-01
EVI_mean_season1_mean_prev,0.00040123914,hb,1,2026-06-01
NDVI_z_score_season1_max_prev,0.0002445676,hb,1,2026-06-01
NDVI_z_score_season1_sum_prev,2.933804e-05,hb,1,2026-06-01
NDVI_z_score_season1_mean_prev,1.27970625e-05,hb,1,2026-06-01
EVI_z_score_season1_max_prev,1.460808e-05,hb,1,2026-06-01
EVI_z_score_season1_sum_prev,1.107576e-05,hb,1,2026-06-01
EVI_z_score_season1_mean_prev,0.0,hb,1,2026-06-01
NDVI_z_score_crops_season1_max_prev,0.00010793042,hb,1,2026-06-01
NDVI_z_score_crops_season1_sum_prev,8.619989e-05,hb,1,2026-06-01
NDVI_z_score_crops_season1_mean_prev,1.4633572e-05,hb,1,2026-06-01
NDVI_z_score_grass_season1_max_prev,0.0053289593,hb,1,2026-06-01
NDVI_z_score_grass_season1_sum_prev,0.00020415205,hb,1,2026-06-01
NDVI_z_score_grass_season1_mean_prev,0.00010159921,hb,1,2026-06-01
NDVI_z_score_shrub_and_scrub_season1_max_prev,4.514215e-05,hb,1,2026-06-01
NDVI_z_score_shrub_and_scrub_season1_sum_prev,7.936036e-05,hb,1,2026-06-01
NDVI_z_score_shrub_and_scrub_season1_mean_prev,0.0,hb,1,2026-06-01
NDVI_z_score_trees_season1_max_prev,4.9153332e-05,hb,1,2026-06-01
NDVI_z_score_trees_season1_sum_prev,0.0029581245,hb,1,2026-06-01
NDVI_z_score_trees_season1_mean_prev,0.0009348439,hb,1,2026-06-01
EVI_z_score_crops_season1_max_prev,6.7651e-05,hb,1,2026-06-01
EVI_z_score_crops_season1_sum_prev,0.0021147,hb,1,2026-06-01
EVI_z_score_crops_season1_mean_prev,1.8478493e-05,hb,1,2026-06-01
EVI_z_score_grass_season1_max_prev,0.00046972625,hb,1,2026-06-01
EVI_z_score_grass_season1_sum_prev,0.00027510617,hb,1,2026-06-01
EVI_z_score_grass_season1_mean_prev,0.00029055108,hb,1,2026-06-01
EVI_z_score_shrub_and_scrub_season1_max_prev,0.00096211163,hb,1,2026-06-01
EVI_z_score_shrub_and_scrub_season1_sum_prev,6.410389e-05,hb,1,2026-06-01
EVI_z_score_shrub_and_scrub_season1_mean_prev,2.3766475e-05,hb,1,2026-06-01
EVI_z_score_trees_season1_max_prev,0.000107909334,hb,1,2026-06-01
EVI_z_score_trees_season1_sum_prev,7.228537e-05,hb,1,2026-06-01
EVI_z_score_trees_season1_mean_prev,1.3712225e-05,hb,1,2026-06-01
bare_season1_max_prev,0.00080400903,hb,1,2026-06-01
bare_season1_sum_prev,7.6555465e-05,hb,1,2026-06-01
bare_season1_mean_prev,2.063353e-05,hb,1,2026-06-01
built_season1_max_prev,0.0006858473,hb,1,2026-06-01
built_season1_sum_prev,0.0001768585,hb,1,2026-06-01
built_season1_mean_prev,2.3841445e-05,hb,1,2026-06-01
crops_season1_max_prev,0.00014145483,hb,1,2026-06-01
crops_season1_sum_prev,0.00025403293,hb,1,2026-06-01
crops_season1_mean_prev,0.00018051146,hb,1,2026-06-01
flooded_vegetation_season1_max_prev,0.0001746017,hb,1,2026-06-01
flooded_vegetation_season1_sum_prev,0.0,hb,1,2026-06-01
flooded_vegetation_season1_mean_prev,0.0,hb,1,2026-06-01
grass_season1_max_prev,0.0003455154,hb,1,2026-06-01
grass_season1_sum_prev,0.0006687375,hb,1,2026-06-01
grass_season1_mean_prev,4.221341e-05,hb,1,2026-06-01
shrub_and_scrub_season1_max_prev,3.5184996e-05,hb,1,2026-06-01
shrub_and_scrub_season1_sum_prev,0.0005477251,hb,1,2026-06-01
shrub_and_scrub_season1_mean_prev,4.7962703e-06,hb,1,2026-06-01
trees_season1_max_prev,0.0030457077,hb,1,2026-06-01
trees_season1_sum_prev,0.00028357367,hb,1,2026-06-01
trees_season1_mean_prev,7.497234e-06,hb,1,2026-06-01
water_season1_max_prev,0.00035461265,hb,1,2026-06-01
water_season1_sum_prev,0.0002914162,hb,1,2026-06-01
water_season1_mean_prev,0.0,hb,1,2026-06-01
avg_temp_z_score_season2_max_prev,0.0004959894,hb,1,2026-06-01
avg_temp_z_score_season2_sum_prev,0.00011969877,hb,1,2026-06-01
avg_temp_z_score_season2_mean_prev,0.0,hb,1,2026-06-01
hot_days_z_score_season2_max_prev,0.00016864222,hb,1,2026-06-01
hot_days_z_score_season2_sum_prev,6.3127634e-05,hb,1,2026-06-01
hot_days_z_score_season2_mean_prev,6.217167e-05,hb,1,2026-06-01
cold_days_z_score_season2_max_prev,0.0014813127,hb,1,2026-06-01
cold_days_z_score_season2_sum_prev,0.0009905946,hb,1,2026-06-01
cold_days_z_score_season2_mean_prev,0.0,hb,1,2026-06-01
consec_hot_days_z_score_season2_max_prev,9.1270565e-05,hb,1,2026-06-01
consec_hot_days_z_score_season2_sum_prev,0.00026444742,hb,1,2026-06-01
consec_hot_days_z_score_season2_mean_prev,0.00013402954,hb,1,2026-06-01
consec_cold_days_z_score_season2_max_prev,0.0,hb,1,2026-06-01
consec_cold_days_z_score_season2_sum_prev,0.00042282252,hb,1,2026-06-01
consec_cold_days_z_score_season2_mean_prev,0.0,hb,1,2026-06-01
precip_total_z_score_season2_max_prev,5.753864e-05,hb,1,2026-06-01
precip_total_z_score_season2_sum_prev,2.1838427e-05,hb,1,2026-06-01
precip_total_z_score_season2_mean_prev,1.3079636e-05,hb,1,2026-06-01
wet_days_z_score_season2_max_prev,0.0033983265,hb,1,2026-06-01
wet_days_z_score_season2_sum_prev,0.00056506606,hb,1,2026-06-01
wet_days_z_score_season2_mean_prev,3.4361565e-05,hb,1,2026-06-01
dry_days_z_score_season2_max_prev,0.0003611223,hb,1,2026-06-01
dry_days_z_score_season2_sum_prev,0.0,hb,1,2026-06-01
dry_days_z_score_season2_mean_prev,0.00027910998,hb,1,2026-06-01
consec_wet_days_z_score_season2_max_prev,8.428782e-05,hb,1,2026-06-01
consec_wet_days_z_score_season2_sum_prev,0.0003611111,hb,1,2026-06-01
consec_wet_days_z_score_season2_mean_prev,0.00020434073,hb,1,2026-06-01
consec_dry_days_z_score_season2_max_prev,1.8896944e-05,hb,1,2026-06-01
consec_dry_days_z_score_season2_sum_prev,0.00016465527,hb,1,2026-06-01
consec_dry_days_z_score_season2_mean_prev,8.782537e-06,hb,1,2026-06-01
NDVI_mean_season2_max_prev,3.783479e-05,hb,1,2026-06-01
NDVI_mean_season2_sum_prev,0.0012336642,hb,1,2026-06-01
NDVI_mean_season2_mean_prev,0.0,hb,1,2026-06-01
EVI_mean_season2_max_prev,0.00015894818,hb,1,2026-06-01
EVI_mean_season2_sum_prev,0.00025015656,hb,1,2026-06-01
EVI_mean_season2_mean_prev,1.7185164e-05,hb,1,2026-06-01
NDVI_z_score_season2_max_prev,3.4102115e-05,hb,1,2026-06-01
NDVI_z_score_season2_sum_prev,1.8986957e-05,hb,1,2026-06-01
NDVI_z_score_season2_mean_prev,0.0,hb,1,2026-06-01
EVI_z_score_season2_max_prev,0.0,hb,1,2026-06-01
EVI_z_score_season2_sum_prev,1.1995551e-05,hb,1,2026-06-01
EVI_z_score_season2_mean_prev,0.0,hb,1,2026-06-01
NDVI_z_score_crops_season2_max_prev,5.677695e-05,hb,1,2026-06-01
NDVI_z_score_crops_season2_sum_prev,7.4492076e-05,hb,1,2026-06-01
NDVI_z_score_crops_season2_mean_prev,0.0,hb,1,2026-06-01
NDVI_z_score_grass_season2_max_prev,0.000105661195,hb,1,2026-06-01
NDVI_z_score_grass_season2_sum_prev,0.00013601591,hb,1,2026-06-01
NDVI_z_score_grass_season2_mean_prev,0.00012664044,hb,1,2026-06-01
NDVI_z_score_shrub_and_scrub_season2_max_prev,7.832959e-05,hb,1,2026-06-01
NDVI_z_score_shrub_and_scrub_season2_sum_prev,1.720327e-05,hb,1,2026-06-01
NDVI_z_score_shrub_and_scrub_season2_mean_prev,0.00029523572,hb,1,2026-06-01
NDVI_z_score_trees_season2_max_prev,6.5039836e-05,hb,1,2026-06-01
NDVI_z_score_trees_season2_sum_prev,6.403747e-05,hb,1,2026-06-01
NDVI_z_score_trees_season2_mean_prev,1.0459185e-05,hb,1,2026-06-01
EVI_z_score_crops_season2_max_prev,6.7126915e-05,hb,1,2026-06-01
EVI_z_score_crops_season2_sum_prev,0.00017694231,hb,1,2026-06-01
EVI_z_score_crops_season2_mean_prev,0.00046324288,hb,1,2026-06-01
EVI_z_score_grass_season2_max_prev,3.5576162e-05,hb,1,2026-06-01
EVI_z_score_grass_season2_sum_prev,3.9968418e-05,hb,1,2026-06-01
EVI_z_score_grass_season2_mean_prev,0.0003018651,hb,1,2026-06-01
EVI_z_score_shrub_and_scrub_season2_max_prev,4.265989e-05,hb,1,2026-06-01
EVI_z_score_shrub_and_scrub_season2_sum_prev,4.5994664e-05,hb,1,2026-06-01
EVI_z_score_shrub_and_scrub_season2_mean_prev,0.0006479119,hb,1,2026-06-01
EVI_z_score_trees_season2_max_prev,0.000105471976,hb,1,2026-06-01
EVI_z_score_trees_season2_sum_prev,6.112979e-05,hb,1,2026-06-01
EVI_z_score_trees_season2_mean_prev,0.00029743992,hb,1,2026-06-01
bare_season2_max_prev,0.0001096736,hb,1,2026-06-01
bare_season2_sum_prev,2.8748782e-05,hb,1,2026-06-01
bare_season2_mean_prev,0.0,hb,1,2026-06-01
built_season2_max_prev,9.688703e-05,hb,1,2026-06-01
built_season2_sum_prev,5.5626773e-05,hb,1,2026-06-01
built_season2_mean_prev,2.0027079e-05,hb,1,2026-06-01
crops_season2_max_prev,0.0001627752,hb,1,2026-06-01
crops_season2_sum_prev,4.878167e-05,hb,1,2026-06-01
crops_season2_mean_prev,1.0864126e-05,hb,1,2026-06-01
flooded_vegetation_season2_max_prev,0.00020832835,hb,1,2026-06-01
flooded_vegetation_season2_sum_prev,0.0,hb,1,2026-06-01
flooded_vegetation_season2_mean_prev,1.5331998e-05,hb,1,2026-06-01
grass_season2_max_prev,5.557904e-05,hb,1,2026-06-01
grass_season2_sum_prev,0.00062319584,hb,1,2026-06-01
grass_season2_mean_prev,0.0,hb,1,2026-06-01
shrub_and_scrub_season2_max_prev,4.6380927e-05,hb,1,2026-06-01
shrub_and_scrub_season2_sum_prev,0.000104864856,hb,1,2026-06-01
shrub_and_scrub_season2_mean_prev,9.8525314e-05,hb,1,2026-06-01
trees_season2_max_prev,0.00011505136,hb,1,2026-06-01
trees_season2_sum_prev,0.0001004675,hb,1,2026-06-01
trees_season2_mean_prev,0.0,hb,1,2026-06-01
water_season2_max_prev,0.00058848807,hb,1,2026-06-01
water_season2_sum_prev,0.00027854243,hb,1,2026-06-01
water_season2_mean_prev,0.0019808377,hb,1,2026-06-01
avg_temp_z_score_lag_1,0.005743832,hb,1,2026-06-01
hot_days_z_score_lag_1,0.0022183373,hb,1,2026-06-01
cold_days_z_score_lag_1,0.00033349713,hb,1,2026-06-01
consec_hot_days_z_score_lag_1,0.00074883504,hb,1,2026-06-01
consec_cold_days_z_score_lag_1,8.8804765e-05,hb,1,2026-06-01
precip_total_z_score_lag_1,0.0009924903,hb,1,2026-06-01
wet_days_z_score_lag_1,0.0005815177,hb,1,2026-06-01
dry_days_z_score_lag_1,0.0016951059,hb,1,2026-06-01
consec_wet_days_z_score_lag_1,9.055074e-05,hb,1,2026-06-01
consec_dry_days_z_score_lag_1,0.00018169876,hb,1,2026-06-01
conflict_100km_lag_1,0.0013110284,hb,1,2026-06-01
conflict_500km_lag_1,0.00025036262,hb,1,2026-06-01
fatalities_100km_lag_1,0.0019368704,hb,1,2026-06-01
fatalities_500km_lag_1,0.00050130236,hb,1,2026-06-01
conflict_12m_100km_lag_1,0.00027343977,hb,1,2026-06-01
conflict_12m_500km_lag_1,0.0004315767,hb,1,2026-06-01
fatalities_12m_100km_lag_1,0.0001292413,hb,1,2026-06-01
fatalities_12m_500km_lag_1,0.0015438204,hb,1,2026-06-01
NDVI_mean_lag_1,0.00016625547,hb,1,2026-06-01
EVI_mean_lag_1,3.4465895e-05,hb,1,2026-06-01
NDVI_z_score_lag_1,0.00094680046,hb,1,2026-06-01
EVI_z_score_lag_1,0.00046590506,hb,1,2026-06-01
NDVI_z_score_crops_lag_1,0.00028490138,hb,1,2026-06-01
NDVI_z_score_grass_lag_1,0.00016173204,hb,1,2026-06-01
NDVI_z_score_shrub_and_scrub_lag_1,0.0003791659,hb,1,2026-06-01
NDVI_z_score_trees_lag_1,0.0003127429,hb,1,2026-06-01
EVI_z_score_crops_lag_1,0.00019358468,hb,1,2026-06-01
EVI_z_score_grass_lag_1,0.00020313838,hb,1,2026-06-01
EVI_z_score_shrub_and_scrub_lag_1,0.00015947712,hb,1,2026-06-01
EVI_z_score_trees_lag_1,0.00037934256,hb,1,2026-06-01
bare_lag_1,0.00020269898,hb,1,2026-06-01
built_lag_1,0.00023955757,hb,1,2026-06-01
crops_lag_1,0.00061474065,hb,1,2026-06-01
flooded_vegetation_lag_1,5.071174e-05,hb,1,2026-06-01
grass_lag_1,6.7028435e-05,hb,1,2026-06-01
shrub_and_scrub_lag_1,9.202011e-05,hb,1,2026-06-01
trees_lag_1,0.00043829394,hb,1,2026-06-01
water_lag_1,4.5171502e-05,hb,1,2026-06-01
bare_delta_lag_1,0.00040158554,hb,1,2026-06-01
built_delta_lag_1,0.00022044085,hb,1,2026-06-01
crops_delta_lag_1,0.00013616862,hb,1,2026-06-01
flooded_vegetation_delta_lag_1,0.00011829041,hb,1,2026-06-01
grass_delta_lag_1,0.00012579719,hb,1,2026-06-01
shrub_and_scrub_delta_lag_1,8.4851185e-05,hb,1,2026-06-01
trees_delta_lag_1,0.00019589065,hb,1,2026-06-01
water_delta_lag_1,0.00011502239,hb,1,2026-06-01
wasting_lag_1,0.052633207,hb,1,2026-06-01
wasting_risk_lag_1,0.0006029673,hb,1,2026-06-01
wasting_delta_lag_1,0.0027292406,hb,1,2026-06-01
wasting_risk_delta_lag_1,0.00051404344,hb,1,2026-06-01
wasting_sm_lag_1,0.79831296,hb,1,2026-06-01
wasting_sm_risk_lag_1,0.002238963,hb,1,2026-06-01
avg_temp_z_score_lag_2,3.259068e-05,hb,1,2026-06-01
hot_days_z_score_lag_2,0.00021608466,hb,1,2026-06-01
cold_days_z_score_lag_2,0.00065867236,hb,1,2026-06-01
consec_hot_days_z_score_lag_2,0.0018871574,hb,1,2026-06-01
consec_cold_days_z_score_lag_2,0.00029671835,hb,1,2026-06-01
precip_total_z_score_lag_2,0.00020173157,hb,1,2026-06-01
wet_days_z_score_lag_2,0.0010028859,hb,1,2026-06-01
dry_days_z_score_lag_2,3.1966127e-05,hb,1,2026-06-01
consec_wet_days_z_score_lag_2,0.00011271587,hb,1,2026-06-01
consec_dry_days_z_score_lag_2,0.0002366439,hb,1,2026-06-01
conflict_100km_lag_2,0.000189937,hb,1,2026-06-01
conflict_500km_lag_2,0.00024293197,hb,1,2026-06-01
fatalities_100km_lag_2,0.00085120957,hb,1,2026-06-01
fatalities_500km_lag_2,0.0002713831,hb,1,2026-06-01
conflict_12m_100km_lag_2,0.0010740337,hb,1,2026-06-01
conflict_12m_500km_lag_2,0.00043165736,hb,1,2026-06-01
fatalities_12m_100km_lag_2,6.835451e-05,hb,1,2026-06-01
fatalities_12m_500km_lag_2,0.00030086187,hb,1,2026-06-01
NDVI_mean_lag_2,4.130532e-05,hb,1,2026-06-01
EVI_mean_lag_2,8.3464016e-05,hb,1,2026-06-01
NDVI_z_score_lag_2,2.2961556e-05,hb,1,2026-06-01
EVI_z_score_lag_2,0.0002149719,hb,1,2026-06-01
NDVI_z_score_crops_lag_2,0.00046103407,hb,1,2026-06-01
NDVI_z_score_grass_lag_2,0.0001718102,hb,1,2026-06-01
NDVI_z_score_shrub_and_scrub_lag_2,0.00028490098,hb,1,2026-06-01
NDVI_z_score_trees_lag_2,6.656038e-05,hb,1,2026-06-01
EVI_z_score_crops_lag_2,0.00033715647,hb,1,2026-06-01
EVI_z_score_grass_lag_2,0.00046468887,hb,1,2026-06-01
EVI_z_score_shrub_and_scrub_lag_2,4.0941242e-05,hb,1,2026-06-01
EVI_z_score_trees_lag_2,0.0014152433,hb,1,2026-06-01
bare_lag_2,0.000117467294,hb,1,2026-06-01
built_lag_2,0.00017148208,hb,1,2026-06-01
crops_lag_2,0.0003898064,hb,1,2026-06-01
flooded_vegetation_lag_2,0.0001088975,hb,1,2026-06-01
grass_lag_2,0.000109803994,hb,1,2026-06-01
shrub_and_scrub_lag_2,0.00011226196,hb,1,2026-06-01
trees_lag_2,0.00015778108,hb,1,2026-06-01
water_lag_2,0.00019121541,hb,1,2026-06-01
bare_delta_lag_2,0.00034108144,hb,1,2026-06-01
built_delta_lag_2,0.00013171868,hb,1,2026-06-01
crops_delta_lag_2,0.0001845807,hb,1,2026-06-01
flooded_vegetation_delta_lag_2,0.00049453974,hb,1,2026-06-01
grass_delta_lag_2,7.971426e-05,hb,1,2026-06-01
shrub_and_scrub_delta_lag_2,0.00021766142,hb,1,2026-06-01
trees_delta_lag_2,0.00014340259,hb,1,2026-06-01
water_delta_lag_2,8.821391e-05,hb,1,2026-06-01
wasting_lag_2,0.0076949256,hb,1,2026-06-01
wasting_risk_lag_2,0.00054673234,hb,1,2026-06-01
wasting_delta_lag_2,0.00017682718,hb,1,2026-06-01
wasting_risk_delta_lag_2,0.0017798276,hb,1,2026-06-01
wasting_sm_lag_2,0.00045920422,hb,1,2026-06-01
wasting_sm_risk_lag_2,0.0010105637,hb,1,2026-06-01
avg_temp_z_score_lag_3,5.9806396e-05,hb,1,2026-06-01
hot_days_z_score_lag_3,7.272981e-05,hb,1,2026-06-01
cold_days_z_score_lag_3,0.00011819431,hb,1,2026-06-01
consec_hot_days_z_score_lag_3,0.0003313157,hb,1,2026-06-01
consec_cold_days_z_score_lag_3,0.00030106772,hb,1,2026-06-01
precip_total_z_score_lag_3,0.00011199048,hb,1,2026-06-01
wet_days_z_score_lag_3,0.00016419588,hb,1,2026-06-01
dry_days_z_score_lag_3,8.265716e-05,hb,1,2026-06-01
consec_wet_days_z_score_lag_3,0.00014744651,hb,1,2026-06-01
consec_dry_days_z_score_lag_3,0.00014218301,hb,1,2026-06-01
conflict_100km_lag_3,9.373055e-05,hb,1,2026-06-01
conflict_500km_lag_3,5.1304203e-05,hb,1,2026-06-01
fatalities_100km_lag_3,7.658924e-05,hb,1,2026-06-01
fatalities_500km_lag_3,0.00017224245,hb,1,2026-06-01
conflict_12m_100km_lag_3,9.0676294e-05,hb,1,2026-06-01
conflict_12m_500km_lag_3,0.0003520088,hb,1,2026-06-01
fatalities_12m_100km_lag_3,0.00033877138,hb,1,2026-06-01
fatalities_12m_500km_lag_3,0.00088509225,hb,1,2026-06-01
NDVI_mean_lag_3,0.0001751284,hb,1,2026-06-01
EVI_mean_lag_3,0.00012655351,hb,1,2026-06-01
NDVI_z_score_lag_3,0.0012792336,hb,1,2026-06-01
EVI_z_score_lag_3,0.00080812623,hb,1,2026-06-01
NDVI_z_score_crops_lag_3,0.00027032295,hb,1,2026-06-01
NDVI_z_score_grass_lag_3,0.00021839218,hb,1,2026-06-01
NDVI_z_score_shrub_and_scrub_lag_3,0.00013197729,hb,1,2026-06-01
NDVI_z_score_trees_lag_3,0.00012984846,hb,1,2026-06-01
EVI_z_score_crops_lag_3,0.00044175913,hb,1,2026-06-01
EVI_z_score_grass_lag_3,8.387893e-05,hb,1,2026-06-01
EVI_z_score_shrub_and_scrub_lag_3,0.00026170924,hb,1,2026-06-01
EVI_z_score_trees_lag_3,0.00013438062,hb,1,2026-06-01
bare_lag_3,0.00019679287,hb,1,2026-06-01
built_lag_3,0.00011214586,hb,1,2026-06-01
crops_lag_3,0.0001595834,hb,1,2026-06-01
flooded_vegetation_lag_3,4.3783e-05,hb,1,2026-06-01
grass_lag_3,0.00012111883,hb,1,2026-06-01
shrub_and_scrub_lag_3,0.0001483678,hb,1,2026-06-01
trees_lag_3,0.000145192,hb,1,2026-06-01
water_lag_3,0.00021303371,hb,1,2026-06-01
bare_delta_lag_3,0.00014921943,hb,1,2026-06-01
built_delta_lag_3,4.94207e-05,hb,1,2026-06-01
crops_delta_lag_3,0.00018711647,hb,1,2026-06-01
flooded_vegetation_delta_lag_3,6.0266648e-05,hb,1,2026-06-01
grass_delta_lag_3,0.00014211913,hb,1,2026-06-01
shrub_and_scrub_delta_lag_3,0.000111675676,hb,1,2026-06-01
trees_delta_lag_3,0.00022675711,hb,1,2026-06-01
water_delta_lag_3,4.8445236e-05,hb,1,2026-06-01
wasting_lag_3,0.0015276233,hb,1,2026-06-01
wasting_risk_lag_3,0.002603007,hb,1,2026-06-01
wasting_delta_lag_3,0.0003635832,hb,1,2026-06-01
wasting_risk_delta_lag_3,0.00017750903,hb,1,2026-06-01
wasting_sm_lag_3,0.00021337591,hb,1,2026-06-01
wasting_sm_risk_lag_3,0.0011782878,hb,1,2026-06-01
travel_time_to_cities_2015,0.0031584126,hb,2,2026-07-01
density_2015,0.0053495415,hb,2,2026-07-01
density_2020,0.002104419,hb,2,2026-07-01
delta_2015_2020,0.0026155321,hb,2,2026-07-01
avg_temp_z_score_season1_max_prev,0.0059411316,hb,2,2026-07-01
avg_temp_z_score_season1_sum_prev,0.00027415552,hb,2,2026-07-01
avg_temp_z_score_season1_mean_prev,0.0,hb,2,2026-07-01
hot_days_z_score_season1_max_prev,0.0018560089,hb,2,2026-07-01
hot_days_z_score_season1_sum_prev,0.001091103,hb,2,2026-07-01
hot_days_z_score_season1_mean_prev,0.0029834185,hb,2,2026-07-01
cold_days_z_score_season1_max_prev,9.397651e-05,hb,2,2026-07-01
cold_days_z_score_season1_sum_prev,8.625497e-06,hb,2,2026-07-01
cold_days_z_score_season1_mean_prev,0.004648515,hb,2,2026-07-01
consec_hot_days_z_score_season1_max_prev,0.0004496173,hb,2,2026-07-01
consec_hot_days_z_score_season1_sum_prev,9.0814e-05,hb,2,2026-07-01
consec_hot_days_z_score_season1_mean_prev,0.0,hb,2,2026-07-01
consec_cold_days_z_score_season1_max_prev,0.0,hb,2,2026-07-01
consec_cold_days_z_score_season1_sum_prev,0.0,hb,2,2026-07-01
consec_cold_days_z_score_season1_mean_prev,0.0,hb,2,2026-07-01
precip_total_z_score_season1_max_prev,0.00013243034,hb,2,2026-07-01
precip_total_z_score_season1_sum_prev,0.00044390856,hb,2,2026-07-01
precip_total_z_score_season1_mean_prev,0.0004664775,hb,2,2026-07-01
wet_days_z_score_season1_max_prev,0.0018157358,hb,2,2026-07-01
wet_days_z_score_season1_sum_prev,0.0002617862,hb,2,2026-07-01
wet_days_z_score_season1_mean_prev,4.1669326e-05,hb,2,2026-07-01
dry_days_z_score_season1_max_prev,9.321347e-05,hb,2,2026-07-01
dry_days_z_score_season1_sum_prev,0.0,hb,2,2026-07-01
dry_days_z_score_season1_mean_prev,0.0,hb,2,2026-07-01
consec_wet_days_z_score_season1_max_prev,0.00015986493,hb,2,2026-07-01
consec_wet_days_z_score_season1_sum_prev,0.0038556152,hb,2,2026-07-01
consec_wet_days_z_score_season1_mean_prev,3.0673786e-05,hb,2,2026-07-01
consec_dry_days_z_score_season1_max_prev,0.0065300283,hb,2,2026-07-01
consec_dry_days_z_score_season1_sum_prev,0.0014759583,hb,2,2026-07-01
consec_dry_days_z_score_season1_mean_prev,1.3768093e-05,hb,2,2026-07-01
NDVI_mean_season1_max_prev,0.00030758098,hb,2,2026-07-01
NDVI_mean_season1_sum_prev,4.124667e-05,hb,2,2026-07-01
NDVI_mean_season1_mean_prev,0.00016637797,hb,2,2026-07-01
EVI_mean_season1_max_prev,0.000240411,hb,2,2026-07-01
EVI_mean_season1_sum_prev,1.2324788e-05,hb,2,2026-07-01
EVI_mean_season1_mean_prev,1.49354155e-05,hb,2,2026-07-01
NDVI_z_score_season1_max_prev,0.0022751817,hb,2,2026-07-01
NDVI_z_score_season1_sum_prev,0.014548421,hb,2,2026-07-01
NDVI_z_score_season1_mean_prev,0.0,hb,2,2026-07-01
EVI_z_score_season1_max_prev,6.269556e-05,hb,2,2026-07-01
EVI_z_score_season1_sum_prev,0.00016794943,hb,2,2026-07-01
EVI_z_score_season1_mean_prev,9.957829e-05,hb,2,2026-07-01
NDVI_z_score_crops_season1_max_prev,4.8813487e-05,hb,2,2026-07-01
NDVI_z_score_crops_season1_sum_prev,0.00012606896,hb,2,2026-07-01
NDVI_z_score_crops_season1_mean_prev,2.154756e-05,hb,2,2026-07-01
NDVI_z_score_grass_season1_max_prev,0.0012530193,hb,2,2026-07-01
NDVI_z_score_grass_season1_sum_prev,0.00021779368,hb,2,2026-07-01
NDVI_z_score_grass_season1_mean_prev,0.0014589088,hb,2,2026-07-01
NDVI_z_score_shrub_and_scrub_season1_max_prev,2.2320102e-05,hb,2,2026-07-01
NDVI_z_score_shrub_and_scrub_season1_sum_prev,0.00037970173,hb,2,2026-07-01
NDVI_z_score_shrub_and_scrub_season1_mean_prev,1.0535816e-05,hb,2,2026-07-01
NDVI_z_score_trees_season1_max_prev,0.0006595633,hb,2,2026-07-01
NDVI_z_score_trees_season1_sum_prev,0.0035100998,hb,2,2026-07-01
NDVI_z_score_trees_season1_mean_prev,0.00022048327,hb,2,2026-07-01
EVI_z_score_crops_season1_max_prev,0.00030426346,hb,2,2026-07-01
EVI_z_score_crops_season1_sum_prev,0.0020715361,hb,2,2026-07-01
EVI_z_score_crops_season1_mean_prev,2.4480187e-05,hb,2,2026-07-01
EVI_z_score_grass_season1_max_prev,0.00081844325,hb,2,2026-07-01
EVI_z_score_grass_season1_sum_prev,0.0006996469,hb,2,2026-07-01
EVI_z_score_grass_season1_mean_prev,0.0002285668,hb,2,2026-07-01
EVI_z_score_shrub_and_scrub_season1_max_prev,2.745835e-05,hb,2,2026-07-01
EVI_z_score_shrub_and_scrub_season1_sum_prev,0.0001706128,hb,2,2026-07-01
EVI_z_score_shrub_and_scrub_season1_mean_prev,3.2463235e-05,hb,2,2026-07-01
EVI_z_score_trees_season1_max_prev,0.00087122,hb,2,2026-07-01
EVI_z_score_trees_season1_sum_prev,0.00013557497,hb,2,2026-07-01
EVI_z_score_trees_season1_mean_prev,0.00017675561,hb,2,2026-07-01
bare_season1_max_prev,0.00025715498,hb,2,2026-07-01
bare_season1_sum_prev,0.00034291716,hb,2,2026-07-01
bare_season1_mean_prev,1.390955e-05,hb,2,2026-07-01
built_season1_max_prev,0.00015981775,hb,2,2026-07-01
built_season1_sum_prev,2.006879e-05,hb,2,2026-07-01
built_season1_mean_prev,3.9031707e-05,hb,2,2026-07-01
crops_season1_max_prev,2.507962e-05,hb,2,2026-07-01
crops_season1_sum_prev,0.00028645282,hb,2,2026-07-01
crops_season1_mean_prev,4.4655237e-05,hb,2,2026-07-01
flooded_vegetation_season1_max_prev,0.000744836,hb,2,2026-07-01
flooded_vegetation_season1_sum_prev,0.0,hb,2,2026-07-01
flooded_vegetation_season1_mean_prev,0.0,hb,2,2026-07-01
grass_season1_max_prev,0.00013449327,hb,2,2026-07-01
grass_season1_sum_prev,0.0026135978,hb,2,2026-07-01
grass_season1_mean_prev,0.003823603,hb,2,2026-07-01
shrub_and_scrub_season1_max_prev,0.00016628692,hb,2,2026-07-01
shrub_and_scrub_season1_sum_prev,0.00012951414,hb,2,2026-07-01
shrub_and_scrub_season1_mean_prev,0.0010484933,hb,2,2026-07-01
trees_season1_max_prev,0.002483106,hb,2,2026-07-01
trees_season1_sum_prev,0.00041943506,hb,2,2026-07-01
trees_season1_mean_prev,0.00014066556,hb,2,2026-07-01
water_season1_max_prev,0.00034233552,hb,2,2026-07-01
water_season1_sum_prev,0.0017022442,hb,2,2026-07-01
water_season1_mean_prev,0.0,hb,2,2026-07-01
avg_temp_z_score_season2_max_prev,0.00066696596,hb,2,2026-07-01
avg_temp_z_score_season2_sum_prev,1.0383402e-05,hb,2,2026-07-01
avg_temp_z_score_season2_mean_prev,1.9666277e-05,hb,2,2026-07-01
hot_days_z_score_season2_max_prev,0.0014871457,hb,2,2026-07-01
hot_days_z_score_season2_sum_prev,0.00040174145,hb,2,2026-07-01
hot_days_z_score_season2_mean_prev,0.0012247312,hb,2,2026-07-01
cold_days_z_score_season2_max_prev,4.9366186e-05,hb,2,2026-07-01
cold_days_z_score_season2_sum_prev,0.0,hb,2,2026-07-01
cold_days_z_score_season2_mean_prev,0.0028037115,hb,2,2026-07-01
consec_hot_days_z_score_season2_max_prev,6.702161e-05,hb,2,2026-07-01
consec_hot_days_z_score_season2_sum_prev,2.8446131e-05,hb,2,2026-07-01
consec_hot_days_z_score_season2_mean_prev,3.4703764e-05,hb,2,2026-07-01
consec_cold_days_z_score_season2_max_prev,0.0,hb,2,2026-07-01
consec_cold_days_z_score_season2_sum_prev,0.0022046205,hb,2,2026-07-01
consec_cold_days_z_score_season2_mean_prev,0.0,hb,2,2026-07-01
precip_total_z_score_season2_max_prev,0.0013138691,hb,2,2026-07-01
precip_total_z_score_season2_sum_prev,0.0003175973,hb,2,2026-07-01
precip_total_z_score_season2_mean_prev,4.2602707e-05,hb,2,2026-07-01
wet_days_z_score_season2_max_prev,0.0019223973,hb,2,2026-07-01
wet_days_z_score_season2_sum_prev,5.2873773e-05,hb,2,2026-07-01
wet_days_z_score_season2_mean_prev,0.0,hb,2,2026-07-01
dry_days_z_score_season2_max_prev,0.0006092148,hb,2,2026-07-01
dry_days_z_score_season2_sum_prev,0.0,hb,2,2026-07-01
dry_days_z_score_season2_mean_prev,0.0,hb,2,2026-07-01
consec_wet_days_z_score_season2_max_prev,0.00023145798,hb,2,2026-07-01
consec_wet_days_z_score_season2_sum_prev,0.000100844496,hb,2,2026-07-01
consec_wet_days_z_score_season2_mean_prev,0.000647478,hb,2,2026-07-01
consec_dry_days_z_score_season2_max_prev,0.00010180207,hb,2,2026-07-01
consec_dry_days_z_score_season2_sum_prev,0.00017650492,hb,2,2026-07-01
consec_dry_days_z_score_season2_mean_prev,2.0887494e-05,hb,2,2026-07-01
NDVI_mean_season2_max_prev,2.9311856e-05,hb,2,2026-07-01
NDVI_mean_season2_sum_prev,0.00029539128,hb,2,2026-07-01
NDVI_mean_season2_mean_prev,0.0,hb,2,2026-07-01
EVI_mean_season2_max_prev,7.549154e-06,hb,2,2026-07-01
EVI_mean_season2_sum_prev,0.0001257361,hb,2,2026-07-01
EVI_mean_season2_mean_prev,1.7924986e-05,hb,2,2026-07-01
NDVI_z_score_season2_max_prev,3.644617e-05,hb,2,2026-07-01
NDVI_z_score_season2_sum_prev,0.0,hb,2,2026-07-01
NDVI_z_score_season2_mean_prev,1.4999689e-05,hb,2,2026-07-01
EVI_z_score_season2_max_prev,3.5731653e-05,hb,2,2026-07-01
EVI_z_score_season2_sum_prev,4.8996204e-05,hb,2,2026-07-01
EVI_z_score_season2_mean_prev,0.0,hb,2,2026-07-01
NDVI_z_score_crops_season2_max_prev,0.00028664403,hb,2,2026-07-01
NDVI_z_score_crops_season2_sum_prev,0.000106577696,hb,2,2026-07-01
NDVI_z_score_crops_season2_mean_prev,0.0,hb,2,2026-07-01
NDVI_z_score_grass_season2_max_prev,4.4855857e-05,hb,2,2026-07-01
NDVI_z_score_grass_season2_sum_prev,0.0005474402,hb,2,2026-07-01
NDVI_z_score_grass_season2_mean_prev,6.323067e-05,hb,2,2026-07-01
NDVI_z_score_shrub_and_scrub_season2_max_prev,0.00016827436,hb,2,2026-07-01
NDVI_z_score_shrub_and_scrub_season2_sum_prev,8.291713e-06,hb,2,2026-07-01
NDVI_z_score_shrub_and_scrub_season2_mean_prev,0.0,hb,2,2026-07-01
NDVI_z_score_trees_season2_max_prev,0.00076722883,hb,2,2026-07-01
NDVI_z_score_trees_season2_sum_prev,2.700125e-05,hb,2,2026-07-01
NDVI_z_score_trees_season2_mean_prev,0.00077222555,hb,2,2026-07-01
EVI_z_score_crops_season2_max_prev,0.00034870204,hb,2,2026-07-01
EVI_z_score_crops_season2_sum_prev,8.1828344e-05,hb,2,2026-07-01
EVI_z_score_crops_season2_mean_prev,1.773141e-05,hb,2,2026-07-01
EVI_z_score_grass_season2_max_prev,0.00015681959,hb,2,2026-07-01
EVI_z_score_grass_season2_sum_prev,0.00036864128,hb,2,2026-07-01
EVI_z_score_grass_season2_mean_prev,0.00036031485,hb,2,2026-07-01
EVI_z_score_shrub_and_scrub_season2_max_prev,2.0440486e-05,hb,2,2026-07-01
EVI_z_score_shrub_and_scrub_season2_sum_prev,0.00019542244,hb,2,2026-07-01
EVI_z_score_shrub_and_scrub_season2_mean_prev,4.3599746e-05,hb,2,2026-07-01
EVI_z_score_trees_season2_max_prev,0.0004955426,hb,2,2026-07-01
EVI_z_score_trees_season2_sum_prev,3.1245898e-05,hb,2,2026-07-01
EVI_z_score_trees_season2_mean_prev,0.00070839876,hb,2,2026-07-01
bare_season2_max_prev,0.0004603987,hb,2,2026-07-01
bare_season2_sum_prev,4.021323e-05,hb,2,2026-07-01
bare_season2_mean_prev,9.725172e-05,hb,2,2026-07-01
built_season2_max_prev,0.00013509516,hb,2,2026-07-01
built_season2_sum_prev,0.00037535466,hb,2,2026-07-01
built_season2_mean_prev,0.00070140546,hb,2,2026-07-01
crops_season2_max_prev,0.0019674317,hb,2,2026-07-01
crops_season2_sum_prev,4.086723e-05,hb,2,2026-07-01
crops_season2_mean_prev,0.0,hb,2,2026-07-01
flooded_vegetation_season2_max_prev,0.00024534977,hb,2,2026-07-01
flooded_vegetation_season2_sum_prev,1.4670106e-05,hb,2,2026-07-01
flooded_vegetation_season2_mean_prev,0.0,hb,2,2026-07-01
grass_season2_max_prev,7.739281e-06,hb,2,2026-07-01
grass_season2_sum_prev,1.121553e-05,hb,2,2026-07-01
grass_season2_mean_prev,0.0,hb,2,2026-07-01
shrub_and_scrub_season2_max_prev,0.0002016881,hb,2,2026-07-01
shrub_and_scrub_season2_sum_prev,0.00018726544,hb,2,2026-07-01
shrub_and_scrub_season2_mean_prev,0.00051071285,hb,2,2026-07-01
trees_season2_max_prev,3.7433096e-05,hb,2,2026-07-01
trees_season2_sum_prev,8.2606464e-05,hb,2,2026-07-01
trees_season2_mean_prev,7.0360084e-06,hb,2,2026-07-01
water_season2_max_prev,0.00061681535,hb,2,2026-07-01
water_season2_sum_prev,0.0009928126,hb,2,2026-07-01
water_season2_mean_prev,0.005446272,hb,2,2026-07-01
avg_temp_z_score_lag_2,0.004946732,hb,2,2026-07-01
hot_days_z_score_lag_2,0.00062143867,hb,2,2026-07-01
cold_days_z_score_lag_2,0.0010378526,hb,2,2026-07-01
consec_hot_days_z_score_lag_2,0.00043107884,hb,2,2026-07-01
consec_cold_days_z_score_lag_2,0.000103582934,hb,2,2026-07-01
precip_total_z_score_lag_2,0.00033808887,hb,2,2026-07-01
wet_days_z_score_lag_2,0.00043427097,hb,2,2026-07-01
dry_days_z_score_lag_2,3.3336433e-05,hb,2,2026-07-01
consec_wet_days_z_score_lag_2,9.6412834e-05,hb,2,2026-07-01
consec_dry_days_z_score_lag_2,0.00011389792,hb,2,2026-07-01
conflict_100km_lag_2,0.0012721991,hb,2,2026-07-01
conflict_500km_lag_2,0.0002424383,hb,2,2026-07-01
fatalities_100km_lag_2,0.0035914963,hb,2,2026-07-01
fatalities_500km_lag_2,0.0003922925,hb,2,2026-07-01
conflict_12m_100km_lag_2,0.0007333648,hb,2,2026-07-01
conflict_12m_500km_lag_2,0.0008719635,hb,2,2026-07-01
fatalities_12m_100km_lag_2,0.00043776754,hb,2,2026-07-01
fatalities_12m_500km_lag_2,0.00012796112,hb,2,2026-07-01
NDVI_mean_lag_2,0.00060556974,hb,2,2026-07-01
EVI_mean_lag_2,0.0005996362,hb,2,2026-07-01
NDVI_z_score_lag_2,0.00101383,hb,2,2026-07-01
EVI_z_score_lag_2,0.00031253122,hb,2,2026-07-01
NDVI_z_score_crops_lag_2,0.00018659375,hb,2,2026-07-01
NDVI_z_score_grass_lag_2,0.00029183115,hb,2,2026-07-01
NDVI_z_score_shrub_and_scrub_lag_2,0.00013644458,hb,2,2026-07-01
NDVI_z_score_trees_lag_2,0.000950627,hb,2,2026-07-01
EVI_z_score_crops_lag_2,0.00021130033,hb,2,2026-07-01
EVI_z_score_grass_lag_2,4.8568145e-05,hb,2,2026-07-01
EVI_z_score_shrub_and_scrub_lag_2,0.00012165023,hb,2,2026-07-01
EVI_z_score_trees_lag_2,0.00018407746,hb,2,2026-07-01
bare_lag_2,0.000257108,hb,2,2026-07-01
built_lag_2,0.0003309911,hb,2,2026-07-01
crops_lag_2,0.00050884474,hb,2,2026-07-01
flooded_vegetation_lag_2,0.00031481302,hb,2,2026-07-01
grass_lag_2,8.6400876e-05,hb,2,2026-07-01
shrub_and_scrub_lag_2,0.00024680048,hb,2,2026-07-01
trees_lag_2,0.0003514033,hb,2,2026-07-01
water_lag_2,0.0006413559,hb,2,2026-07-01
bare_delta_lag_2,0.00021239322,hb,2,2026-07-01
built_delta_lag_2,0.0003207219,hb,2,2026-07-01
crops_delta_lag_2,0.00013803675,hb,2,2026-07-01
flooded_vegetation_delta_lag_2,0.0008592181,hb,2,2026-07-01
grass_delta_lag_2,8.139353e-05,hb,2,2026-07-01
shrub_and_scrub_delta_lag_2,3.5765428e-05,hb,2,2026-07-01
trees_delta_lag_2,0.0006992168,hb,2,2026-07-01
water_delta_lag_2,8.7792854e-05,hb,2,2026-07-01
wasting_lag_2,0.24137649,hb,2,2026-07-01
wasting_risk_lag_2,0.0019907798,hb,2,2026-07-01
wasting_delta_lag_2,0.006117807,hb,2,2026-07-01
wasting_risk_delta_lag_2,0.0002230498,hb,2,2026-07-01
wasting_sm_lag_2,0.5123293,hb,2,2026-07-01
wasting_sm_risk_lag_2,0.007972218,hb,2,2026-07-01
avg_temp_z_score_lag_3,0.0005562817,hb,2,2026-07-01
hot_days_z_score_lag_3,0.00016166818,hb,2,2026-07-01
cold_days_z_score_lag_3,0.00095280044,hb,2,2026-07-01
consec_hot_days_z_score_lag_3,0.0005345903,hb,2,2026-07-01
consec_cold_days_z_score_lag_3,0.0004664279,hb,2,2026-07-01
precip_total_z_score_lag_3,0.00024338813,hb,2,2026-07-01
wet_days_z_score_lag_3,0.0002782746,hb,2,2026-07-01
dry_days_z_score_lag_3,1.1207211e-05,hb,2,2026-07-01
consec_wet_days_z_score_lag_3,4.4231165e-05,hb,2,2026-07-01
consec_dry_days_z_score_lag_3,0.0028025482,hb,2,2026-07-01
conflict_100km_lag_3,0.00021911098,hb,2,2026-07-01
conflict_500km_lag_3,0.00089507614,hb,2,2026-07-01
fatalities_100km_lag_3,7.097149e-05,hb,2,2026-07-01
fatalities_500km_lag_3,8.5381835e-05,hb,2,2026-07-01
conflict_12m_100km_lag_3,0.000120395365,hb,2,2026-07-01
conflict_12m_500km_lag_3,0.00048477162,hb,2,2026-07-01
fatalities_12m_100km_lag_3,0.00010333589,hb,2,2026-07-01
fatalities_12m_500km_lag_3,0.0001693123,hb,2,2026-07-01
NDVI_mean_lag_3,4.0449242e-05,hb,2,2026-07-01
EVI_mean_lag_3,0.0009397176,hb,2,2026-07-01
NDVI_z_score_lag_3,0.0004458776,hb,2,2026-07-01
EVI_z_score_lag_3,0.00031944297,hb,2,2026-07-01
NDVI_z_score_crops_lag_3,0.00027713043,hb,2,2026-07-01
NDVI_z_score_grass_lag_3,0.0001358291,hb,2,2026-07-01
NDVI_z_score_shrub_and_scrub_lag_3,6.805803e-05,hb,2,2026-07-01
NDVI_z_score_trees_lag_3,0.00061561784,hb,2,2026-07-01
EVI_z_score_crops_lag_3,0.00014784005,hb,2,2026-07-01
EVI_z_score_grass_lag_3,0.00012876625,hb,2,2026-07-01
EVI_z_score_shrub_and_scrub_lag_3,0.00015832708,hb,2,2026-07-01
EVI_z_score_trees_lag_3,0.00023161093,hb,2,2026-07-01
bare_lag_3,0.00018988969,hb,2,2026-07-01
built_lag_3,0.00041704334,hb,2,2026-07-01
crops_lag_3,0.00024790235,hb,2,2026-07-01
flooded_vegetation_lag_3,6.6471235e-05,hb,2,2026-07-01
grass_lag_3,9.285818e-05,hb,2,2026-07-01
shrub_and_scrub_lag_3,0.00046521978,hb,2,2026-07-01
trees_lag_3,0.00019073955,hb,2,2026-07-01
water_lag_3,4.2677497e-05,hb,2,2026-07-01
bare_delta_lag_3,0.00045783393,hb,2,2026-07-01
built_delta_lag_3,0.00014950018,hb,2,2026-07-01
crops_delta_lag_3,0.000110820714,hb,2,2026-07-01
flooded_vegetation_delta_lag_3,0.0029413423,hb,2,2026-07-01
grass_delta_lag_3,0.00029777628,hb,2,2026-07-01
shrub_and_scrub_delta_lag_3,0.00013381145,hb,2,2026-07-01
trees_delta_lag_3,0.00023855257,hb,2,2026-07-01
water_delta_lag_3,5.793471e-05,hb,2,2026-07-01
wasting_lag_3,0.012967434,hb,2,2026-07-01
wasting_risk_lag_3,0.003961522,hb,2,2026-07-01
wasting_delta_lag_3,0.005175371,hb,2,2026-07-01
wasting_risk_delta_lag_3,0.00046105712,hb,2,2026-07-01
wasting_sm_lag_3,0.0019708276,hb,2,2026-07-01
wasting_sm_risk_lag_3,0.009576805,hb,2,2026-07-01
avg_temp_z_score_lag_4,7.743431e-05,hb,2,2026-07-01
hot_days_z_score_lag_4,0.00019549023,hb,2,2026-07-01
cold_days_z_score_lag_4,0.00023041913,hb,2,2026-07-01
consec_hot_days_z_score_lag_4,0.003724312,hb,2,2026-07-01
consec_cold_days_z_score_lag_4,0.00063180644,hb,2,2026-07-01
precip_total_z_score_lag_4,0.00012563523,hb,2,2026-07-01
wet_days_z_score_lag_4,7.409225e-05,hb,2,2026-07-01
dry_days_z_score_lag_4,0.00033482697,hb,2,2026-07-01
consec_wet_days_z_score_lag_4,0.0002659546,hb,2,2026-07-01
consec_dry_days_z_score_lag_4,0.00039597423,hb,2,2026-07-01
conflict_100km_lag_4,5.662433e-05,hb,2,2026-07-01
conflict_500km_lag_4,7.673802e-05,hb,2,2026-07-01
fatalities_100km_lag_4,0.00027226028,hb,2,2026-07-01
fatalities_500km_lag_4,0.00012232101,hb,2,2026-07-01
conflict_12m_100km_lag_4,0.00031225558,hb,2,2026-07-01
conflict_12m_500km_lag_4,0.0002907979,hb,2,2026-07-01
fatalities_12m_100km_lag_4,0.0013245653,hb,2,2026-07-01
fatalities_12m_500km_lag_4,0.00024040774,hb,2,2026-07-01
NDVI_mean_lag_4,0.00018885035,hb,2,2026-07-01
EVI_mean_lag_4,0.00068342447,hb,2,2026-07-01
NDVI_z_score_lag_4,0.0010167494,hb,2,2026-07-01
EVI_z_score_lag_4,0.0002037439,hb,2,2026-07-01
NDVI_z_score_crops_lag_4,0.00045832226,hb,2,2026-07-01
NDVI_z_score_grass_lag_4,0.00015070155,hb,2,2026-07-01
NDVI_z_score_shrub_and_scrub_lag_4,0.000209916,hb,2,2026-07-01
NDVI_z_score_trees_lag_4,0.0008616832,hb,2,2026-07-01
EVI_z_score_crops_lag_4,0.00028489743,hb,2,2026-07-01
EVI_z_score_grass_lag_4,0.0001519262,hb,2,2026-07-01
EVI_z_score_shrub_and_scrub_lag_4,0.000104352766,hb,2,2026-07-01
EVI_z_score_trees_lag_4,5.597943e-05,hb,2,2026-07-01
bare_lag_4,0.0029381448,hb,2,2026-07-01
built_lag_4,4.5880002e-05,hb,2,2026-07-01
crops_lag_4,9.332008e-05,hb,2,2026-07-01
flooded_vegetation_lag_4,5.738343e-05,hb,2,2026-07-01
grass_lag_4,3.0005036e-05,hb,2,2026-07-01
shrub_and_scrub_lag_4,0.00015483018,hb,2,2026-07-01
trees_lag_4,0.00016298074,hb,2,2026-07-01
water_lag_4,8.9229645e-05,hb,2,2026-07-01
wasting_lag_4,0.0010966253,hb,2,2026-07-01
wasting_risk_lag_4,0.0010550591,hb,2,2026-07-01
wasting_sm_lag_4,0.00018568213,hb,2,2026-07-01
wasting_sm_risk_lag_4,0.008076848,hb,2,2026-07-01
travel_time_to_cities_2015,0.003577557,hb,3,2026-08-01
density_2015,0.0049045933,hb,3,2026-08-01
density_2020,0.0012435985,hb,3,2026-08-01
delta_2015_2020,0.001984356,hb,3,2026-08-01
avg_temp_z_score_season1_max_prev,0.0040431917,hb,3,2026-08-01
avg_temp_z_score_season1_sum_prev,0.00015500603,hb,3,2026-08-01
avg_temp_z_score_season1_mean_prev,0.00021021493,hb,3,2026-08-01
hot_days_z_score_season1_max_prev,0.0029798124,hb,3,2026-08-01
hot_days_z_score_season1_sum_prev,0.0056846626,hb,3,2026-08-01
hot_days_z_score_season1_mean_prev,0.03314569,hb,3,2026-08-01
cold_days_z_score_season1_max_prev,1.1539358e-05,hb,3,2026-08-01
cold_days_z_score_season1_sum_prev,0.00037044438,hb,3,2026-08-01
cold_days_z_score_season1_mean_prev,0.0,hb,3,2026-08-01
consec_hot_days_z_score_season1_max_prev,7.833941e-05,hb,3,2026-08-01
consec_hot_days_z_score_season1_sum_prev,0.0029942442,hb,3,2026-08-01
consec_hot_days_z_score_season1_mean_prev,0.0,hb,3,2026-08-01
consec_cold_days_z_score_season1_max_prev,0.0,hb,3,2026-08-01
consec_cold_days_z_score_season1_sum_prev,0.0,hb,3,2026-08-01
consec_cold_days_z_score_season1_mean_prev,0.0,hb,3,2026-08-01
precip_total_z_score_season1_max_prev,0.00043379748,hb,3,2026-08-01
precip_total_z_score_season1_sum_prev,0.00015219708,hb,3,2026-08-01
precip_total_z_score_season1_mean_prev,0.00015011686,hb,3,2026-08-01
wet_days_z_score_season1_max_prev,0.001980706,hb,3,2026-08-01
wet_days_z_score_season1_sum_prev,0.00049992127,hb,3,2026-08-01
wet_days_z_score_season1_mean_prev,0.00063957373,hb,3,2026-08-01
dry_days_z_score_season1_max_prev,0.00047385914,hb,3,2026-08-01
dry_days_z_score_season1_sum_prev,4.1956107e-05,hb,3,2026-08-01
dry_days_z_score_season1_mean_prev,0.0006762376,hb,3,2026-08-01
consec_wet_days_z_score_season1_max_prev,0.0001287854,hb,3,2026-08-01
consec_wet_days_z_score_season1_sum_prev,0.0020876636,hb,3,2026-08-01
consec_wet_days_z_score_season1_mean_prev,8.575461e-06,hb,3,2026-08-01
consec_dry_days_z_score_season1_max_prev,0.0036761865,hb,3,2026-08-01
consec_dry_days_z_score_season1_sum_prev,0.00017235318,hb,3,2026-08-01
consec_dry_days_z_score_season1_mean_prev,2.7447404e-05,hb,3,2026-08-01
NDVI_mean_season1_max_prev,0.0004533121,hb,3,2026-08-01
NDVI_mean_season1_sum_prev,2.5419078e-05,hb,3,2026-08-01
NDVI_mean_season1_mean_prev,0.0012364953,hb,3,2026-08-01
EVI_mean_season1_max_prev,0.00012663525,hb,3,2026-08-01
EVI_mean_season1_sum_prev,0.0028027873,hb,3,2026-08-01
EVI_mean_season1_mean_prev,2.0350426e-05,hb,3,2026-08-01
NDVI_z_score_season1_max_prev,3.0812782e-05,hb,3,2026-08-01
NDVI_z_score_season1_sum_prev,4.9591432e-05,hb,3,2026-08-01
NDVI_z_score_season1_mean_prev,0.0035174356,hb,3,2026-08-01
EVI_z_score_season1_max_prev,2.2402872e-05,hb,3,2026-08-01
EVI_z_score_season1_sum_prev,0.0,hb,3,2026-08-01
EVI_z_score_season1_mean_prev,1.6022444e-05,hb,3,2026-08-01
NDVI_z_score_crops_season1_max_prev,0.00015666179,hb,3,2026-08-01
NDVI_z_score_crops_season1_sum_prev,0.0014185566,hb,3,2026-08-01
NDVI_z_score_crops_season1_mean_prev,0.0011213429,hb,3,2026-08-01
NDVI_z_score_grass_season1_max_prev,0.00023211574,hb,3,2026-08-01
NDVI_z_score_grass_season1_sum_prev,0.00042509977,hb,3,2026-08-01
NDVI_z_score_grass_season1_mean_prev,6.839188e-05,hb,3,2026-08-01
NDVI_z_score_shrub_and_scrub_season1_max_prev,0.00029235138,hb,3,2026-08-01
NDVI_z_score_shrub_and_scrub_season1_sum_prev,0.00086288695,hb,3,2026-08-01
NDVI_z_score_shrub_and_scrub_season1_mean_prev,6.02389e-06,hb,3,2026-08-01
NDVI_z_score_trees_season1_max_prev,0.000106311425,hb,3,2026-08-01
NDVI_z_score_trees_season1_sum_prev,0.0023915928,hb,3,2026-08-01
NDVI_z_score_trees_season1_mean_prev,0.045088723,hb,3,2026-08-01
EVI_z_score_crops_season1_max_prev,0.0005301573,hb,3,2026-08-01
EVI_z_score_crops_season1_sum_prev,0.0011466469,hb,3,2026-08-01
EVI_z_score_crops_season1_mean_prev,1.3331383e-05,hb,3,2026-08-01
EVI_z_score_grass_season1_max_prev,0.0010936888,hb,3,2026-08-01
EVI_z_score_grass_season1_sum_prev,0.00074540556,hb,3,2026-08-01
EVI_z_score_grass_season1_mean_prev,5.6667162e-05,hb,3,2026-08-01
EVI_z_score_shrub_and_scrub_season1_max_prev,1.9571427e-05,hb,3,2026-08-01
EVI_z_score_shrub_and_scrub_season1_sum_prev,7.37365e-05,hb,3,2026-08-01
EVI_z_score_shrub_and_scrub_season1_mean_prev,1.3636813e-05,hb,3,2026-08-01
EVI_z_score_trees_season1_max_prev,2.6810443e-05,hb,3,2026-08-01
EVI_z_score_trees_season1_sum_prev,1.697938e-05,hb,3,2026-08-01
EVI_z_score_trees_season1_mean_prev,3.930388e-05,hb,3,2026-08-01
bare_season1_max_prev,0.002603107,hb,3,2026-08-01
bare_season1_sum_prev,0.009659435,hb,3,2026-08-01
bare_season1_mean_prev,0.00010474678,hb,3,2026-08-01
built_season1_max_prev,0.0002631515,hb,3,2026-08-01
built_season1_sum_prev,0.00048774818,hb,3,2026-08-01
built_season1_mean_prev,0.00012067708,hb,3,2026-08-01
crops_season1_max_prev,0.0007176081,hb,3,2026-08-01
crops_season1_sum_prev,0.00014494373,hb,3,2026-08-01
crops_season1_mean_prev,9.832769e-06,hb,3,2026-08-01
flooded_vegetation_season1_max_prev,0.0007835506,hb,3,2026-08-01
flooded_vegetation_season1_sum_prev,0.051213104,hb,3,2026-08-01
flooded_vegetation_season1_mean_prev,0.0,hb,3,2026-08-01
grass_season1_max_prev,0.00012901754,hb,3,2026-08-01
grass_season1_sum_prev,0.0013388904,hb,3,2026-08-01
grass_season1_mean_prev,4.5414945e-05,hb,3,2026-08-01
shrub_and_scrub_season1_max_prev,0.00024371914,hb,3,2026-08-01
shrub_and_scrub_season1_sum_prev,2.2276145e-05,hb,3,2026-08-01
shrub_and_scrub_season1_mean_prev,0.0003226896,hb,3,2026-08-01
trees_season1_max_prev,2.084779e-05,hb,3,2026-08-01
trees_season1_sum_prev,0.0012630154,hb,3,2026-08-01
trees_season1_mean_prev,2.7113383e-05,hb,3,2026-08-01
water_season1_max_prev,2.8873941e-05,hb,3,2026-08-01
water_season1_sum_prev,1.1376197e-05,hb,3,2026-08-01
water_season1_mean_prev,3.3521643e-05,hb,3,2026-08-01
avg_temp_z_score_season2_max_prev,0.001698558,hb,3,2026-08-01
avg_temp_z_score_season2_sum_prev,0.00010487788,hb,3,2026-08-01
avg_temp_z_score_season2_mean_prev,4.664719e-06,hb,3,2026-08-01
hot_days_z_score_season2_max_prev,0.00019617287,hb,3,2026-08-01
hot_days_z_score_season2_sum_prev,0.0008063163,hb,3,2026-08-01
hot_days_z_score_season2_mean_prev,0.0004219555,hb,3,2026-08-01
cold_days_z_score_season2_max_prev,5.2641703e-06,hb,3,2026-08-01
cold_days_z_score_season2_sum_prev,0.0018819435,hb,3,2026-08-01
cold_days_z_score_season2_mean_prev,0.000116209565,hb,3,2026-08-01
consec_hot_days_z_score_season2_max_prev,2.9016925e-05,hb,3,2026-08-01
consec_hot_days_z_score_season2_sum_prev,0.003076038,hb,3,2026-08-01
consec_hot_days_z_score_season2_mean_prev,0.0,hb,3,2026-08-01
consec_cold_days_z_score_season2_max_prev,5.3425524e-06,hb,3,2026-08-01
consec_cold_days_z_score_season2_sum_prev,0.0,hb,3,2026-08-01
consec_cold_days_z_score_season2_mean_prev,0.0,hb,3,2026-08-01
precip_total_z_score_season2_max_prev,0.0015837833,hb,3,2026-08-01
precip_total_z_score_season2_sum_prev,0.00020267142,hb,3,2026-08-01
precip_total_z_score_season2_mean_prev,0.0,hb,3,2026-08-01
wet_days_z_score_season2_max_prev,7.677131e-05,hb,3,2026-08-01
wet_days_z_score_season2_sum_prev,0.00060249894,hb,3,2026-08-01
wet_days_z_score_season2_mean_prev,3.8181977e-05,hb,3,2026-08-01
dry_days_z_score_season2_max_prev,0.0003450506,hb,3,2026-08-01
dry_days_z_score_season2_sum_prev,0.0,hb,3,2026-08-01
dry_days_z_score_season2_mean_prev,0.0,hb,3,2026-08-01
consec_wet_days_z_score_season2_max_prev,0.004507989,hb,3,2026-08-01
consec_wet_days_z_score_season2_sum_prev,3.101652e-05,hb,3,2026-08-01
consec_wet_days_z_score_season2_mean_prev,0.00014329219,hb,3,2026-08-01
consec_dry_days_z_score_season2_max_prev,0.0047674486,hb,3,2026-08-01
consec_dry_days_z_score_season2_sum_prev,0.00014164137,hb,3,2026-08-01
consec_dry_days_z_score_season2_mean_prev,9.260108e-06,hb,3,2026-08-01
NDVI_mean_season2_max_prev,0.00024679536,hb,3,2026-08-01
NDVI_mean_season2_sum_prev,0.00018547683,hb,3,2026-08-01
NDVI_mean_season2_mean_prev,6.4881664e-05,hb,3,2026-08-01
EVI_mean_season2_max_prev,0.0007290178,hb,3,2026-08-01
EVI_mean_season2_sum_prev,0.0005030152,hb,3,2026-08-01
EVI_mean_season2_mean_prev,0.0001301206,hb,3,2026-08-01
NDVI_z_score_season2_max_prev,0.00013994606,hb,3,2026-08-01
NDVI_z_score_season2_sum_prev,6.858318e-05,hb,3,2026-08-01
NDVI_z_score_season2_mean_prev,0.0,hb,3,2026-08-01
EVI_z_score_season2_max_prev,7.594754e-05,hb,3,2026-08-01
EVI_z_score_season2_sum_prev,0.0003829111,hb,3,2026-08-01
EVI_z_score_season2_mean_prev,8.709458e-06,hb,3,2026-08-01
NDVI_z_score_crops_season2_max_prev,0.0020915517,hb,3,2026-08-01
NDVI_z_score_crops_season2_sum_prev,4.5227906e-05,hb,3,2026-08-01
NDVI_z_score_crops_season2_mean_prev,0.0,hb,3,2026-08-01
NDVI_z_score_grass_season2_max_prev,0.0007060222,hb,3,2026-08-01
NDVI_z_score_grass_season2_sum_prev,0.0008696452,hb,3,2026-08-01
NDVI_z_score_grass_season2_mean_prev,0.0013841769,hb,3,2026-08-01
NDVI_z_score_shrub_and_scrub_season2_max_prev,0.0016843663,hb,3,2026-08-01
NDVI_z_score_shrub_and_scrub_season2_sum_prev,0.00036034296,hb,3,2026-08-01
NDVI_z_score_shrub_and_scrub_season2_mean_prev,2.7342241e-05,hb,3,2026-08-01
NDVI_z_score_trees_season2_max_prev,0.0003621739,hb,3,2026-08-01
NDVI_z_score_trees_season2_sum_prev,3.5548917e-05,hb,3,2026-08-01
NDVI_z_score_trees_season2_mean_prev,0.00020193131,hb,3,2026-08-01
EVI_z_score_crops_season2_max_prev,0.00043970888,hb,3,2026-08-01
EVI_z_score_crops_season2_sum_prev,0.00036698143,hb,3,2026-08-01
EVI_z_score_crops_season2_mean_prev,0.0019279775,hb,3,2026-08-01
EVI_z_score_grass_season2_max_prev,0.0002933544,hb,3,2026-08-01
EVI_z_score_grass_season2_sum_prev,0.0002950558,hb,3,2026-08-01
EVI_z_score_grass_season2_mean_prev,0.0009846234,hb,3,2026-08-01
EVI_z_score_shrub_and_scrub_season2_max_prev,1.575296e-05,hb,3,2026-08-01
EVI_z_score_shrub_and_scrub_season2_sum_prev,0.0001870531,hb,3,2026-08-01
EVI_z_score_shrub_and_scrub_season2_mean_prev,0.00021722594,hb,3,2026-08-01
EVI_z_score_trees_season2_max_prev,0.0012042733,hb,3,2026-08-01
EVI_z_score_trees_season2_sum_prev,1.517058e-05,hb,3,2026-08-01
EVI_z_score_trees_season2_mean_prev,8.3914296e-05,hb,3,2026-08-01
bare_season2_max_prev,6.327123e-05,hb,3,2026-08-01
bare_season2_sum_prev,0.00028295544,hb,3,2026-08-01
bare_season2_mean_prev,1.5982268e-05,hb,3,2026-08-01
built_season2_max_prev,0.0005664228,hb,3,2026-08-01
built_season2_sum_prev,0.0007350576,hb,3,2026-08-01
built_season2_mean_prev,2.1264816e-05,hb,3,2026-08-01
crops_season2_max_prev,4.3483982e-05,hb,3,2026-08-01
crops_season2_sum_prev,0.0003968079,hb,3,2026-08-01
crops_season2_mean_prev,6.7595197e-06,hb,3,2026-08-01
flooded_vegetation_season2_max_prev,2.4450428e-05,hb,3,2026-08-01
flooded_vegetation_season2_sum_prev,9.112552e-05,hb,3,2026-08-01
flooded_vegetation_season2_mean_prev,0.0,hb,3,2026-08-01
grass_season2_max_prev,9.9377125e-05,hb,3,2026-08-01
grass_season2_sum_prev,5.0448416e-06,hb,3,2026-08-01
grass_season2_mean_prev,9.142054e-06,hb,3,2026-08-01
shrub_and_scrub_season2_max_prev,0.0020915973,hb,3,2026-08-01
shrub_and_scrub_season2_sum_prev,0.00026840554,hb,3,2026-08-01
shrub_and_scrub_season2_mean_prev,5.997443e-05,hb,3,2026-08-01
trees_season2_max_prev,0.009518306,hb,3,2026-08-01
trees_season2_sum_prev,0.00015114211,hb,3,2026-08-01
trees_season2_mean_prev,3.4412374e-06,hb,3,2026-08-01
water_season2_max_prev,0.0016031426,hb,3,2026-08-01
water_season2_sum_prev,0.0006724511,hb,3,2026-08-01
water_season2_mean_prev,2.1224036e-05,hb,3,2026-08-01
avg_temp_z_score_lag_3,0.002123533,hb,3,2026-08-01
hot_days_z_score_lag_3,0.0006794224,hb,3,2026-08-01
cold_days_z_score_lag_3,0.00024431513,hb,3,2026-08-01
consec_hot_days_z_score_lag_3,0.00056219584,hb,3,2026-08-01
consec_cold_days_z_score_lag_3,0.0017058958,hb,3,2026-08-01
precip_total_z_score_lag_3,0.00022514164,hb,3,2026-08-01
wet_days_z_score_lag_3,0.00012422031,hb,3,2026-08-01
dry_days_z_score_lag_3,2.6696187e-05,hb,3,2026-08-01
consec_wet_days_z_score_lag_3,8.93203e-05,hb,3,2026-08-01
consec_dry_days_z_score_lag_3,0.00026849305,hb,3,2026-08-01
conflict_100km_lag_3,0.00056474574,hb,3,2026-08-01
conflict_500km_lag_3,0.0006216718,hb,3,2026-08-01
fatalities_100km_lag_3,0.00023705381,hb,3,2026-08-01
fatalities_500km_lag_3,0.00024460058,hb,3,2026-08-01
conflict_12m_100km_lag_3,0.00040251113,hb,3,2026-08-01
conflict_12m_500km_lag_3,0.0003669913,hb,3,2026-08-01
fatalities_12m_100km_lag_3,0.00070832047,hb,3,2026-08-01
fatalities_12m_500km_lag_3,0.00013765086,hb,3,2026-08-01
NDVI_mean_lag_3,0.00033599982,hb,3,2026-08-01
EVI_mean_lag_3,0.00016577762,hb,3,2026-08-01
NDVI_z_score_lag_3,0.0011046276,hb,3,2026-08-01
EVI_z_score_lag_3,0.00049404154,hb,3,2026-08-01
NDVI_z_score_crops_lag_3,0.0023953924,hb,3,2026-08-01
NDVI_z_score_grass_lag_3,0.00021833475,hb,3,2026-08-01
NDVI_z_score_shrub_and_scrub_lag_3,0.00034915216,hb,3,2026-08-01
NDVI_z_score_trees_lag_3,0.0010709629,hb,3,2026-08-01
EVI_z_score_crops_lag_3,0.00037043393,hb,3,2026-08-01
EVI_z_score_grass_lag_3,0.00044680366,hb,3,2026-08-01
EVI_z_score_shrub_and_scrub_lag_3,9.08868e-05,hb,3,2026-08-01
EVI_z_score_trees_lag_3,6.7888206e-05,hb,3,2026-08-01
bare_lag_3,0.00027408684,hb,3,2026-08-01
built_lag_3,0.00041612113,hb,3,2026-08-01
crops_lag_3,0.00018593168,hb,3,2026-08-01
flooded_vegetation_lag_3,6.1563915e-05,hb,3,2026-08-01
grass_lag_3,7.923013e-05,hb,3,2026-08-01
shrub_and_scrub_lag_3,0.00014707407,hb,3,2026-08-01
trees_lag_3,0.00079174864,hb,3,2026-08-01
water_lag_3,0.0005896956,hb,3,2026-08-01
bare_delta_lag_3,0.000383809,hb,3,2026-08-01
built_delta_lag_3,0.00043051044,hb,3,2026-08-01
crops_delta_lag_3,0.0002537628,hb,3,2026-08-01
flooded_vegetation_delta_lag_3,0.0027934841,hb,3,2026-08-01
grass_delta_lag_3,0.00017806618,hb,3,2026-08-01
shrub_and_scrub_delta_lag_3,0.00048228193,hb,3,2026-08-01
trees_delta_lag_3,0.00038572768,hb,3,2026-08-01
water_delta_lag_3,4.3069744e-05,hb,3,2026-08-01
wasting_lag_3,0.43993387,hb,3,2026-08-01
wasting_risk_lag_3,0.0008847232,hb,3,2026-08-01
wasting_delta_lag_3,0.008769168,hb,3,2026-08-01
wasting_risk_delta_lag_3,0.000587804,hb,3,2026-08-01
wasting_sm_lag_3,0.1339446,hb,3,2026-08-01
wasting_sm_risk_lag_3,0.01852718,hb,3,2026-08-01
avg_temp_z_score_lag_4,7.138862e-05,hb,3,2026-08-01
hot_days_z_score_lag_4,0.0026353884,hb,3,2026-08-01
cold_days_z_score_lag_4,7.381961e-05,hb,3,2026-08-01
consec_hot_days_z_score_lag_4,0.0044320375,hb,3,2026-08-01
consec_cold_days_z_score_lag_4,2.4716617e-05,hb,3,2026-08-01
precip_total_z_score_lag_4,8.391032e-05,hb,3,2026-08-01
wet_days_z_score_lag_4,8.784345e-05,hb,3,2026-08-01
dry_days_z_score_lag_4,4.1234824e-05,hb,3,2026-08-01
consec_wet_days_z_score_lag_4,6.395718e-05,hb,3,2026-08-01
consec_dry_days_z_score_lag_4,0.00026273387,hb,3,2026-08-01
conflict_100km_lag_4,0.00072365504,hb,3,2026-08-01
conflict_500km_lag_4,0.0027110493,hb,3,2026-08-01
fatalities_100km_lag_4,3.7181926e-05,hb,3,2026-08-01
fatalities_500km_lag_4,0.00012998171,hb,3,2026-08-01
conflict_12m_100km_lag_4,1.9544726e-05,hb,3,2026-08-01
conflict_12m_500km_lag_4,0.00018455545,hb,3,2026-08-01
fatalities_12m_100km_lag_4,0.0030441177,hb,3,2026-08-01
fatalities_12m_500km_lag_4,5.0342347e-05,hb,3,2026-08-01
NDVI_mean_lag_4,0.003319957,hb,3,2026-08-01
EVI_mean_lag_4,0.0013716336,hb,3,2026-08-01
NDVI_z_score_lag_4,0.0033681772,hb,3,2026-08-01
EVI_z_score_lag_4,8.8676206e-05,hb,3,2026-08-01
NDVI_z_score_crops_lag_4,0.0003375493,hb,3,2026-08-01
NDVI_z_score_grass_lag_4,8.126773e-05,hb,3,2026-08-01
NDVI_z_score_shrub_and_scrub_lag_4,0.000289522,hb,3,2026-08-01
NDVI_z_score_trees_lag_4,0.005142777,hb,3,2026-08-01
EVI_z_score_crops_lag_4,0.00016247582,hb,3,2026-08-01
EVI_z_score_grass_lag_4,0.00027257504,hb,3,2026-08-01
EVI_z_score_shrub_and_scrub_lag_4,8.198774e-05,hb,3,2026-08-01
EVI_z_score_trees_lag_4,3.2770524e-05,hb,3,2026-08-01
bare_lag_4,0.0002318613,hb,3,2026-08-01
built_lag_4,0.00047578235,hb,3,2026-08-01
crops_lag_4,0.0003601857,hb,3,2026-08-01
flooded_vegetation_lag_4,3.449802e-05,hb,3,2026-08-01
grass_lag_4,5.725708e-05,hb,3,2026-08-01
shrub_and_scrub_lag_4,0.00024248016,hb,3,2026-08-01
trees_lag_4,0.00011424825,hb,3,2026-08-01
water_lag_4,0.00031466773,hb,3,2026-08-01
wasting_lag_4,0.009170053,hb,3,2026-08-01
wasting_risk_lag_4,0.0036272083,hb,3,2026-08-01
wasting_sm_lag_4,0.0012009522,hb,3,2026-08-01
wasting_sm_risk_lag_4,0.0279361,hb,3,2026-08-01
avg_temp_z_score_lag_5,0.0008213601,hb,3,2026-08-01
hot_days_z_score_lag_5,0.00014526215,hb,3,2026-08-01
cold_days_z_score_lag_5,7.682594e-05,hb,3,2026-08-01
consec_hot_days_z_score_lag_5,0.00078291155,hb,3,2026-08-01
consec_cold_days_z_score_lag_5,0.00021920702,hb,3,2026-08-01
precip_total_z_score_lag_5,0.00016228217,hb,3,2026-08-01
wet_days_z_score_lag_5,8.5721855e-05,hb,3,2026-08-01
dry_days_z_score_lag_5,0.00012480622,hb,3,2026-08-01
consec_wet_days_z_score_lag_5,0.00021017222,hb,3,2026-08-01
consec_dry_days_z_score_lag_5,0.00011409622,hb,3,2026-08-01
conflict_100km_lag_5,0.00018784429,hb,3,2026-08-01
conflict_500km_lag_5,0.0014667199,hb,3,2026-08-01
fatalities_100km_lag_5,0.0099734245,hb,3,2026-08-01
fatalities_500km_lag_5,0.00021368965,hb,3,2026-08-01
conflict_12m_100km_lag_5,0.00049477053,hb,3,2026-08-01
conflict_12m_500km_lag_5,0.00030488087,hb,3,2026-08-01
fatalities_12m_100km_lag_5,0.00019905018,hb,3,2026-08-01
fatalities_12m_500km_lag_5,3.211145e-05,hb,3,2026-08-01
NDVI_mean_lag_5,0.00041307884,hb,3,2026-08-01
EVI_mean_lag_5,0.00013758715,hb,3,2026-08-01
NDVI_z_score_lag_5,0.00021013428,hb,3,2026-08-01
EVI_z_score_lag_5,0.00053911976,hb,3,2026-08-01
NDVI_z_score_crops_lag_5,6.651382e-05,hb,3,2026-08-01
NDVI_z_score_grass_lag_5,0.00020682294,hb,3,2026-08-01
NDVI_z_score_shrub_and_scrub_lag_5,0.00024109172,hb,3,2026-08-01
NDVI_z_score_trees_lag_5,0.00065090455,hb,3,2026-08-01
EVI_z_score_crops_lag_5,5.532856e-05,hb,3,2026-08-01
EVI_z_score_grass_lag_5,0.00022442792,hb,3,2026-08-01
EVI_z_score_shrub_and_scrub_lag_5,0.00075124484,hb,3,2026-08-01
EVI_z_score_trees_lag_5,0.0007358197,hb,3,2026-08-01
bare_lag_5,0.0007098472,hb,3,2026-08-01
built_lag_5,0.00030014053,hb,3,2026-08-01
crops_lag_5,0.00036834573,hb,3,2026-08-01
flooded_vegetation_lag_5,0.000111984366,hb,3,2026-08-01
grass_lag_5,0.0001104914,hb,3,2026-08-01
shrub_and_scrub_lag_5,6.531685e-05,hb,3,2026-08-01
trees_lag_5,0.00022538025,hb,3,2026-08-01
water_lag_5,7.915209e-05,hb,3,2026-08-01
wasting_lag_5,0.0010111689,hb,3,2026-08-01
wasting_risk_lag_5,0.0046507665,hb,3,2026-08-01
wasting_sm_lag_5,0.00025288307,hb,3,2026-08-01
wasting_sm_risk_lag_5,0.01243242,hb,3,2026-08-01
travel_time_to_cities_2015,0.0031460517,hb,1,2026-06-01
density_2015,0.0059566223,hb,1,2026-06-01
density_2020,0.0020339603,hb,1,2026-06-01
delta_2015_2020,0.0033510735,hb,1,2026-06-01
avg_temp_z_score_season1_max_prev,0.0034194845,hb,1,2026-06-01
avg_temp_z_score_season1_sum_prev,0.00043283924,hb,1,2026-06-01
avg_temp_z_score_season1_mean_prev,2.1919246e-05,hb,1,2026-06-01
hot_days_z_score_season1_max_prev,0.00029348876,hb,1,2026-06-01
hot_days_z_score_season1_sum_prev,5.956577e-05,hb,1,2026-06-01
hot_days_z_score_season1_mean_prev,2.9916462e-05,hb,1,2026-06-01
cold_days_z_score_season1_max_prev,0.0037227906,hb,1,2026-06-01
cold_days_z_score_season1_sum_prev,6.6176967e-06,hb,1,2026-06-01
cold_days_z_score_season1_mean_prev,0.0013604064,hb,1,2026-06-01
consec_hot_days_z_score_season1_max_prev,0.00020277048,hb,1,2026-06-01
consec_hot_days_z_score_season1_sum_prev,0.00013350674,hb,1,2026-06-01
consec_hot_days_z_score_season1_mean_prev,0.0019493172,hb,1,2026-06-01
consec_cold_days_z_score_season1_max_prev,0.0,hb,1,2026-06-01
consec_cold_days_z_score_season1_sum_prev,0.0,hb,1,2026-06-01
consec_cold_days_z_score_season1_mean_prev,0.0,hb,1,2026-06-01
precip_total_z_score_season1_max_prev,0.00017050284,hb,1,2026-06-01
precip_total_z_score_season1_sum_prev,0.0003158645,hb,1,2026-06-01
precip_total_z_score_season1_mean_prev,5.121107e-05,hb,1,2026-06-01
wet_days_z_score_season1_max_prev,0.0002279388,hb,1,2026-06-01
wet_days_z_score_season1_sum_prev,0.00029553587,hb,1,2026-06-01
wet_days_z_score_season1_mean_prev,5.2930503e-05,hb,1,2026-06-01
dry_days_z_score_season1_max_prev,0.0006298148,hb,1,2026-06-01
dry_days_z_score_season1_sum_prev,0.0,hb,1,2026-06-01
dry_days_z_score_season1_mean_prev,0.0,hb,1,2026-06-01
consec_wet_days_z_score_season1_max_prev,7.898516e-05,hb,1,2026-06-01
consec_wet_days_z_score_season1_sum_prev,3.328842e-05,hb,1,2026-06-01
consec_wet_days_z_score_season1_mean_prev,6.405951e-05,hb,1,2026-06-01
consec_dry_days_z_score_season1_max_prev,6.434459e-05,hb,1,2026-06-01
consec_dry_days_z_score_season1_sum_prev,8.5634645e-05,hb,1,2026-06-01
consec_dry_days_z_score_season1_mean_prev,1.875705e-05,hb,1,2026-06-01
NDVI_mean_season1_max_prev,0.00021772987,hb,1,2026-06-01
NDVI_mean_season1_sum_prev,0.0002950293,hb,1,2026-06-01
NDVI_mean_season1_mean_prev,0.0004025579,hb,1,2026-06-01
EVI_mean_season1_max_prev,2.9512601e-05,hb,1,2026-06-01
EVI_mean_season1_sum_prev,0.0027116481,hb,1,2026-06-01
EVI_mean_season1_mean_prev,0.00040123914,hb,1,2026-06-01
NDVI_z_score_season1_max_prev,0.0002445676,hb,1,2026-06-01
NDVI_z_score_season1_sum_prev,2.933804e-05,hb,1,2026-06-01
NDVI_z_score_season1_mean_prev,1.27970625e-05,hb,1,2026-06-01
EVI_z_score_season1_max_prev,1.460808e-05,hb,1,2026-06-01
EVI_z_score_season1_sum_prev,1.107576e-05,hb,1,2026-06-01
EVI_z_score_season1_mean_prev,0.0,hb,1,2026-06-01
NDVI_z_score_crops_season1_max_prev,0.00010793042,hb,1,2026-06-01
NDVI_z_score_crops_season1_sum_prev,8.619989e-05,hb,1,2026-06-01
NDVI_z_score_crops_season1_mean_prev,1.4633572e-05,hb,1,2026-06-01
NDVI_z_score_grass_season1_max_prev,0.0053289593,hb,1,2026-06-01
NDVI_z_score_grass_season1_sum_prev,0.00020415205,hb,1,2026-06-01
NDVI_z_score_grass_season1_mean_prev,0.00010159921,hb,1,2026-06-01
NDVI_z_score_shrub_and_scrub_season1_max_prev,4.514215e-05,hb,1,2026-06-01
NDVI_z_score_shrub_and_scrub_season1_sum_prev,7.936036e-05,hb,1,2026-06-01
NDVI_z_score_shrub_and_scrub_season1_mean_prev,0.0,hb,1,2026-06-01
NDVI_z_score_trees_season1_max_prev,4.9153332e-05,hb,1,2026-06-01
NDVI_z_score_trees_season1_sum_prev,0.0029581245,hb,1,2026-06-01
NDVI_z_score_trees_season1_mean_prev,0.0009348439,hb,1,2026-06-01
EVI_z_score_crops_season1_max_prev,6.7651e-05,hb,1,2026-06-01
EVI_z_score_crops_season1_sum_prev,0.0021147,hb,1,2026-06-01
EVI_z_score_crops_season1_mean_prev,1.8478493e-05,hb,1,2026-06-01
EVI_z_score_grass_season1_max_prev,0.00046972625,hb,1,2026-06-01
EVI_z_score_grass_season1_sum_prev,0.00027510617,hb,1,2026-06-01
EVI_z_score_grass_season1_mean_prev,0.00029055108,hb,1,2026-06-01
EVI_z_score_shrub_and_scrub_season1_max_prev,0.00096211163,hb,1,2026-06-01
EVI_z_score_shrub_and_scrub_season1_sum_prev,6.410389e-05,hb,1,2026-06-01
EVI_z_score_shrub_and_scrub_season1_mean_prev,2.3766475e-05,hb,1,2026-06-01
EVI_z_score_trees_season1_max_prev,0.000107909334,hb,1,2026-06-01
EVI_z_score_trees_season1_sum_prev,7.228537e-05,hb,1,2026-06-01
EVI_z_score_trees_season1_mean_prev,1.3712225e-05,hb,1,2026-06-01
bare_season1_max_prev,0.00080400903,hb,1,2026-06-01
bare_season1_sum_prev,7.6555465e-05,hb,1,2026-06-01
bare_season1_mean_prev,2.063353e-05,hb,1,2026-06-01
built_season1_max_prev,0.0006858473,hb,1,2026-06-01
built_season1_sum_prev,0.0001768585,hb,1,2026-06-01
built_season1_mean_prev,2.3841445e-05,hb,1,2026-06-01
crops_season1_max_prev,0.00014145483,hb,1,2026-06-01
crops_season1_sum_prev,0.00025403293,hb,1,2026-06-01
crops_season1_mean_prev,0.00018051146,hb,1,2026-06-01
flooded_vegetation_season1_max_prev,0.0001746017,hb,1,2026-06-01
flooded_vegetation_season1_sum_prev,0.0,hb,1,2026-06-01
flooded_vegetation_season1_mean_prev,0.0,hb,1,2026-06-01
grass_season1_max_prev,0.0003455154,hb,1,2026-06-01
grass_season1_sum_prev,0.0006687375,hb,1,2026-06-01
grass_season1_mean_prev,4.221341e-05,hb,1,2026-06-01
shrub_and_scrub_season1_max_prev,3.5184996e-05,hb,1,2026-06-01
shrub_and_scrub_season1_sum_prev,0.0005477251,hb,1,2026-06-01
shrub_and_scrub_season1_mean_prev,4.7962703e-06,hb,1,2026-06-01
trees_season1_max_prev,0.0030457077,hb,1,2026-06-01
trees_season1_sum_prev,0.00028357367,hb,1,2026-06-01
trees_season1_mean_prev,7.497234e-06,hb,1,2026-06-01
water_season1_max_prev,0.00035461265,hb,1,2026-06-01
water_season1_sum_prev,0.0002914162,hb,1,2026-06-01
water_season1_mean_prev,0.0,hb,1,2026-06-01
avg_temp_z_score_season2_max_prev,0.0004959894,hb,1,2026-06-01
avg_temp_z_score_season2_sum_prev,0.00011969877,hb,1,2026-06-01
avg_temp_z_score_season2_mean_prev,0.0,hb,1,2026-06-01
hot_days_z_score_season2_max_prev,0.00016864222,hb,1,2026-06-01
hot_days_z_score_season2_sum_prev,6.3127634e-05,hb,1,2026-06-01
hot_days_z_score_season2_mean_prev,6.217167e-05,hb,1,2026-06-01
cold_days_z_score_season2_max_prev,0.0014813127,hb,1,2026-06-01
cold_days_z_score_season2_sum_prev,0.0009905946,hb,1,2026-06-01
cold_days_z_score_season2_mean_prev,0.0,hb,1,2026-06-01
consec_hot_days_z_score_season2_max_prev,9.1270565e-05,hb,1,2026-06-01
consec_hot_days_z_score_season2_sum_prev,0.00026444742,hb,1,2026-06-01
consec_hot_days_z_score_season2_mean_prev,0.00013402954,hb,1,2026-06-01
consec_cold_days_z_score_season2_max_prev,0.0,hb,1,2026-06-01
consec_cold_days_z_score_season2_sum_prev,0.00042282252,hb,1,2026-06-01
consec_cold_days_z_score_season2_mean_prev,0.0,hb,1,2026-06-01
precip_total_z_score_season2_max_prev,5.753864e-05,hb,1,2026-06-01
precip_total_z_score_season2_sum_prev,2.1838427e-05,hb,1,2026-06-01
precip_total_z_score_season2_mean_prev,1.3079636e-05,hb,1,2026-06-01
wet_days_z_score_season2_max_prev,0.0033983265,hb,1,2026-06-01
wet_days_z_score_season2_sum_prev,0.00056506606,hb,1,2026-06-01
wet_days_z_score_season2_mean_prev,3.4361565e-05,hb,1,2026-06-01
dry_days_z_score_season2_max_prev,0.0003611223,hb,1,2026-06-01
dry_days_z_score_season2_sum_prev,0.0,hb,1,2026-06-01
dry_days_z_score_season2_mean_prev,0.00027910998,hb,1,2026-06-01
consec_wet_days_z_score_season2_max_prev,8.428782e-05,hb,1,2026-06-01
consec_wet_days_z_score_season2_sum_prev,0.0003611111,hb,1,2026-06-01
consec_wet_days_z_score_season2_mean_prev,0.00020434073,hb,1,2026-06-01
consec_dry_days_z_score_season2_max_prev,1.8896944e-05,hb,1,2026-06-01
consec_dry_days_z_score_season2_sum_prev,0.00016465527,hb,1,2026-06-01
consec_dry_days_z_score_season2_mean_prev,8.782537e-06,hb,1,2026-06-01
NDVI_mean_season2_max_prev,3.783479e-05,hb,1,2026-06-01
NDVI_mean_season2_sum_prev,0.0012336642,hb,1,2026-06-01
NDVI_mean_season2_mean_prev,0.0,hb,1,2026-06-01
EVI_mean_season2_max_prev,0.00015894818,hb,1,2026-06-01
EVI_mean_season2_sum_prev,0.00025015656,hb,1,2026-06-01
EVI_mean_season2_mean_prev,1.7185164e-05,hb,1,2026-06-01
NDVI_z_score_season2_max_prev,3.4102115e-05,hb,1,2026-06-01
NDVI_z_score_season2_sum_prev,1.8986957e-05,hb,1,2026-06-01
NDVI_z_score_season2_mean_prev,0.0,hb,1,2026-06-01
EVI_z_score_season2_max_prev,0.0,hb,1,2026-06-01
EVI_z_score_season2_sum_prev,1.1995551e-05,hb,1,2026-06-01
EVI_z_score_season2_mean_prev,0.0,hb,1,2026-06-01
NDVI_z_score_crops_season2_max_prev,5.677695e-05,hb,1,2026-06-01
NDVI_z_score_crops_season2_sum_prev,7.4492076e-05,hb,1,2026-06-01
NDVI_z_score_crops_season2_mean_prev,0.0,hb,1,2026-06-01
NDVI_z_score_grass_season2_max_prev,0.000105661195,hb,1,2026-06-01
NDVI_z_score_grass_season2_sum_prev,0.00013601591,hb,1,2026-06-01
NDVI_z_score_grass_season2_mean_prev,0.00012664044,hb,1,2026-06-01
NDVI_z_score_shrub_and_scrub_season2_max_prev,7.832959e-05,hb,1,2026-06-01
NDVI_z_score_shrub_and_scrub_season2_sum_prev,1.720327e-05,hb,1,2026-06-01
NDVI_z_score_shrub_and_scrub_season2_mean_prev,0.00029523572,hb,1,2026-06-01
NDVI_z_score_trees_season2_max_prev,6.5039836e-05,hb,1,2026-06-01
NDVI_z_score_trees_season2_sum_prev,6.403747e-05,hb,1,2026-06-01
NDVI_z_score_trees_season2_mean_prev,1.0459185e-05,hb,1,2026-06-01
EVI_z_score_crops_season2_max_prev,6.7126915e-05,hb,1,2026-06-01
EVI_z_score_crops_season2_sum_prev,0.00017694231,hb,1,2026-06-01
EVI_z_score_crops_season2_mean_prev,0.00046324288,hb,1,2026-06-01
EVI_z_score_grass_season2_max_prev,3.5576162e-05,hb,1,2026-06-01
EVI_z_score_grass_season2_sum_prev,3.9968418e-05,hb,1,2026-06-01
EVI_z_score_grass_season2_mean_prev,0.0003018651,hb,1,2026-06-01
EVI_z_score_shrub_and_scrub_season2_max_prev,4.265989e-05,hb,1,2026-06-01
EVI_z_score_shrub_and_scrub_season2_sum_prev,4.5994664e-05,hb,1,2026-06-01
EVI_z_score_shrub_and_scrub_season2_mean_prev,0.0006479119,hb,1,2026-06-01
EVI_z_score_trees_season2_max_prev,0.000105471976,hb,1,2026-06-01
EVI_z_score_trees_season2_sum_prev,6.112979e-05,hb,1,2026-06-01
EVI_z_score_trees_season2_mean_prev,0.00029743992,hb,1,2026-06-01
bare_season2_max_prev,0.0001096736,hb,1,2026-06-01
bare_season2_sum_prev,2.8748782e-05,hb,1,2026-06-01
bare_season2_mean_prev,0.0,hb,1,2026-06-01
built_season2_max_prev,9.688703e-05,hb,1,2026-06-01
built_season2_sum_prev,5.5626773e-05,hb,1,2026-06-01
built_season2_mean_prev,2.0027079e-05,hb,1,2026-06-01
crops_season2_max_prev,0.0001627752,hb,1,2026-06-01
crops_season2_sum_prev,4.878167e-05,hb,1,2026-06-01
crops_season2_mean_prev,1.0864126e-05,hb,1,2026-06-01
flooded_vegetation_season2_max_prev,0.00020832835,hb,1,2026-06-01
flooded_vegetation_season2_sum_prev,0.0,hb,1,2026-06-01
flooded_vegetation_season2_mean_prev,1.5331998e-05,hb,1,2026-06-01
grass_season2_max_prev,5.557904e-05,hb,1,2026-06-01
grass_season2_sum_prev,0.00062319584,hb,1,2026-06-01
grass_season2_mean_prev,0.0,hb,1,2026-06-01
shrub_and_scrub_season2_max_prev,4.6380927e-05,hb,1,2026-06-01
shrub_and_scrub_season2_sum_prev,0.000104864856,hb,1,2026-06-01
shrub_and_scrub_season2_mean_prev,9.8525314e-05,hb,1,2026-06-01
trees_season2_max_prev,0.00011505136,hb,1,2026-06-01
trees_season2_sum_prev,0.0001004675,hb,1,2026-06-01
trees_season2_mean_prev,0.0,hb,1,2026-06-01
water_season2_max_prev,0.00058848807,hb,1,2026-06-01
water_season2_sum_prev,0.00027854243,hb,1,2026-06-01
water_season2_mean_prev,0.0019808377,hb,1,2026-06-01
avg_temp_z_score_lag_1,0.005743832,hb,1,2026-06-01
hot_days_z_score_lag_1,0.0022183373,hb,1,2026-06-01
cold_days_z_score_lag_1,0.00033349713,hb,1,2026-06-01
consec_hot_days_z_score_lag_1,0.00074883504,hb,1,2026-06-01
consec_cold_days_z_score_lag_1,8.8804765e-05,hb,1,2026-06-01
precip_total_z_score_lag_1,0.0009924903,hb,1,2026-06-01
wet_days_z_score_lag_1,0.0005815177,hb,1,2026-06-01
dry_days_z_score_lag_1,0.0016951059,hb,1,2026-06-01
consec_wet_days_z_score_lag_1,9.055074e-05,hb,1,2026-06-01
consec_dry_days_z_score_lag_1,0.00018169876,hb,1,2026-06-01
conflict_100km_lag_1,0.0013110284,hb,1,2026-06-01
conflict_500km_lag_1,0.00025036262,hb,1,2026-06-01
fatalities_100km_lag_1,0.0019368704,hb,1,2026-06-01
fatalities_500km_lag_1,0.00050130236,hb,1,2026-06-01
conflict_12m_100km_lag_1,0.00027343977,hb,1,2026-06-01
conflict_12m_500km_lag_1,0.0004315767,hb,1,2026-06-01
fatalities_12m_100km_lag_1,0.0001292413,hb,1,2026-06-01
fatalities_12m_500km_lag_1,0.0015438204,hb,1,2026-06-01
NDVI_mean_lag_1,0.00016625547,hb,1,2026-06-01
EVI_mean_lag_1,3.4465895e-05,hb,1,2026-06-01
NDVI_z_score_lag_1,0.00094680046,hb,1,2026-06-01
EVI_z_score_lag_1,0.00046590506,hb,1,2026-06-01
NDVI_z_score_crops_lag_1,0.00028490138,hb,1,2026-06-01
NDVI_z_score_grass_lag_1,0.00016173204,hb,1,2026-06-01
NDVI_z_score_shrub_and_scrub_lag_1,0.0003791659,hb,1,2026-06-01
NDVI_z_score_trees_lag_1,0.0003127429,hb,1,2026-06-01
EVI_z_score_crops_lag_1,0.00019358468,hb,1,2026-06-01
EVI_z_score_grass_lag_1,0.00020313838,hb,1,2026-06-01
EVI_z_score_shrub_and_scrub_lag_1,0.00015947712,hb,1,2026-06-01
EVI_z_score_trees_lag_1,0.00037934256,hb,1,2026-06-01
bare_lag_1,0.00020269898,hb,1,2026-06-01
built_lag_1,0.00023955757,hb,1,2026-06-01
crops_lag_1,0.00061474065,hb,1,2026-06-01
flooded_vegetation_lag_1,5.071174e-05,hb,1,2026-06-01
grass_lag_1,6.7028435e-05,hb,1,2026-06-01
shrub_and_scrub_lag_1,9.202011e-05,hb,1,2026-06-01
trees_lag_1,0.00043829394,hb,1,2026-06-01
water_lag_1,4.5171502e-05,hb,1,2026-06-01
bare_delta_lag_1,0.00040158554,hb,1,2026-06-01
built_delta_lag_1,0.00022044085,hb,1,2026-06-01
crops_delta_lag_1,0.00013616862,hb,1,2026-06-01
flooded_vegetation_delta_lag_1,0.00011829041,hb,1,2026-06-01
grass_delta_lag_1,0.00012579719,hb,1,2026-06-01
shrub_and_scrub_delta_lag_1,8.4851185e-05,hb,1,2026-06-01
trees_delta_lag_1,0.00019589065,hb,1,2026-06-01
water_delta_lag_1,0.00011502239,hb,1,2026-06-01
wasting_lag_1,0.052633207,hb,1,2026-06-01
wasting_risk_lag_1,0.0006029673,hb,1,2026-06-01
wasting_delta_lag_1,0.0027292406,hb,1,2026-06-01
wasting_risk_delta_lag_1,0.00051404344,hb,1,2026-06-01
wasting_sm_lag_1,0.79831296,hb,1,2026-06-01
wasting_sm_risk_lag_1,0.002238963,hb,1,2026-06-01
avg_temp_z_score_lag_2,3.259068e-05,hb,1,2026-06-01
hot_days_z_score_lag_2,0.00021608466,hb,1,2026-06-01
cold_days_z_score_lag_2,0.00065867236,hb,1,2026-06-01
consec_hot_days_z_score_lag_2,0.0018871574,hb,1,2026-06-01
consec_cold_days_z_score_lag_2,0.00029671835,hb,1,2026-06-01
precip_total_z_score_lag_2,0.00020173157,hb,1,2026-06-01
wet_days_z_score_lag_2,0.0010028859,hb,1,2026-06-01
dry_days_z_score_lag_2,3.1966127e-05,hb,1,2026-06-01
consec_wet_days_z_score_lag_2,0.00011271587,hb,1,2026-06-01
consec_dry_days_z_score_lag_2,0.0002366439,hb,1,2026-06-01
conflict_100km_lag_2,0.000189937,hb,1,2026-06-01
conflict_500km_lag_2,0.00024293197,hb,1,2026-06-01
fatalities_100km_lag_2,0.00085120957,hb,1,2026-06-01
fatalities_500km_lag_2,0.0002713831,hb,1,2026-06-01
conflict_12m_100km_lag_2,0.0010740337,hb,1,2026-06-01
conflict_12m_500km_lag_2,0.00043165736,hb,1,2026-06-01
fatalities_12m_100km_lag_2,6.835451e-05,hb,1,2026-06-01
fatalities_12m_500km_lag_2,0.00030086187,hb,1,2026-06-01
NDVI_mean_lag_2,4.130532e-05,hb,1,2026-06-01
EVI_mean_lag_2,8.3464016e-05,hb,1,2026-06-01
NDVI_z_score_lag_2,2.2961556e-05,hb,1,2026-06-01
EVI_z_score_lag_2,0.0002149719,hb,1,2026-06-01
NDVI_z_score_crops_lag_2,0.00046103407,hb,1,2026-06-01
NDVI_z_score_grass_lag_2,0.0001718102,hb,1,2026-06-01
NDVI_z_score_shrub_and_scrub_lag_2,0.00028490098,hb,1,2026-06-01
NDVI_z_score_trees_lag_2,6.656038e-05,hb,1,2026-06-01
EVI_z_score_crops_lag_2,0.00033715647,hb,1,2026-06-01
EVI_z_score_grass_lag_2,0.00046468887,hb,1,2026-06-01
EVI_z_score_shrub_and_scrub_lag_2,4.0941242e-05,hb,1,2026-06-01
EVI_z_score_trees_lag_2,0.0014152433,hb,1,2026-06-01
bare_lag_2,0.000117467294,hb,1,2026-06-01
built_lag_2,0.00017148208,hb,1,2026-06-01
crops_lag_2,0.0003898064,hb,1,2026-06-01
flooded_vegetation_lag_2,0.0001088975,hb,1,2026-06-01
grass_lag_2,0.000109803994,hb,1,2026-06-01
shrub_and_scrub_lag_2,0.00011226196,hb,1,2026-06-01
trees_lag_2,0.00015778108,hb,1,2026-06-01
water_lag_2,0.00019121541,hb,1,2026-06-01
bare_delta_lag_2,0.00034108144,hb,1,2026-06-01
built_delta_lag_2,0.00013171868,hb,1,2026-06-01
crops_delta_lag_2,0.0001845807,hb,1,2026-06-01
flooded_vegetation_delta_lag_2,0.00049453974,hb,1,2026-06-01
grass_delta_lag_2,7.971426e-05,hb,1,2026-06-01
shrub_and_scrub_delta_lag_2,0.00021766142,hb,1,2026-06-01
trees_delta_lag_2,0.00014340259,hb,1,2026-06-01
water_delta_lag_2,8.821391e-05,hb,1,2026-06-01
wasting_lag_2,0.0076949256,hb,1,2026-06-01
wasting_risk_lag_2,0.00054673234,hb,1,2026-06-01
wasting_delta_lag_2,0.00017682718,hb,1,2026-06-01
wasting_risk_delta_lag_2,0.0017798276,hb,1,2026-06-01
wasting_sm_lag_2,0.00045920422,hb,1,2026-06-01
wasting_sm_risk_lag_2,0.0010105637,hb,1,2026-06-01
avg_temp_z_score_lag_3,5.9806396e-05,hb,1,2026-06-01
hot_days_z_score_lag_3,7.272981e-05,hb,1,2026-06-01
cold_days_z_score_lag_3,0.00011819431,hb,1,2026-06-01
consec_hot_days_z_score_lag_3,0.0003313157,hb,1,2026-06-01
consec_cold_days_z_score_lag_3,0.00030106772,hb,1,2026-06-01
precip_total_z_score_lag_3,0.00011199048,hb,1,2026-06-01
wet_days_z_score_lag_3,0.00016419588,hb,1,2026-06-01
dry_days_z_score_lag_3,8.265716e-05,hb,1,2026-06-01
consec_wet_days_z_score_lag_3,0.00014744651,hb,1,2026-06-01
consec_dry_days_z_score_lag_3,0.00014218301,hb,1,2026-06-01
conflict_100km_lag_3,9.373055e-05,hb,1,2026-06-01
conflict_500km_lag_3,5.1304203e-05,hb,1,2026-06-01
fatalities_100km_lag_3,7.658924e-05,hb,1,2026-06-01
fatalities_500km_lag_3,0.00017224245,hb,1,2026-06-01
conflict_12m_100km_lag_3,9.0676294e-05,hb,1,2026-06-01
conflict_12m_500km_lag_3,0.0003520088,hb,1,2026-06-01
fatalities_12m_100km_lag_3,0.00033877138,hb,1,2026-06-01
fatalities_12m_500km_lag_3,0.00088509225,hb,1,2026-06-01
NDVI_mean_lag_3,0.0001751284,hb,1,2026-06-01
EVI_mean_lag_3,0.00012655351,hb,1,2026-06-01
NDVI_z_score_lag_3,0.0012792336,hb,1,2026-06-01
EVI_z_score_lag_3,0.00080812623,hb,1,2026-06-01
NDVI_z_score_crops_lag_3,0.00027032295,hb,1,2026-06-01
NDVI_z_score_grass_lag_3,0.00021839218,hb,1,2026-06-01
NDVI_z_score_shrub_and_scrub_lag_3,0.00013197729,hb,1,2026-06-01
NDVI_z_score_trees_lag_3,0.00012984846,hb,1,2026-06-01
EVI_z_score_crops_lag_3,0.00044175913,hb,1,2026-06-01
EVI_z_score_grass_lag_3,8.387893e-05,hb,1,2026-06-01
EVI_z_score_shrub_and_scrub_lag_3,0.00026170924,hb,1,2026-06-01
EVI_z_score_trees_lag_3,0.00013438062,hb,1,2026-06-01
bare_lag_3,0.00019679287,hb,1,2026-06-01
built_lag_3,0.00011214586,hb,1,2026-06-01
crops_lag_3,0.0001595834,hb,1,2026-06-01
flooded_vegetation_lag_3,4.3783e-05,hb,1,2026-06-01
grass_lag_3,0.00012111883,hb,1,2026-06-01
shrub_and_scrub_lag_3,0.0001483678,hb,1,2026-06-01
trees_lag_3,0.000145192,hb,1,2026-06-01
water_lag_3,0.00021303371,hb,1,2026-06-01
bare_delta_lag_3,0.00014921943,hb,1,2026-06-01
built_delta_lag_3,4.94207e-05,hb,1,2026-06-01
crops_delta_lag_3,0.00018711647,hb,1,2026-06-01
flooded_vegetation_delta_lag_3,6.0266648e-05,hb,1,2026-06-01
grass_delta_lag_3,0.00014211913,hb,1,2026-06-01
shrub_and_scrub_delta_lag_3,0.000111675676,hb,1,2026-06-01
trees_delta_lag_3,0.00022675711,hb,1,2026-06-01
water_delta_lag_3,4.8445236e-05,hb,1,2026-06-01
wasting_lag_3,0.0015276233,hb,1,2026-06-01
wasting_risk_lag_3,0.002603007,hb,1,2026-06-01
wasting_delta_lag_3,0.0003635832,hb,1,2026-06-01
wasting_risk_delta_lag_3,0.00017750903,hb,1,2026-06-01
wasting_sm_lag_3,0.00021337591,hb,1,2026-06-01
wasting_sm_risk_lag_3,0.0011782878,hb,1,2026-06-01
travel_time_to_cities_2015,0.0031584126,hb,2,2026-07-01
density_2015,0.0053495415,hb,2,2026-07-01
density_2020,0.002104419,hb,2,2026-07-01
delta_2015_2020,0.0026155321,hb,2,2026-07-01
avg_temp_z_score_season1_max_prev,0.0059411316,hb,2,2026-07-01
avg_temp_z_score_season1_sum_prev,0.00027415552,hb,2,2026-07-01
avg_temp_z_score_season1_mean_prev,0.0,hb,2,2026-07-01
hot_days_z_score_season1_max_prev,0.0018560089,hb,2,2026-07-01
hot_days_z_score_season1_sum_prev,0.001091103,hb,2,2026-07-01
hot_days_z_score_season1_mean_prev,0.0029834185,hb,2,2026-07-01
cold_days_z_score_season1_max_prev,9.397651e-05,hb,2,2026-07-01
cold_days_z_score_season1_sum_prev,8.625497e-06,hb,2,2026-07-01
cold_days_z_score_season1_mean_prev,0.004648515,hb,2,2026-07-01
consec_hot_days_z_score_season1_max_prev,0.0004496173,hb,2,2026-07-01
consec_hot_days_z_score_season1_sum_prev,9.0814e-05,hb,2,2026-07-01
consec_hot_days_z_score_season1_mean_prev,0.0,hb,2,2026-07-01
consec_cold_days_z_score_season1_max_prev,0.0,hb,2,2026-07-01
consec_cold_days_z_score_season1_sum_prev,0.0,hb,2,2026-07-01
consec_cold_days_z_score_season1_mean_prev,0.0,hb,2,2026-07-01
precip_total_z_score_season1_max_prev,0.00013243034,hb,2,2026-07-01
precip_total_z_score_season1_sum_prev,0.00044390856,hb,2,2026-07-01
precip_total_z_score_season1_mean_prev,0.0004664775,hb,2,2026-07-01
wet_days_z_score_season1_max_prev,0.0018157358,hb,2,2026-07-01
wet_days_z_score_season1_sum_prev,0.0002617862,hb,2,2026-07-01
wet_days_z_score_season1_mean_prev,4.1669326e-05,hb,2,2026-07-01
dry_days_z_score_season1_max_prev,9.321347e-05,hb,2,2026-07-01
dry_days_z_score_season1_sum_prev,0.0,hb,2,2026-07-01
dry_days_z_score_season1_mean_prev,0.0,hb,2,2026-07-01
consec_wet_days_z_score_season1_max_prev,0.00015986493,hb,2,2026-07-01
consec_wet_days_z_score_season1_sum_prev,0.0038556152,hb,2,2026-07-01
consec_wet_days_z_score_season1_mean_prev,3.0673786e-05,hb,2,2026-07-01
consec_dry_days_z_score_season1_max_prev,0.0065300283,hb,2,2026-07-01
consec_dry_days_z_score_season1_sum_prev,0.0014759583,hb,2,2026-07-01
consec_dry_days_z_score_season1_mean_prev,1.3768093e-05,hb,2,2026-07-01
NDVI_mean_season1_max_prev,0.00030758098,hb,2,2026-07-01
NDVI_mean_season1_sum_prev,4.124667e-05,hb,2,2026-07-01
NDVI_mean_season1_mean_prev,0.00016637797,hb,2,2026-07-01
EVI_mean_season1_max_prev,0.000240411,hb,2,2026-07-01
EVI_mean_season1_sum_prev,1.2324788e-05,hb,2,2026-07-01
EVI_mean_season1_mean_prev,1.49354155e-05,hb,2,2026-07-01
NDVI_z_score_season1_max_prev,0.0022751817,hb,2,2026-07-01
NDVI_z_score_season1_sum_prev,0.014548421,hb,2,2026-07-01
NDVI_z_score_season1_mean_prev,0.0,hb,2,2026-07-01
EVI_z_score_season1_max_prev,6.269556e-05,hb,2,2026-07-01
EVI_z_score_season1_sum_prev,0.00016794943,hb,2,2026-07-01
EVI_z_score_season1_mean_prev,9.957829e-05,hb,2,2026-07-01
NDVI_z_score_crops_season1_max_prev,4.8813487e-05,hb,2,2026-07-01
NDVI_z_score_crops_season1_sum_prev,0.00012606896,hb,2,2026-07-01
NDVI_z_score_crops_season1_mean_prev,2.154756e-05,hb,2,2026-07-01
NDVI_z_score_grass_season1_max_prev,0.0012530193,hb,2,2026-07-01
NDVI_z_score_grass_season1_sum_prev,0.00021779368,hb,2,2026-07-01
NDVI_z_score_grass_season1_mean_prev,0.0014589088,hb,2,2026-07-01
NDVI_z_score_shrub_and_scrub_season1_max_prev,2.2320102e-05,hb,2,2026-07-01
NDVI_z_score_shrub_and_scrub_season1_sum_prev,0.00037970173,hb,2,2026-07-01
NDVI_z_score_shrub_and_scrub_season1_mean_prev,1.0535816e-05,hb,2,2026-07-01
NDVI_z_score_trees_season1_max_prev,0.0006595633,hb,2,2026-07-01
NDVI_z_score_trees_season1_sum_prev,0.0035100998,hb,2,2026-07-01
NDVI_z_score_trees_season1_mean_prev,0.00022048327,hb,2,2026-07-01
EVI_z_score_crops_season1_max_prev,0.00030426346,hb,2,2026-07-01
EVI_z_score_crops_season1_sum_prev,0.0020715361,hb,2,2026-07-01
EVI_z_score_crops_season1_mean_prev,2.4480187e-05,hb,2,2026-07-01
EVI_z_score_grass_season1_max_prev,0.00081844325,hb,2,2026-07-01
EVI_z_score_grass_season1_sum_prev,0.0006996469,hb,2,2026-07-01
EVI_z_score_grass_season1_mean_prev,0.0002285668,hb,2,2026-07-01
EVI_z_score_shrub_and_scrub_season1_max_prev,2.745835e-05,hb,2,2026-07-01
EVI_z_score_shrub_and_scrub_season1_sum_prev,0.0001706128,hb,2,2026-07-01
EVI_z_score_shrub_and_scrub_season1_mean_prev,3.2463235e-05,hb,2,2026-07-01
EVI_z_score_trees_season1_max_prev,0.00087122,hb,2,2026-07-01
EVI_z_score_trees_season1_sum_prev,0.00013557497,hb,2,2026-07-01
EVI_z_score_trees_season1_mean_prev,0.00017675561,hb,2,2026-07-01
bare_season1_max_prev,0.00025715498,hb,2,2026-07-01
bare_season1_sum_prev,0.00034291716,hb,2,2026-07-01
bare_season1_mean_prev,1.390955e-05,hb,2,2026-07-01
built_season1_max_prev,0.00015981775,hb,2,2026-07-01
built_season1_sum_prev,2.006879e-05,hb,2,2026-07-01
built_season1_mean_prev,3.9031707e-05,hb,2,2026-07-01
crops_season1_max_prev,2.507962e-05,hb,2,2026-07-01
crops_season1_sum_prev,0.00028645282,hb,2,2026-07-01
crops_season1_mean_prev,4.4655237e-05,hb,2,2026-07-01
flooded_vegetation_season1_max_prev,0.000744836,hb,2,2026-07-01
flooded_vegetation_season1_sum_prev,0.0,hb,2,2026-07-01
flooded_vegetation_season1_mean_prev,0.0,hb,2,2026-07-01
grass_season1_max_prev,0.00013449327,hb,2,2026-07-01
grass_season1_sum_prev,0.0026135978,hb,2,2026-07-01
grass_season1_mean_prev,0.003823603,hb,2,2026-07-01
shrub_and_scrub_season1_max_prev,0.00016628692,hb,2,2026-07-01
shrub_and_scrub_season1_sum_prev,0.00012951414,hb,2,2026-07-01
shrub_and_scrub_season1_mean_prev,0.0010484933,hb,2,2026-07-01
trees_season1_max_prev,0.002483106,hb,2,2026-07-01
trees_season1_sum_prev,0.00041943506,hb,2,2026-07-01
trees_season1_mean_prev,0.00014066556,hb,2,2026-07-01
water_season1_max_prev,0.00034233552,hb,2,2026-07-01
water_season1_sum_prev,0.0017022442,hb,2,2026-07-01
water_season1_mean_prev,0.0,hb,2,2026-07-01
avg_temp_z_score_season2_max_prev,0.00066696596,hb,2,2026-07-01
avg_temp_z_score_season2_sum_prev,1.0383402e-05,hb,2,2026-07-01
avg_temp_z_score_season2_mean_prev,1.9666277e-05,hb,2,2026-07-01
hot_days_z_score_season2_max_prev,0.0014871457,hb,2,2026-07-01
hot_days_z_score_season2_sum_prev,0.00040174145,hb,2,2026-07-01
hot_days_z_score_season2_mean_prev,0.0012247312,hb,2,2026-07-01
cold_days_z_score_season2_max_prev,4.9366186e-05,hb,2,2026-07-01
cold_days_z_score_season2_sum_prev,0.0,hb,2,2026-07-01
cold_days_z_score_season2_mean_prev,0.0028037115,hb,2,2026-07-01
consec_hot_days_z_score_season2_max_prev,6.702161e-05,hb,2,2026-07-01
consec_hot_days_z_score_season2_sum_prev,2.8446131e-05,hb,2,2026-07-01
consec_hot_days_z_score_season2_mean_prev,3.4703764e-05,hb,2,2026-07-01
consec_cold_days_z_score_season2_max_prev,0.0,hb,2,2026-07-01
consec_cold_days_z_score_season2_sum_prev,0.0022046205,hb,2,2026-07-01
consec_cold_days_z_score_season2_mean_prev,0.0,hb,2,2026-07-01
precip_total_z_score_season2_max_prev,0.0013138691,hb,2,2026-07-01
precip_total_z_score_season2_sum_prev,0.0003175973,hb,2,2026-07-01
precip_total_z_score_season2_mean_prev,4.2602707e-05,hb,2,2026-07-01
wet_days_z_score_season2_max_prev,0.0019223973,hb,2,2026-07-01
wet_days_z_score_season2_sum_prev,5.2873773e-05,hb,2,2026-07-01
wet_days_z_score_season2_mean_prev,0.0,hb,2,2026-07-01
dry_days_z_score_season2_max_prev,0.0006092148,hb,2,2026-07-01
dry_days_z_score_season2_sum_prev,0.0,hb,2,2026-07-01
dry_days_z_score_season2_mean_prev,0.0,hb,2,2026-07-01
consec_wet_days_z_score_season2_max_prev,0.00023145798,hb,2,2026-07-01
consec_wet_days_z_score_season2_sum_prev,0.000100844496,hb,2,2026-07-01
consec_wet_days_z_score_season2_mean_prev,0.000647478,hb,2,2026-07-01
consec_dry_days_z_score_season2_max_prev,0.00010180207,hb,2,2026-07-01
consec_dry_days_z_score_season2_sum_prev,0.00017650492,hb,2,2026-07-01
consec_dry_days_z_score_season2_mean_prev,2.0887494e-05,hb,2,2026-07-01
NDVI_mean_season2_max_prev,2.9311856e-05,hb,2,2026-07-01
NDVI_mean_season2_sum_prev,0.00029539128,hb,2,2026-07-01
NDVI_mean_season2_mean_prev,0.0,hb,2,2026-07-01
EVI_mean_season2_max_prev,7.549154e-06,hb,2,2026-07-01
EVI_mean_season2_sum_prev,0.0001257361,hb,2,2026-07-01
EVI_mean_season2_mean_prev,1.7924986e-05,hb,2,2026-07-01
NDVI_z_score_season2_max_prev,3.644617e-05,hb,2,2026-07-01
NDVI_z_score_season2_sum_prev,0.0,hb,2,2026-07-01
NDVI_z_score_season2_mean_prev,1.4999689e-05,hb,2,2026-07-01
EVI_z_score_season2_max_prev,3.5731653e-05,hb,2,2026-07-01
EVI_z_score_season2_sum_prev,4.8996204e-05,hb,2,2026-07-01
EVI_z_score_season2_mean_prev,0.0,hb,2,2026-07-01
NDVI_z_score_crops_season2_max_prev,0.00028664403,hb,2,2026-07-01
NDVI_z_score_crops_season2_sum_prev,0.000106577696,hb,2,2026-07-01
NDVI_z_score_crops_season2_mean_prev,0.0,hb,2,2026-07-01
NDVI_z_score_grass_season2_max_prev,4.4855857e-05,hb,2,2026-07-01
NDVI_z_score_grass_season2_sum_prev,0.0005474402,hb,2,2026-07-01
NDVI_z_score_grass_season2_mean_prev,6.323067e-05,hb,2,2026-07-01
NDVI_z_score_shrub_and_scrub_season2_max_prev,0.00016827436,hb,2,2026-07-01
NDVI_z_score_shrub_and_scrub_season2_sum_prev,8.291713e-06,hb,2,2026-07-01
NDVI_z_score_shrub_and_scrub_season2_mean_prev,0.0,hb,2,2026-07-01
NDVI_z_score_trees_season2_max_prev,0.00076722883,hb,2,2026-07-01
NDVI_z_score_trees_season2_sum_prev,2.700125e-05,hb,2,2026-07-01
NDVI_z_score_trees_season2_mean_prev,0.00077222555,hb,2,2026-07-01
EVI_z_score_crops_season2_max_prev,0.00034870204,hb,2,2026-07-01
EVI_z_score_crops_season2_sum_prev,8.1828344e-05,hb,2,2026-07-01
EVI_z_score_crops_season2_mean_prev,1.773141e-05,hb,2,2026-07-01
EVI_z_score_grass_season2_max_prev,0.00015681959,hb,2,2026-07-01
EVI_z_score_grass_season2_sum_prev,0.00036864128,hb,2,2026-07-01
EVI_z_score_grass_season2_mean_prev,0.00036031485,hb,2,2026-07-01
EVI_z_score_shrub_and_scrub_season2_max_prev,2.0440486e-05,hb,2,2026-07-01
EVI_z_score_shrub_and_scrub_season2_sum_prev,0.00019542244,hb,2,2026-07-01
EVI_z_score_shrub_and_scrub_season2_mean_prev,4.3599746e-05,hb,2,2026-07-01
EVI_z_score_trees_season2_max_prev,0.0004955426,hb,2,2026-07-01
EVI_z_score_trees_season2_sum_prev,3.1245898e-05,hb,2,2026-07-01
EVI_z_score_trees_season2_mean_prev,0.00070839876,hb,2,2026-07-01
bare_season2_max_prev,0.0004603987,hb,2,2026-07-01
bare_season2_sum_prev,4.021323e-05,hb,2,2026-07-01
bare_season2_mean_prev,9.725172e-05,hb,2,2026-07-01
built_season2_max_prev,0.00013509516,hb,2,2026-07-01
built_season2_sum_prev,0.00037535466,hb,2,2026-07-01
built_season2_mean_prev,0.00070140546,hb,2,2026-07-01
crops_season2_max_prev,0.0019674317,hb,2,2026-07-01
crops_season2_sum_prev,4.086723e-05,hb,2,2026-07-01
crops_season2_mean_prev,0.0,hb,2,2026-07-01
flooded_vegetation_season2_max_prev,0.00024534977,hb,2,2026-07-01
flooded_vegetation_season2_sum_prev,1.4670106e-05,hb,2,2026-07-01
flooded_vegetation_season2_mean_prev,0.0,hb,2,2026-07-01
grass_season2_max_prev,7.739281e-06,hb,2,2026-07-01
grass_season2_sum_prev,1.121553e-05,hb,2,2026-07-01
grass_season2_mean_prev,0.0,hb,2,2026-07-01
shrub_and_scrub_season2_max_prev,0.0002016881,hb,2,2026-07-01
shrub_and_scrub_season2_sum_prev,0.00018726544,hb,2,2026-07-01
shrub_and_scrub_season2_mean_prev,0.00051071285,hb,2,2026-07-01
trees_season2_max_prev,3.7433096e-05,hb,2,2026-07-01
trees_season2_sum_prev,8.2606464e-05,hb,2,2026-07-01
trees_season2_mean_prev,7.0360084e-06,hb,2,2026-07-01
water_season2_max_prev,0.00061681535,hb,2,2026-07-01
water_season2_sum_prev,0.0009928126,hb,2,2026-07-01
water_season2_mean_prev,0.005446272,hb,2,2026-07-01
avg_temp_z_score_lag_2,0.004946732,hb,2,2026-07-01
hot_days_z_score_lag_2,0.00062143867,hb,2,2026-07-01
cold_days_z_score_lag_2,0.0010378526,hb,2,2026-07-01
consec_hot_days_z_score_lag_2,0.00043107884,hb,2,2026-07-01
consec_cold_days_z_score_lag_2,0.000103582934,hb,2,2026-07-01
precip_total_z_score_lag_2,0.00033808887,hb,2,2026-07-01
wet_days_z_score_lag_2,0.00043427097,hb,2,2026-07-01
dry_days_z_score_lag_2,3.3336433e-05,hb,2,2026-07-01
consec_wet_days_z_score_lag_2,9.6412834e-05,hb,2,2026-07-01
consec_dry_days_z_score_lag_2,0.00011389792,hb,2,2026-07-01
conflict_100km_lag_2,0.0012721991,hb,2,2026-07-01
conflict_500km_lag_2,0.0002424383,hb,2,2026-07-01
fatalities_100km_lag_2,0.0035914963,hb,2,2026-07-01
fatalities_500km_lag_2,0.0003922925,hb,2,2026-07-01
conflict_12m_100km_lag_2,0.0007333648,hb,2,2026-07-01
conflict_12m_500km_lag_2,0.0008719635,hb,2,2026-07-01
fatalities_12m_100km_lag_2,0.00043776754,hb,2,2026-07-01
fatalities_12m_500km_lag_2,0.00012796112,hb,2,2026-07-01
NDVI_mean_lag_2,0.00060556974,hb,2,2026-07-01
EVI_mean_lag_2,0.0005996362,hb,2,2026-07-01
NDVI_z_score_lag_2,0.00101383,hb,2,2026-07-01
EVI_z_score_lag_2,0.00031253122,hb,2,2026-07-01
NDVI_z_score_crops_lag_2,0.00018659375,hb,2,2026-07-01
NDVI_z_score_grass_lag_2,0.00029183115,hb,2,2026-07-01
NDVI_z_score_shrub_and_scrub_lag_2,0.00013644458,hb,2,2026-07-01
NDVI_z_score_trees_lag_2,0.000950627,hb,2,2026-07-01
EVI_z_score_crops_lag_2,0.00021130033,hb,2,2026-07-01
EVI_z_score_grass_lag_2,4.8568145e-05,hb,2,2026-07-01
EVI_z_score_shrub_and_scrub_lag_2,0.00012165023,hb,2,2026-07-01
EVI_z_score_trees_lag_2,0.00018407746,hb,2,2026-07-01
bare_lag_2,0.000257108,hb,2,2026-07-01
built_lag_2,0.0003309911,hb,2,2026-07-01
crops_lag_2,0.00050884474,hb,2,2026-07-01
flooded_vegetation_lag_2,0.00031481302,hb,2,2026-07-01
grass_lag_2,8.6400876e-05,hb,2,2026-07-01
shrub_and_scrub_lag_2,0.00024680048,hb,2,2026-07-01
trees_lag_2,0.0003514033,hb,2,2026-07-01
water_lag_2,0.0006413559,hb,2,2026-07-01
bare_delta_lag_2,0.00021239322,hb,2,2026-07-01
built_delta_lag_2,0.0003207219,hb,2,2026-07-01
crops_delta_lag_2,0.00013803675,hb,2,2026-07-01
flooded_vegetation_delta_lag_2,0.0008592181,hb,2,2026-07-01
grass_delta_lag_2,8.139353e-05,hb,2,2026-07-01
shrub_and_scrub_delta_lag_2,3.5765428e-05,hb,2,2026-07-01
trees_delta_lag_2,0.0006992168,hb,2,2026-07-01
water_delta_lag_2,8.7792854e-05,hb,2,2026-07-01
wasting_lag_2,0.24137649,hb,2,2026-07-01
wasting_risk_lag_2,0.0019907798,hb,2,2026-07-01
wasting_delta_lag_2,0.006117807,hb,2,2026-07-01
wasting_risk_delta_lag_2,0.0002230498,hb,2,2026-07-01
wasting_sm_lag_2,0.5123293,hb,2,2026-07-01
wasting_sm_risk_lag_2,0.007972218,hb,2,2026-07-01
avg_temp_z_score_lag_3,0.0005562817,hb,2,2026-07-01
hot_days_z_score_lag_3,0.00016166818,hb,2,2026-07-01
cold_days_z_score_lag_3,0.00095280044,hb,2,2026-07-01
consec_hot_days_z_score_lag_3,0.0005345903,hb,2,2026-07-01
consec_cold_days_z_score_lag_3,0.0004664279,hb,2,2026-07-01
precip_total_z_score_lag_3,0.00024338813,hb,2,2026-07-01
wet_days_z_score_lag_3,0.0002782746,hb,2,2026-07-01
dry_days_z_score_lag_3,1.1207211e-05,hb,2,2026-07-01
consec_wet_days_z_score_lag_3,4.4231165e-05,hb,2,2026-07-01
consec_dry_days_z_score_lag_3,0.0028025482,hb,2,2026-07-01
conflict_100km_lag_3,0.00021911098,hb,2,2026-07-01
conflict_500km_lag_3,0.00089507614,hb,2,2026-07-01
fatalities_100km_lag_3,7.097149e-05,hb,2,2026-07-01
fatalities_500km_lag_3,8.5381835e-05,hb,2,2026-07-01
conflict_12m_100km_lag_3,0.000120395365,hb,2,2026-07-01
conflict_12m_500km_lag_3,0.00048477162,hb,2,2026-07-01
fatalities_12m_100km_lag_3,0.00010333589,hb,2,2026-07-01
fatalities_12m_500km_lag_3,0.0001693123,hb,2,2026-07-01
NDVI_mean_lag_3,4.0449242e-05,hb,2,2026-07-01
EVI_mean_lag_3,0.0009397176,hb,2,2026-07-01
NDVI_z_score_lag_3,0.0004458776,hb,2,2026-07-01
EVI_z_score_lag_3,0.00031944297,hb,2,2026-07-01
NDVI_z_score_crops_lag_3,0.00027713043,hb,2,2026-07-01
NDVI_z_score_grass_lag_3,0.0001358291,hb,2,2026-07-01
NDVI_z_score_shrub_and_scrub_lag_3,6.805803e-05,hb,2,2026-07-01
NDVI_z_score_trees_lag_3,0.00061561784,hb,2,2026-07-01
EVI_z_score_crops_lag_3,0.00014784005,hb,2,2026-07-01
EVI_z_score_grass_lag_3,0.00012876625,hb,2,2026-07-01
EVI_z_score_shrub_and_scrub_lag_3,0.00015832708,hb,2,2026-07-01
EVI_z_score_trees_lag_3,0.00023161093,hb,2,2026-07-01
bare_lag_3,0.00018988969,hb,2,2026-07-01
built_lag_3,0.00041704334,hb,2,2026-07-01
crops_lag_3,0.00024790235,hb,2,2026-07-01
flooded_vegetation_lag_3,6.6471235e-05,hb,2,2026-07-01
grass_lag_3,9.285818e-05,hb,2,2026-07-01
shrub_and_scrub_lag_3,0.00046521978,hb,2,2026-07-01
trees_lag_3,0.00019073955,hb,2,2026-07-01
water_lag_3,4.2677497e-05,hb,2,2026-07-01
bare_delta_lag_3,0.00045783393,hb,2,2026-07-01
built_delta_lag_3,0.00014950018,hb,2,2026-07-01
crops_delta_lag_3,0.000110820714,hb,2,2026-07-01
flooded_vegetation_delta_lag_3,0.0029413423,hb,2,2026-07-01
grass_delta_lag_3,0.00029777628,hb,2,2026-07-01
shrub_and_scrub_delta_lag_3,0.00013381145,hb,2,2026-07-01
trees_delta_lag_3,0.00023855257,hb,2,2026-07-01
water_delta_lag_3,5.793471e-05,hb,2,2026-07-01
wasting_lag_3,0.012967434,hb,2,2026-07-01
wasting_risk_lag_3,0.003961522,hb,2,2026-07-01
wasting_delta_lag_3,0.005175371,hb,2,2026-07-01
wasting_risk_delta_lag_3,0.00046105712,hb,2,2026-07-01
wasting_sm_lag_3,0.0019708276,hb,2,2026-07-01
wasting_sm_risk_lag_3,0.009576805,hb,2,2026-07-01
avg_temp_z_score_lag_4,7.743431e-05,hb,2,2026-07-01
hot_days_z_score_lag_4,0.00019549023,hb,2,2026-07-01
cold_days_z_score_lag_4,0.00023041913,hb,2,2026-07-01
consec_hot_days_z_score_lag_4,0.003724312,hb,2,2026-07-01
consec_cold_days_z_score_lag_4,0.00063180644,hb,2,2026-07-01
precip_total_z_score_lag_4,0.00012563523,hb,2,2026-07-01
wet_days_z_score_lag_4,7.409225e-05,hb,2,2026-07-01
dry_days_z_score_lag_4,0.00033482697,hb,2,2026-07-01
consec_wet_days_z_score_lag_4,0.0002659546,hb,2,2026-07-01
consec_dry_days_z_score_lag_4,0.00039597423,hb,2,2026-07-01
conflict_100km_lag_4,5.662433e-05,hb,2,2026-07-01
conflict_500km_lag_4,7.673802e-05,hb,2,2026-07-01
fatalities_100km_lag_4,0.00027226028,hb,2,2026-07-01
fatalities_500km_lag_4,0.00012232101,hb,2,2026-07-01
conflict_12m_100km_lag_4,0.00031225558,hb,2,2026-07-01
conflict_12m_500km_lag_4,0.0002907979,hb,2,2026-07-01
fatalities_12m_100km_lag_4,0.0013245653,hb,2,2026-07-01
fatalities_12m_500km_lag_4,0.00024040774,hb,2,2026-07-01
NDVI_mean_lag_4,0.00018885035,hb,2,2026-07-01
EVI_mean_lag_4,0.00068342447,hb,2,2026-07-01
NDVI_z_score_lag_4,0.0010167494,hb,2,2026-07-01
EVI_z_score_lag_4,0.0002037439,hb,2,2026-07-01
NDVI_z_score_crops_lag_4,0.00045832226,hb,2,2026-07-01
NDVI_z_score_grass_lag_4,0.00015070155,hb,2,2026-07-01
NDVI_z_score_shrub_and_scrub_lag_4,0.000209916,hb,2,2026-07-01
NDVI_z_score_trees_lag_4,0.0008616832,hb,2,2026-07-01
EVI_z_score_crops_lag_4,0.00028489743,hb,2,2026-07-01
EVI_z_score_grass_lag_4,0.0001519262,hb,2,2026-07-01
EVI_z_score_shrub_and_scrub_lag_4,0.000104352766,hb,2,2026-07-01
EVI_z_score_trees_lag_4,5.597943e-05,hb,2,2026-07-01
bare_lag_4,0.0029381448,hb,2,2026-07-01
built_lag_4,4.5880002e-05,hb,2,2026-07-01
crops_lag_4,9.332008e-05,hb,2,2026-07-01
flooded_vegetation_lag_4,5.738343e-05,hb,2,2026-07-01
grass_lag_4,3.0005036e-05,hb,2,2026-07-01
shrub_and_scrub_lag_4,0.00015483018,hb,2,2026-07-01
trees_lag_4,0.00016298074,hb,2,2026-07-01
water_lag_4,8.9229645e-05,hb,2,2026-07-01
wasting_lag_4,0.0010966253,hb,2,2026-07-01
wasting_risk_lag_4,0.0010550591,hb,2,2026-07-01
wasting_sm_lag_4,0.00018568213,hb,2,2026-07-01
wasting_sm_risk_lag_4,0.008076848,hb,2,2026-07-01
travel_time_to_cities_2015,0.003577557,hb,3,2026-08-01
density_2015,0.0049045933,hb,3,2026-08-01
density_2020,0.0012435985,hb,3,2026-08-01
delta_2015_2020,0.001984356,hb,3,2026-08-01
avg_temp_z_score_season1_max_prev,0.0040431917,hb,3,2026-08-01
avg_temp_z_score_season1_sum_prev,0.00015500603,hb,3,2026-08-01
avg_temp_z_score_season1_mean_prev,0.00021021493,hb,3,2026-08-01
hot_days_z_score_season1_max_prev,0.0029798124,hb,3,2026-08-01
hot_days_z_score_season1_sum_prev,0.0056846626,hb,3,2026-08-01
hot_days_z_score_season1_mean_prev,0.03314569,hb,3,2026-08-01
cold_days_z_score_season1_max_prev,1.1539358e-05,hb,3,2026-08-01
cold_days_z_score_season1_sum_prev,0.00037044438,hb,3,2026-08-01
cold_days_z_score_season1_mean_prev,0.0,hb,3,2026-08-01
consec_hot_days_z_score_season1_max_prev,7.833941e-05,hb,3,2026-08-01
consec_hot_days_z_score_season1_sum_prev,0.0029942442,hb,3,2026-08-01
consec_hot_days_z_score_season1_mean_prev,0.0,hb,3,2026-08-01
consec_cold_days_z_score_season1_max_prev,0.0,hb,3,2026-08-01
consec_cold_days_z_score_season1_sum_prev,0.0,hb,3,2026-08-01
consec_cold_days_z_score_season1_mean_prev,0.0,hb,3,2026-08-01
precip_total_z_score_season1_max_prev,0.00043379748,hb,3,2026-08-01
precip_total_z_score_season1_sum_prev,0.00015219708,hb,3,2026-08-01
precip_total_z_score_season1_mean_prev,0.00015011686,hb,3,2026-08-01
wet_days_z_score_season1_max_prev,0.001980706,hb,3,2026-08-01
wet_days_z_score_season1_sum_prev,0.00049992127,hb,3,2026-08-01
wet_days_z_score_season1_mean_prev,0.00063957373,hb,3,2026-08-01
dry_days_z_score_season1_max_prev,0.00047385914,hb,3,2026-08-01
dry_days_z_score_season1_sum_prev,4.1956107e-05,hb,3,2026-08-01
dry_days_z_score_season1_mean_prev,0.0006762376,hb,3,2026-08-01
consec_wet_days_z_score_season1_max_prev,0.0001287854,hb,3,2026-08-01
consec_wet_days_z_score_season1_sum_prev,0.0020876636,hb,3,2026-08-01
consec_wet_days_z_score_season1_mean_prev,8.575461e-06,hb,3,2026-08-01
consec_dry_days_z_score_season1_max_prev,0.0036761865,hb,3,2026-08-01
consec_dry_days_z_score_season1_sum_prev,0.00017235318,hb,3,2026-08-01
consec_dry_days_z_score_season1_mean_prev,2.7447404e-05,hb,3,2026-08-01
NDVI_mean_season1_max_prev,0.0004533121,hb,3,2026-08-01
NDVI_mean_season1_sum_prev,2.5419078e-05,hb,3,2026-08-01
NDVI_mean_season1_mean_prev,0.0012364953,hb,3,2026-08-01
EVI_mean_season1_max_prev,0.00012663525,hb,3,2026-08-01
EVI_mean_season1_sum_prev,0.0028027873,hb,3,2026-08-01
EVI_mean_season1_mean_prev,2.0350426e-05,hb,3,2026-08-01
NDVI_z_score_season1_max_prev,3.0812782e-05,hb,3,2026-08-01
NDVI_z_score_season1_sum_prev,4.9591432e-05,hb,3,2026-08-01
NDVI_z_score_season1_mean_prev,0.0035174356,hb,3,2026-08-01
EVI_z_score_season1_max_prev,2.2402872e-05,hb,3,2026-08-01
EVI_z_score_season1_sum_prev,0.0,hb,3,2026-08-01
EVI_z_score_season1_mean_prev,1.6022444e-05,hb,3,2026-08-01
NDVI_z_score_crops_season1_max_prev,0.00015666179,hb,3,2026-08-01
NDVI_z_score_crops_season1_sum_prev,0.0014185566,hb,3,2026-08-01
NDVI_z_score_crops_season1_mean_prev,0.0011213429,hb,3,2026-08-01
NDVI_z_score_grass_season1_max_prev,0.00023211574,hb,3,2026-08-01
NDVI_z_score_grass_season1_sum_prev,0.00042509977,hb,3,2026-08-01
NDVI_z_score_grass_season1_mean_prev,6.839188e-05,hb,3,2026-08-01
NDVI_z_score_shrub_and_scrub_season1_max_prev,0.00029235138,hb,3,2026-08-01
NDVI_z_score_shrub_and_scrub_season1_sum_prev,0.00086288695,hb,3,2026-08-01
NDVI_z_score_shrub_and_scrub_season1_mean_prev,6.02389e-06,hb,3,2026-08-01
NDVI_z_score_trees_season1_max_prev,0.000106311425,hb,3,2026-08-01
NDVI_z_score_trees_season1_sum_prev,0.0023915928,hb,3,2026-08-01
NDVI_z_score_trees_season1_mean_prev,0.045088723,hb,3,2026-08-01
EVI_z_score_crops_season1_max_prev,0.0005301573,hb,3,2026-08-01
EVI_z_score_crops_season1_sum_prev,0.0011466469,hb,3,2026-08-01
EVI_z_score_crops_season1_mean_prev,1.3331383e-05,hb,3,2026-08-01
EVI_z_score_grass_season1_max_prev,0.0010936888,hb,3,2026-08-01
EVI_z_score_grass_season1_sum_prev,0.00074540556,hb,3,2026-08-01
EVI_z_score_grass_season1_mean_prev,5.6667162e-05,hb,3,2026-08-01
EVI_z_score_shrub_and_scrub_season1_max_prev,1.9571427e-05,hb,3,2026-08-01
EVI_z_score_shrub_and_scrub_season1_sum_prev,7.37365e-05,hb,3,2026-08-01
EVI_z_score_shrub_and_scrub_season1_mean_prev,1.3636813e-05,hb,3,2026-08-01
EVI_z_score_trees_season1_max_prev,2.6810443e-05,hb,3,2026-08-01
EVI_z_score_trees_season1_sum_prev,1.697938e-05,hb,3,2026-08-01
EVI_z_score_trees_season1_mean_prev,3.930388e-05,hb,3,2026-08-01
bare_season1_max_prev,0.002603107,hb,3,2026-08-01
bare_season1_sum_prev,0.009659435,hb,3,2026-08-01
bare_season1_mean_prev,0.00010474678,hb,3,2026-08-01
built_season1_max_prev,0.0002631515,hb,3,2026-08-01
built_season1_sum_prev,0.00048774818,hb,3,2026-08-01
built_season1_mean_prev,0.00012067708,hb,3,2026-08-01
crops_season1_max_prev,0.0007176081,hb,3,2026-08-01
crops_season1_sum_prev,0.00014494373,hb,3,2026-08-01
crops_season1_mean_prev,9.832769e-06,hb,3,2026-08-01
flooded_vegetation_season1_max_prev,0.0007835506,hb,3,2026-08-01
flooded_vegetation_season1_sum_prev,0.051213104,hb,3,2026-08-01
flooded_vegetation_season1_mean_prev,0.0,hb,3,2026-08-01
grass_season1_max_prev,0.00012901754,hb,3,2026-08-01
grass_season1_sum_prev,0.0013388904,hb,3,2026-08-01
grass_season1_mean_prev,4.5414945e-05,hb,3,2026-08-01
shrub_and_scrub_season1_max_prev,0.00024371914,hb,3,2026-08-01
shrub_and_scrub_season1_sum_prev,2.2276145e-05,hb,3,2026-08-01
shrub_and_scrub_season1_mean_prev,0.0003226896,hb,3,2026-08-01
trees_season1_max_prev,2.084779e-05,hb,3,2026-08-01
trees_season1_sum_prev,0.0012630154,hb,3,2026-08-01
trees_season1_mean_prev,2.7113383e-05,hb,3,2026-08-01
water_season1_max_prev,2.8873941e-05,hb,3,2026-08-01
water_season1_sum_prev,1.1376197e-05,hb,3,2026-08-01
water_season1_mean_prev,3.3521643e-05,hb,3,2026-08-01
avg_temp_z_score_season2_max_prev,0.001698558,hb,3,2026-08-01
avg_temp_z_score_season2_sum_prev,0.00010487788,hb,3,2026-08-01
avg_temp_z_score_season2_mean_prev,4.664719e-06,hb,3,2026-08-01
hot_days_z_score_season2_max_prev,0.00019617287,hb,3,2026-08-01
hot_days_z_score_season2_sum_prev,0.0008063163,hb,3,2026-08-01
hot_days_z_score_season2_mean_prev,0.0004219555,hb,3,2026-08-01
cold_days_z_score_season2_max_prev,5.2641703e-06,hb,3,2026-08-01
cold_days_z_score_season2_sum_prev,0.0018819435,hb,3,2026-08-01
cold_days_z_score_season2_mean_prev,0.000116209565,hb,3,2026-08-01
consec_hot_days_z_score_season2_max_prev,2.9016925e-05,hb,3,2026-08-01
consec_hot_days_z_score_season2_sum_prev,0.003076038,hb,3,2026-08-01
consec_hot_days_z_score_season2_mean_prev,0.0,hb,3,2026-08-01
consec_cold_days_z_score_season2_max_prev,5.3425524e-06,hb,3,2026-08-01
consec_cold_days_z_score_season2_sum_prev,0.0,hb,3,2026-08-01
consec_cold_days_z_score_season2_mean_prev,0.0,hb,3,2026-08-01
precip_total_z_score_season2_max_prev,0.0015837833,hb,3,2026-08-01
precip_total_z_score_season2_sum_prev,0.00020267142,hb,3,2026-08-01
precip_total_z_score_season2_mean_prev,0.0,hb,3,2026-08-01
wet_days_z_score_season2_max_prev,7.677131e-05,hb,3,2026-08-01
wet_days_z_score_season2_sum_prev,0.00060249894,hb,3,2026-08-01
wet_days_z_score_season2_mean_prev,3.8181977e-05,hb,3,2026-08-01
dry_days_z_score_season2_max_prev,0.0003450506,hb,3,2026-08-01
dry_days_z_score_season2_sum_prev,0.0,hb,3,2026-08-01
dry_days_z_score_season2_mean_prev,0.0,hb,3,2026-08-01
consec_wet_days_z_score_season2_max_prev,0.004507989,hb,3,2026-08-01
consec_wet_days_z_score_season2_sum_prev,3.101652e-05,hb,3,2026-08-01
consec_wet_days_z_score_season2_mean_prev,0.00014329219,hb,3,2026-08-01
consec_dry_days_z_score_season2_max_prev,0.0047674486,hb,3,2026-08-01
consec_dry_days_z_score_season2_sum_prev,0.00014164137,hb,3,2026-08-01
consec_dry_days_z_score_season2_mean_prev,9.260108e-06,hb,3,2026-08-01
NDVI_mean_season2_max_prev,0.00024679536,hb,3,2026-08-01
NDVI_mean_season2_sum_prev,0.00018547683,hb,3,2026-08-01
NDVI_mean_season2_mean_prev,6.4881664e-05,hb,3,2026-08-01
EVI_mean_season2_max_prev,0.0007290178,hb,3,2026-08-01
EVI_mean_season2_sum_prev,0.0005030152,hb,3,2026-08-01
EVI_mean_season2_mean_prev,0.0001301206,hb,3,2026-08-01
NDVI_z_score_season2_max_prev,0.00013994606,hb,3,2026-08-01
NDVI_z_score_season2_sum_prev,6.858318e-05,hb,3,2026-08-01
NDVI_z_score_season2_mean_prev,0.0,hb,3,2026-08-01
EVI_z_score_season2_max_prev,7.594754e-05,hb,3,2026-08-01
EVI_z_score_season2_sum_prev,0.0003829111,hb,3,2026-08-01
EVI_z_score_season2_mean_prev,8.709458e-06,hb,3,2026-08-01
NDVI_z_score_crops_season2_max_prev,0.0020915517,hb,3,2026-08-01
NDVI_z_score_crops_season2_sum_prev,4.5227906e-05,hb,3,2026-08-01
NDVI_z_score_crops_season2_mean_prev,0.0,hb,3,2026-08-01
NDVI_z_score_grass_season2_max_prev,0.0007060222,hb,3,2026-08-01
NDVI_z_score_grass_season2_sum_prev,0.0008696452,hb,3,2026-08-01
NDVI_z_score_grass_season2_mean_prev,0.0013841769,hb,3,2026-08-01
NDVI_z_score_shrub_and_scrub_season2_max_prev,0.0016843663,hb,3,2026-08-01
NDVI_z_score_shrub_and_scrub_season2_sum_prev,0.00036034296,hb,3,2026-08-01
NDVI_z_score_shrub_and_scrub_season2_mean_prev,2.7342241e-05,hb,3,2026-08-01
NDVI_z_score_trees_season2_max_prev,0.0003621739,hb,3,2026-08-01
NDVI_z_score_trees_season2_sum_prev,3.5548917e-05,hb,3,2026-08-01
NDVI_z_score_trees_season2_mean_prev,0.00020193131,hb,3,2026-08-01
EVI_z_score_crops_season2_max_prev,0.00043970888,hb,3,2026-08-01
EVI_z_score_crops_season2_sum_prev,0.00036698143,hb,3,2026-08-01
EVI_z_score_crops_season2_mean_prev,0.0019279775,hb,3,2026-08-01
EVI_z_score_grass_season2_max_prev,0.0002933544,hb,3,2026-08-01
EVI_z_score_grass_season2_sum_prev,0.0002950558,hb,3,2026-08-01
EVI_z_score_grass_season2_mean_prev,0.0009846234,hb,3,2026-08-01
EVI_z_score_shrub_and_scrub_season2_max_prev,1.575296e-05,hb,3,2026-08-01
EVI_z_score_shrub_and_scrub_season2_sum_prev,0.0001870531,hb,3,2026-08-01
EVI_z_score_shrub_and_scrub_season2_mean_prev,0.00021722594,hb,3,2026-08-01
EVI_z_score_trees_season2_max_prev,0.0012042733,hb,3,2026-08-01
EVI_z_score_trees_season2_sum_prev,1.517058e-05,hb,3,2026-08-01
EVI_z_score_trees_season2_mean_prev,8.3914296e-05,hb,3,2026-08-01
bare_season2_max_prev,6.327123e-05,hb,3,2026-08-01
bare_season2_sum_prev,0.00028295544,hb,3,2026-08-01
bare_season2_mean_prev,1.5982268e-05,hb,3,2026-08-01
built_season2_max_prev,0.0005664228,hb,3,2026-08-01
built_season2_sum_prev,0.0007350576,hb,3,2026-08-01
built_season2_mean_prev,2.1264816e-05,hb,3,2026-08-01
crops_season2_max_prev,4.3483982e-05,hb,3,2026-08-01
crops_season2_sum_prev,0.0003968079,hb,3,2026-08-01
crops_season2_mean_prev,6.7595197e-06,hb,3,2026-08-01
flooded_vegetation_season2_max_prev,2.4450428e-05,hb,3,2026-08-01
flooded_vegetation_season2_sum_prev,9.112552e-05,hb,3,2026-08-01
flooded_vegetation_season2_mean_prev,0.0,hb,3,2026-08-01
grass_season2_max_prev,9.9377125e-05,hb,3,2026-08-01
grass_season2_sum_prev,5.0448416e-06,hb,3,2026-08-01
grass_season2_mean_prev,9.142054e-06,hb,3,2026-08-01
shrub_and_scrub_season2_max_prev,0.0020915973,hb,3,2026-08-01
shrub_and_scrub_season2_sum_prev,0.00026840554,hb,3,2026-08-01
shrub_and_scrub_season2_mean_prev,5.997443e-05,hb,3,2026-08-01
trees_season2_max_prev,0.009518306,hb,3,2026-08-01
trees_season2_sum_prev,0.00015114211,hb,3,2026-08-01
trees_season2_mean_prev,3.4412374e-06,hb,3,2026-08-01
water_season2_max_prev,0.0016031426,hb,3,2026-08-01
water_season2_sum_prev,0.0006724511,hb,3,2026-08-01
water_season2_mean_prev,2.1224036e-05,hb,3,2026-08-01
avg_temp_z_score_lag_3,0.002123533,hb,3,2026-08-01
hot_days_z_score_lag_3,0.0006794224,hb,3,2026-08-01
cold_days_z_score_lag_3,0.00024431513,hb,3,2026-08-01
consec_hot_days_z_score_lag_3,0.00056219584,hb,3,2026-08-01
consec_cold_days_z_score_lag_3,0.0017058958,hb,3,2026-08-01
precip_total_z_score_lag_3,0.00022514164,hb,3,2026-08-01
wet_days_z_score_lag_3,0.00012422031,hb,3,2026-08-01
dry_days_z_score_lag_3,2.6696187e-05,hb,3,2026-08-01
consec_wet_days_z_score_lag_3,8.93203e-05,hb,3,2026-08-01
consec_dry_days_z_score_lag_3,0.00026849305,hb,3,2026-08-01
conflict_100km_lag_3,0.00056474574,hb,3,2026-08-01
conflict_500km_lag_3,0.0006216718,hb,3,2026-08-01
fatalities_100km_lag_3,0.00023705381,hb,3,2026-08-01
fatalities_500km_lag_3,0.00024460058,hb,3,2026-08-01
conflict_12m_100km_lag_3,0.00040251113,hb,3,2026-08-01
conflict_12m_500km_lag_3,0.0003669913,hb,3,2026-08-01
fatalities_12m_100km_lag_3,0.00070832047,hb,3,2026-08-01
fatalities_12m_500km_lag_3,0.00013765086,hb,3,2026-08-01
NDVI_mean_lag_3,0.00033599982,hb,3,2026-08-01
EVI_mean_lag_3,0.00016577762,hb,3,2026-08-01
NDVI_z_score_lag_3,0.0011046276,hb,3,2026-08-01
EVI_z_score_lag_3,0.00049404154,hb,3,2026-08-01
NDVI_z_score_crops_lag_3,0.0023953924,hb,3,2026-08-01
NDVI_z_score_grass_lag_3,0.00021833475,hb,3,2026-08-01
NDVI_z_score_shrub_and_scrub_lag_3,0.00034915216,hb,3,2026-08-01
NDVI_z_score_trees_lag_3,0.0010709629,hb,3,2026-08-01
EVI_z_score_crops_lag_3,0.00037043393,hb,3,2026-08-01
EVI_z_score_grass_lag_3,0.00044680366,hb,3,2026-08-01
EVI_z_score_shrub_and_scrub_lag_3,9.08868e-05,hb,3,2026-08-01
EVI_z_score_trees_lag_3,6.7888206e-05,hb,3,2026-08-01
bare_lag_3,0.00027408684,hb,3,2026-08-01
built_lag_3,0.00041612113,hb,3,2026-08-01
crops_lag_3,0.00018593168,hb,3,2026-08-01
flooded_vegetation_lag_3,6.1563915e-05,hb,3,2026-08-01
grass_lag_3,7.923013e-05,hb,3,2026-08-01
shrub_and_scrub_lag_3,0.00014707407,hb,3,2026-08-01
trees_lag_3,0.00079174864,hb,3,2026-08-01
water_lag_3,0.0005896956,hb,3,2026-08-01
bare_delta_lag_3,0.000383809,hb,3,2026-08-01
built_delta_lag_3,0.00043051044,hb,3,2026-08-01
crops_delta_lag_3,0.0002537628,hb,3,2026-08-01
flooded_vegetation_delta_lag_3,0.0027934841,hb,3,2026-08-01
grass_delta_lag_3,0.00017806618,hb,3,2026-08-01
shrub_and_scrub_delta_lag_3,0.00048228193,hb,3,2026-08-01
trees_delta_lag_3,0.00038572768,hb,3,2026-08-01
water_delta_lag_3,4.3069744e-05,hb,3,2026-08-01
wasting_lag_3,0.43993387,hb,3,2026-08-01
wasting_risk_lag_3,0.0008847232,hb,3,2026-08-01
wasting_delta_lag_3,0.008769168,hb,3,2026-08-01
wasting_risk_delta_lag_3,0.000587804,hb,3,2026-08-01
wasting_sm_lag_3,0.1339446,hb,3,2026-08-01
wasting_sm_risk_lag_3,0.01852718,hb,3,2026-08-01
avg_temp_z_score_lag_4,7.138862e-05,hb,3,2026-08-01
hot_days_z_score_lag_4,0.0026353884,hb,3,2026-08-01
cold_days_z_score_lag_4,7.381961e-05,hb,3,2026-08-01
consec_hot_days_z_score_lag_4,0.0044320375,hb,3,2026-08-01
consec_cold_days_z_score_lag_4,2.4716617e-05,hb,3,2026-08-01
precip_total_z_score_lag_4,8.391032e-05,hb,3,2026-08-01
wet_days_z_score_lag_4,8.784345e-05,hb,3,2026-08-01
dry_days_z_score_lag_4,4.1234824e-05,hb,3,2026-08-01
consec_wet_days_z_score_lag_4,6.395718e-05,hb,3,2026-08-01
consec_dry_days_z_score_lag_4,0.00026273387,hb,3,2026-08-01
conflict_100km_lag_4,0.00072365504,hb,3,2026-08-01
conflict_500km_lag_4,0.0027110493,hb,3,2026-08-01
fatalities_100km_lag_4,3.7181926e-05,hb,3,2026-08-01
fatalities_500km_lag_4,0.00012998171,hb,3,2026-08-01
conflict_12m_100km_lag_4,1.9544726e-05,hb,3,2026-08-01
conflict_12m_500km_lag_4,0.00018455545,hb,3,2026-08-01
fatalities_12m_100km_lag_4,0.0030441177,hb,3,2026-08-01
fatalities_12m_500km_lag_4,5.0342347e-05,hb,3,2026-08-01
NDVI_mean_lag_4,0.003319957,hb,3,2026-08-01
EVI_mean_lag_4,0.0013716336,hb,3,2026-08-01
NDVI_z_score_lag_4,0.0033681772,hb,3,2026-08-01
EVI_z_score_lag_4,8.8676206e-05,hb,3,2026-08-01
NDVI_z_score_crops_lag_4,0.0003375493,hb,3,2026-08-01
NDVI_z_score_grass_lag_4,8.126773e-05,hb,3,2026-08-01
NDVI_z_score_shrub_and_scrub_lag_4,0.000289522,hb,3,2026-08-01
NDVI_z_score_trees_lag_4,0.005142777,hb,3,2026-08-01
EVI_z_score_crops_lag_4,0.00016247582,hb,3,2026-08-01
EVI_z_score_grass_lag_4,0.00027257504,hb,3,2026-08-01
EVI_z_score_shrub_and_scrub_lag_4,8.198774e-05,hb,3,2026-08-01
EVI_z_score_trees_lag_4,3.2770524e-05,hb,3,2026-08-01
bare_lag_4,0.0002318613,hb,3,2026-08-01
built_lag_4,0.00047578235,hb,3,2026-08-01
crops_lag_4,0.0003601857,hb,3,2026-08-01
flooded_vegetation_lag_4,3.449802e-05,hb,3,2026-08-01
grass_lag_4,5.725708e-05,hb,3,2026-08-01
shrub_and_scrub_lag_4,0.00024248016,hb,3,2026-08-01
trees_lag_4,0.00011424825,hb,3,2026-08-01
water_lag_4,0.00031466773,hb,3,2026-08-01
wasting_lag_4,0.009170053,hb,3,2026-08-01
wasting_risk_lag_4,0.0036272083,hb,3,2026-08-01
wasting_sm_lag_4,0.0012009522,hb,3,2026-08-01
wasting_sm_risk_lag_4,0.0279361,hb,3,2026-08-01
avg_temp_z_score_lag_5,0.0008213601,hb,3,2026-08-01
hot_days_z_score_lag_5,0.00014526215,hb,3,2026-08-01
cold_days_z_score_lag_5,7.682594e-05,hb,3,2026-08-01
consec_hot_days_z_score_lag_5,0.00078291155,hb,3,2026-08-01
consec_cold_days_z_score_lag_5,0.00021920702,hb,3,2026-08-01
precip_total_z_score_lag_5,0.00016228217,hb,3,2026-08-01
wet_days_z_score_lag_5,8.5721855e-05,hb,3,2026-08-01
dry_days_z_score_lag_5,0.00012480622,hb,3,2026-08-01
consec_wet_days_z_score_lag_5,0.00021017222,hb,3,2026-08-01
consec_dry_days_z_score_lag_5,0.00011409622,hb,3,2026-08-01
conflict_100km_lag_5,0.00018784429,hb,3,2026-08-01
conflict_500km_lag_5,0.0014667199,hb,3,2026-08-01
fatalities_100km_lag_5,0.0099734245,hb,3,2026-08-01
fatalities_500km_lag_5,0.00021368965,hb,3,2026-08-01
conflict_12m_100km_lag_5,0.00049477053,hb,3,2026-08-01
conflict_12m_500km_lag_5,0.00030488087,hb,3,2026-08-01
fatalities_12m_100km_lag_5,0.00019905018,hb,3,2026-08-01
fatalities_12m_500km_lag_5,3.211145e-05,hb,3,2026-08-01
NDVI_mean_lag_5,0.00041307884,hb,3,2026-08-01
EVI_mean_lag_5,0.00013758715,hb,3,2026-08-01
NDVI_z_score_lag_5,0.00021013428,hb,3,2026-08-01
EVI_z_score_lag_5,0.00053911976,hb,3,2026-08-01
NDVI_z_score_crops_lag_5,6.651382e-05,hb,3,2026-08-01
NDVI_z_score_grass_lag_5,0.00020682294,hb,3,2026-08-01
NDVI_z_score_shrub_and_scrub_lag_5,0.00024109172,hb,3,2026-08-01
NDVI_z_score_trees_lag_5,0.00065090455,hb,3,2026-08-01
EVI_z_score_crops_lag_5,5.532856e-05,hb,3,2026-08-01
EVI_z_score_grass_lag_5,0.00022442792,hb,3,2026-08-01
EVI_z_score_shrub_and_scrub_lag_5,0.00075124484,hb,3,2026-08-01
EVI_z_score_trees_lag_5,0.0007358197,hb,3,2026-08-01
bare_lag_5,0.0007098472,hb,3,2026-08-01
built_lag_5,0.00030014053,hb,3,2026-08-01
crops_lag_5,0.00036834573,hb,3,2026-08-01
flooded_vegetation_lag_5,0.000111984366,hb,3,2026-08-01
grass_lag_5,0.0001104914,hb,3,2026-08-01
shrub_and_scrub_lag_5,6.531685e-05,hb,3,2026-08-01
trees_lag_5,0.00022538025,hb,3,2026-08-01
water_lag_5,7.915209e-05,hb,3,2026-08-01
wasting_lag_5,0.0010111689,hb,3,2026-08-01
wasting_risk_lag_5,0.0046507665,hb,3,2026-08-01
wasting_sm_lag_5,0.00025288307,hb,3,2026-08-01
wasting_sm_risk_lag_5,0.01243242,hb,3,2026-08-01
travel_time_to_cities_2015,0.0031460517,hb,1,2026-06-01
density_2015,0.0059566223,hb,1,2026-06-01
density_2020,0.0020339603,hb,1,2026-06-01
delta_2015_2020,0.0033510735,hb,1,2026-06-01
avg_temp_z_score_season1_max_prev,0.0034194845,hb,1,2026-06-01
avg_temp_z_score_season1_sum_prev,0.00043283924,hb,1,2026-06-01
avg_temp_z_score_season1_mean_prev,2.1919246e-05,hb,1,2026-06-01
hot_days_z_score_season1_max_prev,0.00029348876,hb,1,2026-06-01
hot_days_z_score_season1_sum_prev,5.956577e-05,hb,1,2026-06-01
hot_days_z_score_season1_mean_prev,2.9916462e-05,hb,1,2026-06-01
cold_days_z_score_season1_max_prev,0.0037227906,hb,1,2026-06-01
cold_days_z_score_season1_sum_prev,6.6176967e-06,hb,1,2026-06-01
cold_days_z_score_season1_mean_prev,0.0013604064,hb,1,2026-06-01
consec_hot_days_z_score_season1_max_prev,0.00020277048,hb,1,2026-06-01
consec_hot_days_z_score_season1_sum_prev,0.00013350674,hb,1,2026-06-01
consec_hot_days_z_score_season1_mean_prev,0.0019493172,hb,1,2026-06-01
consec_cold_days_z_score_season1_max_prev,0.0,hb,1,2026-06-01
consec_cold_days_z_score_season1_sum_prev,0.0,hb,1,2026-06-01
consec_cold_days_z_score_season1_mean_prev,0.0,hb,1,2026-06-01
precip_total_z_score_season1_max_prev,0.00017050284,hb,1,2026-06-01
precip_total_z_score_season1_sum_prev,0.0003158645,hb,1,2026-06-01
precip_total_z_score_season1_mean_prev,5.121107e-05,hb,1,2026-06-01
wet_days_z_score_season1_max_prev,0.0002279388,hb,1,2026-06-01
wet_days_z_score_season1_sum_prev,0.00029553587,hb,1,2026-06-01
wet_days_z_score_season1_mean_prev,5.2930503e-05,hb,1,2026-06-01
dry_days_z_score_season1_max_prev,0.0006298148,hb,1,2026-06-01
dry_days_z_score_season1_sum_prev,0.0,hb,1,2026-06-01
dry_days_z_score_season1_mean_prev,0.0,hb,1,2026-06-01
consec_wet_days_z_score_season1_max_prev,7.898516e-05,hb,1,2026-06-01
consec_wet_days_z_score_season1_sum_prev,3.328842e-05,hb,1,2026-06-01
consec_wet_days_z_score_season1_mean_prev,6.405951e-05,hb,1,2026-06-01
consec_dry_days_z_score_season1_max_prev,6.434459e-05,hb,1,2026-06-01
consec_dry_days_z_score_season1_sum_prev,8.5634645e-05,hb,1,2026-06-01
consec_dry_days_z_score_season1_mean_prev,1.875705e-05,hb,1,2026-06-01
NDVI_mean_season1_max_prev,0.00021772987,hb,1,2026-06-01
NDVI_mean_season1_sum_prev,0.0002950293,hb,1,2026-06-01
NDVI_mean_season1_mean_prev,0.0004025579,hb,1,2026-06-01
EVI_mean_season1_max_prev,2.9512601e-05,hb,1,2026-06-01
EVI_mean_season1_sum_prev,0.0027116481,hb,1,2026-06-01
EVI_mean_season1_mean_prev,0.00040123914,hb,1,2026-06-01
NDVI_z_score_season1_max_prev,0.0002445676,hb,1,2026-06-01
NDVI_z_score_season1_sum_prev,2.933804e-05,hb,1,2026-06-01
NDVI_z_score_season1_mean_prev,1.27970625e-05,hb,1,2026-06-01
EVI_z_score_season1_max_prev,1.460808e-05,hb,1,2026-06-01
EVI_z_score_season1_sum_prev,1.107576e-05,hb,1,2026-06-01
EVI_z_score_season1_mean_prev,0.0,hb,1,2026-06-01
NDVI_z_score_crops_season1_max_prev,0.00010793042,hb,1,2026-06-01
NDVI_z_score_crops_season1_sum_prev,8.619989e-05,hb,1,2026-06-01
NDVI_z_score_crops_season1_mean_prev,1.4633572e-05,hb,1,2026-06-01
NDVI_z_score_grass_season1_max_prev,0.0053289593,hb,1,2026-06-01
NDVI_z_score_grass_season1_sum_prev,0.00020415205,hb,1,2026-06-01
NDVI_z_score_grass_season1_mean_prev,0.00010159921,hb,1,2026-06-01
NDVI_z_score_shrub_and_scrub_season1_max_prev,4.514215e-05,hb,1,2026-06-01
NDVI_z_score_shrub_and_scrub_season1_sum_prev,7.936036e-05,hb,1,2026-06-01
NDVI_z_score_shrub_and_scrub_season1_mean_prev,0.0,hb,1,2026-06-01
NDVI_z_score_trees_season1_max_prev,4.9153332e-05,hb,1,2026-06-01
NDVI_z_score_trees_season1_sum_prev,0.0029581245,hb,1,2026-06-01
NDVI_z_score_trees_season1_mean_prev,0.0009348439,hb,1,2026-06-01
EVI_z_score_crops_season1_max_prev,6.7651e-05,hb,1,2026-06-01
EVI_z_score_crops_season1_sum_prev,0.0021147,hb,1,2026-06-01
EVI_z_score_crops_season1_mean_prev,1.8478493e-05,hb,1,2026-06-01
EVI_z_score_grass_season1_max_prev,0.00046972625,hb,1,2026-06-01
EVI_z_score_grass_season1_sum_prev,0.00027510617,hb,1,2026-06-01
EVI_z_score_grass_season1_mean_prev,0.00029055108,hb,1,2026-06-01
EVI_z_score_shrub_and_scrub_season1_max_prev,0.00096211163,hb,1,2026-06-01
EVI_z_score_shrub_and_scrub_season1_sum_prev,6.410389e-05,hb,1,2026-06-01
EVI_z_score_shrub_and_scrub_season1_mean_prev,2.3766475e-05,hb,1,2026-06-01
EVI_z_score_trees_season1_max_prev,0.000107909334,hb,1,2026-06-01
EVI_z_score_trees_season1_sum_prev,7.228537e-05,hb,1,2026-06-01
EVI_z_score_trees_season1_mean_prev,1.3712225e-05,hb,1,2026-06-01
bare_season1_max_prev,0.00080400903,hb,1,2026-06-01
bare_season1_sum_prev,7.6555465e-05,hb,1,2026-06-01
bare_season1_mean_prev,2.063353e-05,hb,1,2026-06-01
built_season1_max_prev,0.0006858473,hb,1,2026-06-01
built_season1_sum_prev,0.0001768585,hb,1,2026-06-01
built_season1_mean_prev,2.3841445e-05,hb,1,2026-06-01
crops_season1_max_prev,0.00014145483,hb,1,2026-06-01
crops_season1_sum_prev,0.00025403293,hb,1,2026-06-01
crops_season1_mean_prev,0.00018051146,hb,1,2026-06-01
flooded_vegetation_season1_max_prev,0.0001746017,hb,1,2026-06-01
flooded_vegetation_season1_sum_prev,0.0,hb,1,2026-06-01
flooded_vegetation_season1_mean_prev,0.0,hb,1,2026-06-01
grass_season1_max_prev,0.0003455154,hb,1,2026-06-01
grass_season1_sum_prev,0.0006687375,hb,1,2026-06-01
grass_season1_mean_prev,4.221341e-05,hb,1,2026-06-01
shrub_and_scrub_season1_max_prev,3.5184996e-05,hb,1,2026-06-01
shrub_and_scrub_season1_sum_prev,0.0005477251,hb,1,2026-06-01
shrub_and_scrub_season1_mean_prev,4.7962703e-06,hb,1,2026-06-01
trees_season1_max_prev,0.0030457077,hb,1,2026-06-01
trees_season1_sum_prev,0.00028357367,hb,1,2026-06-01
trees_season1_mean_prev,7.497234e-06,hb,1,2026-06-01
water_season1_max_prev,0.00035461265,hb,1,2026-06-01
water_season1_sum_prev,0.0002914162,hb,1,2026-06-01
water_season1_mean_prev,0.0,hb,1,2026-06-01
avg_temp_z_score_season2_max_prev,0.0004959894,hb,1,2026-06-01
avg_temp_z_score_season2_sum_prev,0.00011969877,hb,1,2026-06-01
avg_temp_z_score_season2_mean_prev,0.0,hb,1,2026-06-01
hot_days_z_score_season2_max_prev,0.00016864222,hb,1,2026-06-01
hot_days_z_score_season2_sum_prev,6.3127634e-05,hb,1,2026-06-01
hot_days_z_score_season2_mean_prev,6.217167e-05,hb,1,2026-06-01
cold_days_z_score_season2_max_prev,0.0014813127,hb,1,2026-06-01
cold_days_z_score_season2_sum_prev,0.0009905946,hb,1,2026-06-01
cold_days_z_score_season2_mean_prev,0.0,hb,1,2026-06-01
consec_hot_days_z_score_season2_max_prev,9.1270565e-05,hb,1,2026-06-01
consec_hot_days_z_score_season2_sum_prev,0.00026444742,hb,1,2026-06-01
consec_hot_days_z_score_season2_mean_prev,0.00013402954,hb,1,2026-06-01
consec_cold_days_z_score_season2_max_prev,0.0,hb,1,2026-06-01
consec_cold_days_z_score_season2_sum_prev,0.00042282252,hb,1,2026-06-01
consec_cold_days_z_score_season2_mean_prev,0.0,hb,1,2026-06-01
precip_total_z_score_season2_max_prev,5.753864e-05,hb,1,2026-06-01
precip_total_z_score_season2_sum_prev,2.1838427e-05,hb,1,2026-06-01
precip_total_z_score_season2_mean_prev,1.3079636e-05,hb,1,2026-06-01
wet_days_z_score_season2_max_prev,0.0033983265,hb,1,2026-06-01
wet_days_z_score_season2_sum_prev,0.00056506606,hb,1,2026-06-01
wet_days_z_score_season2_mean_prev,3.4361565e-05,hb,1,2026-06-01
dry_days_z_score_season2_max_prev,0.0003611223,hb,1,2026-06-01
dry_days_z_score_season2_sum_prev,0.0,hb,1,2026-06-01
dry_days_z_score_season2_mean_prev,0.00027910998,hb,1,2026-06-01
consec_wet_days_z_score_season2_max_prev,8.428782e-05,hb,1,2026-06-01
consec_wet_days_z_score_season2_sum_prev,0.0003611111,hb,1,2026-06-01
consec_wet_days_z_score_season2_mean_prev,0.00020434073,hb,1,2026-06-01
consec_dry_days_z_score_season2_max_prev,1.8896944e-05,hb,1,2026-06-01
consec_dry_days_z_score_season2_sum_prev,0.00016465527,hb,1,2026-06-01
consec_dry_days_z_score_season2_mean_prev,8.782537e-06,hb,1,2026-06-01
NDVI_mean_season2_max_prev,3.783479e-05,hb,1,2026-06-01
NDVI_mean_season2_sum_prev,0.0012336642,hb,1,2026-06-01
NDVI_mean_season2_mean_prev,0.0,hb,1,2026-06-01
EVI_mean_season2_max_prev,0.00015894818,hb,1,2026-06-01
EVI_mean_season2_sum_prev,0.00025015656,hb,1,2026-06-01
EVI_mean_season2_mean_prev,1.7185164e-05,hb,1,2026-06-01
NDVI_z_score_season2_max_prev,3.4102115e-05,hb,1,2026-06-01
NDVI_z_score_season2_sum_prev,1.8986957e-05,hb,1,2026-06-01
NDVI_z_score_season2_mean_prev,0.0,hb,1,2026-06-01
EVI_z_score_season2_max_prev,0.0,hb,1,2026-06-01
EVI_z_score_season2_sum_prev,1.1995551e-05,hb,1,2026-06-01
EVI_z_score_season2_mean_prev,0.0,hb,1,2026-06-01
NDVI_z_score_crops_season2_max_prev,5.677695e-05,hb,1,2026-06-01
NDVI_z_score_crops_season2_sum_prev,7.4492076e-05,hb,1,2026-06-01
NDVI_z_score_crops_season2_mean_prev,0.0,hb,1,2026-06-01
NDVI_z_score_grass_season2_max_prev,0.000105661195,hb,1,2026-06-01
NDVI_z_score_grass_season2_sum_prev,0.00013601591,hb,1,2026-06-01
NDVI_z_score_grass_season2_mean_prev,0.00012664044,hb,1,2026-06-01
NDVI_z_score_shrub_and_scrub_season2_max_prev,7.832959e-05,hb,1,2026-06-01
NDVI_z_score_shrub_and_scrub_season2_sum_prev,1.720327e-05,hb,1,2026-06-01
NDVI_z_score_shrub_and_scrub_season2_mean_prev,0.00029523572,hb,1,2026-06-01
NDVI_z_score_trees_season2_max_prev,6.5039836e-05,hb,1,2026-06-01
NDVI_z_score_trees_season2_sum_prev,6.403747e-05,hb,1,2026-06-01
NDVI_z_score_trees_season2_mean_prev,1.0459185e-05,hb,1,2026-06-01
EVI_z_score_crops_season2_max_prev,6.7126915e-05,hb,1,2026-06-01
EVI_z_score_crops_season2_sum_prev,0.00017694231,hb,1,2026-06-01
EVI_z_score_crops_season2_mean_prev,0.00046324288,hb,1,2026-06-01
EVI_z_score_grass_season2_max_prev,3.5576162e-05,hb,1,2026-06-01
EVI_z_score_grass_season2_sum_prev,3.9968418e-05,hb,1,2026-06-01
EVI_z_score_grass_season2_mean_prev,0.0003018651,hb,1,2026-06-01
EVI_z_score_shrub_and_scrub_season2_max_prev,4.265989e-05,hb,1,2026-06-01
EVI_z_score_shrub_and_scrub_season2_sum_prev,4.5994664e-05,hb,1,2026-06-01
EVI_z_score_shrub_and_scrub_season2_mean_prev,0.0006479119,hb,1,2026-06-01
EVI_z_score_trees_season2_max_prev,0.000105471976,hb,1,2026-06-01
EVI_z_score_trees_season2_sum_prev,6.112979e-05,hb,1,2026-06-01
EVI_z_score_trees_season2_mean_prev,0.00029743992,hb,1,2026-06-01
bare_season2_max_prev,0.0001096736,hb,1,2026-06-01
bare_season2_sum_prev,2.8748782e-05,hb,1,2026-06-01
bare_season2_mean_prev,0.0,hb,1,2026-06-01
built_season2_max_prev,9.688703e-05,hb,1,2026-06-01
built_season2_sum_prev,5.5626773e-05,hb,1,2026-06-01
built_season2_mean_prev,2.0027079e-05,hb,1,2026-06-01
crops_season2_max_prev,0.0001627752,hb,1,2026-06-01
crops_season2_sum_prev,4.878167e-05,hb,1,2026-06-01
crops_season2_mean_prev,1.0864126e-05,hb,1,2026-06-01
flooded_vegetation_season2_max_prev,0.00020832835,hb,1,2026-06-01
flooded_vegetation_season2_sum_prev,0.0,hb,1,2026-06-01
flooded_vegetation_season2_mean_prev,1.5331998e-05,hb,1,2026-06-01
grass_season2_max_prev,5.557904e-05,hb,1,2026-06-01
grass_season2_sum_prev,0.00062319584,hb,1,2026-06-01
grass_season2_mean_prev,0.0,hb,1,2026-06-01
shrub_and_scrub_season2_max_prev,4.6380927e-05,hb,1,2026-06-01
shrub_and_scrub_season2_sum_prev,0.000104864856,hb,1,2026-06-01
shrub_and_scrub_season2_mean_prev,9.8525314e-05,hb,1,2026-06-01
trees_season2_max_prev,0.00011505136,hb,1,2026-06-01
trees_season2_sum_prev,0.0001004675,hb,1,2026-06-01
trees_season2_mean_prev,0.0,hb,1,2026-06-01
water_season2_max_prev,0.00058848807,hb,1,2026-06-01
water_season2_sum_prev,0.00027854243,hb,1,2026-06-01
water_season2_mean_prev,0.0019808377,hb,1,2026-06-01
avg_temp_z_score_lag_1,0.005743832,hb,1,2026-06-01
hot_days_z_score_lag_1,0.0022183373,hb,1,2026-06-01
cold_days_z_score_lag_1,0.00033349713,hb,1,2026-06-01
consec_hot_days_z_score_lag_1,0.00074883504,hb,1,2026-06-01
consec_cold_days_z_score_lag_1,8.8804765e-05,hb,1,2026-06-01
precip_total_z_score_lag_1,0.0009924903,hb,1,2026-06-01
wet_days_z_score_lag_1,0.0005815177,hb,1,2026-06-01
dry_days_z_score_lag_1,0.0016951059,hb,1,2026-06-01
consec_wet_days_z_score_lag_1,9.055074e-05,hb,1,2026-06-01
consec_dry_days_z_score_lag_1,0.00018169876,hb,1,2026-06-01
conflict_100km_lag_1,0.0013110284,hb,1,2026-06-01
conflict_500km_lag_1,0.00025036262,hb,1,2026-06-01
fatalities_100km_lag_1,0.0019368704,hb,1,2026-06-01
fatalities_500km_lag_1,0.00050130236,hb,1,2026-06-01
conflict_12m_100km_lag_1,0.00027343977,hb,1,2026-06-01
conflict_12m_500km_lag_1,0.0004315767,hb,1,2026-06-01
fatalities_12m_100km_lag_1,0.0001292413,hb,1,2026-06-01
fatalities_12m_500km_lag_1,0.0015438204,hb,1,2026-06-01
NDVI_mean_lag_1,0.00016625547,hb,1,2026-06-01
EVI_mean_lag_1,3.4465895e-05,hb,1,2026-06-01
NDVI_z_score_lag_1,0.00094680046,hb,1,2026-06-01
EVI_z_score_lag_1,0.00046590506,hb,1,2026-06-01
NDVI_z_score_crops_lag_1,0.00028490138,hb,1,2026-06-01
NDVI_z_score_grass_lag_1,0.00016173204,hb,1,2026-06-01
NDVI_z_score_shrub_and_scrub_lag_1,0.0003791659,hb,1,2026-06-01
NDVI_z_score_trees_lag_1,0.0003127429,hb,1,2026-06-01
EVI_z_score_crops_lag_1,0.00019358468,hb,1,2026-06-01
EVI_z_score_grass_lag_1,0.00020313838,hb,1,2026-06-01
EVI_z_score_shrub_and_scrub_lag_1,0.00015947712,hb,1,2026-06-01
EVI_z_score_trees_lag_1,0.00037934256,hb,1,2026-06-01
bare_lag_1,0.00020269898,hb,1,2026-06-01
built_lag_1,0.00023955757,hb,1,2026-06-01
crops_lag_1,0.00061474065,hb,1,2026-06-01
flooded_vegetation_lag_1,5.071174e-05,hb,1,2026-06-01
grass_lag_1,6.7028435e-05,hb,1,2026-06-01
shrub_and_scrub_lag_1,9.202011e-05,hb,1,2026-06-01
trees_lag_1,0.00043829394,hb,1,2026-06-01
water_lag_1,4.5171502e-05,hb,1,2026-06-01
bare_delta_lag_1,0.00040158554,hb,1,2026-06-01
built_delta_lag_1,0.00022044085,hb,1,2026-06-01
crops_delta_lag_1,0.00013616862,hb,1,2026-06-01
flooded_vegetation_delta_lag_1,0.00011829041,hb,1,2026-06-01
grass_delta_lag_1,0.00012579719,hb,1,2026-06-01
shrub_and_scrub_delta_lag_1,8.4851185e-05,hb,1,2026-06-01
trees_delta_lag_1,0.00019589065,hb,1,2026-06-01
water_delta_lag_1,0.00011502239,hb,1,2026-06-01
wasting_lag_1,0.052633207,hb,1,2026-06-01
wasting_risk_lag_1,0.0006029673,hb,1,2026-06-01
wasting_delta_lag_1,0.0027292406,hb,1,2026-06-01
wasting_risk_delta_lag_1,0.00051404344,hb,1,2026-06-01
wasting_sm_lag_1,0.79831296,hb,1,2026-06-01
wasting_sm_risk_lag_1,0.002238963,hb,1,2026-06-01
avg_temp_z_score_lag_2,3.259068e-05,hb,1,2026-06-01
hot_days_z_score_lag_2,0.00021608466,hb,1,2026-06-01
cold_days_z_score_lag_2,0.00065867236,hb,1,2026-06-01
consec_hot_days_z_score_lag_2,0.0018871574,hb,1,2026-06-01
consec_cold_days_z_score_lag_2,0.00029671835,hb,1,2026-06-01
precip_total_z_score_lag_2,0.00020173157,hb,1,2026-06-01
wet_days_z_score_lag_2,0.0010028859,hb,1,2026-06-01
dry_days_z_score_lag_2,3.1966127e-05,hb,1,2026-06-01
consec_wet_days_z_score_lag_2,0.00011271587,hb,1,2026-06-01
consec_dry_days_z_score_lag_2,0.0002366439,hb,1,2026-06-01
conflict_100km_lag_2,0.000189937,hb,1,2026-06-01
conflict_500km_lag_2,0.00024293197,hb,1,2026-06-01
fatalities_100km_lag_2,0.00085120957,hb,1,2026-06-01
fatalities_500km_lag_2,0.0002713831,hb,1,2026-06-01
conflict_12m_100km_lag_2,0.0010740337,hb,1,2026-06-01
conflict_12m_500km_lag_2,0.00043165736,hb,1,2026-06-01
fatalities_12m_100km_lag_2,6.835451e-05,hb,1,2026-06-01
fatalities_12m_500km_lag_2,0.00030086187,hb,1,2026-06-01
NDVI_mean_lag_2,4.130532e-05,hb,1,2026-06-01
EVI_mean_lag_2,8.3464016e-05,hb,1,2026-06-01
NDVI_z_score_lag_2,2.2961556e-05,hb,1,2026-06-01
EVI_z_score_lag_2,0.0002149719,hb,1,2026-06-01
NDVI_z_score_crops_lag_2,0.00046103407,hb,1,2026-06-01
NDVI_z_score_grass_lag_2,0.0001718102,hb,1,2026-06-01
NDVI_z_score_shrub_and_scrub_lag_2,0.00028490098,hb,1,2026-06-01
NDVI_z_score_trees_lag_2,6.656038e-05,hb,1,2026-06-01
EVI_z_score_crops_lag_2,0.00033715647,hb,1,2026-06-01
EVI_z_score_grass_lag_2,0.00046468887,hb,1,2026-06-01
EVI_z_score_shrub_and_scrub_lag_2,4.0941242e-05,hb,1,2026-06-01
EVI_z_score_trees_lag_2,0.0014152433,hb,1,2026-06-01
bare_lag_2,0.000117467294,hb,1,2026-06-01
built_lag_2,0.00017148208,hb,1,2026-06-01
crops_lag_2,0.0003898064,hb,1,2026-06-01
flooded_vegetation_lag_2,0.0001088975,hb,1,2026-06-01
grass_lag_2,0.000109803994,hb,1,2026-06-01
shrub_and_scrub_lag_2,0.00011226196,hb,1,2026-06-01
trees_lag_2,0.00015778108,hb,1,2026-06-01
water_lag_2,0.00019121541,hb,1,2026-06-01
bare_delta_lag_2,0.00034108144,hb,1,2026-06-01
built_delta_lag_2,0.00013171868,hb,1,2026-06-01
crops_delta_lag_2,0.0001845807,hb,1,2026-06-01
flooded_vegetation_delta_lag_2,0.00049453974,hb,1,2026-06-01
grass_delta_lag_2,7.971426e-05,hb,1,2026-06-01
shrub_and_scrub_delta_lag_2,0.00021766142,hb,1,2026-06-01
trees_delta_lag_2,0.00014340259,hb,1,2026-06-01
water_delta_lag_2,8.821391e-05,hb,1,2026-06-01
wasting_lag_2,0.0076949256,hb,1,2026-06-01
wasting_risk_lag_2,0.00054673234,hb,1,2026-06-01
wasting_delta_lag_2,0.00017682718,hb,1,2026-06-01
wasting_risk_delta_lag_2,0.0017798276,hb,1,2026-06-01
wasting_sm_lag_2,0.00045920422,hb,1,2026-06-01
wasting_sm_risk_lag_2,0.0010105637,hb,1,2026-06-01
avg_temp_z_score_lag_3,5.9806396e-05,hb,1,2026-06-01
hot_days_z_score_lag_3,7.272981e-05,hb,1,2026-06-01
cold_days_z_score_lag_3,0.00011819431,hb,1,2026-06-01
consec_hot_days_z_score_lag_3,0.0003313157,hb,1,2026-06-01
consec_cold_days_z_score_lag_3,0.00030106772,hb,1,2026-06-01
precip_total_z_score_lag_3,0.00011199048,hb,1,2026-06-01
wet_days_z_score_lag_3,0.00016419588,hb,1,2026-06-01
dry_days_z_score_lag_3,8.265716e-05,hb,1,2026-06-01
consec_wet_days_z_score_lag_3,0.00014744651,hb,1,2026-06-01
consec_dry_days_z_score_lag_3,0.00014218301,hb,1,2026-06-01
conflict_100km_lag_3,9.373055e-05,hb,1,2026-06-01
conflict_500km_lag_3,5.1304203e-05,hb,1,2026-06-01
fatalities_100km_lag_3,7.658924e-05,hb,1,2026-06-01
fatalities_500km_lag_3,0.00017224245,hb,1,2026-06-01
conflict_12m_100km_lag_3,9.0676294e-05,hb,1,2026-06-01
conflict_12m_500km_lag_3,0.0003520088,hb,1,2026-06-01
fatalities_12m_100km_lag_3,0.00033877138,hb,1,2026-06-01
fatalities_12m_500km_lag_3,0.00088509225,hb,1,2026-06-01
NDVI_mean_lag_3,0.0001751284,hb,1,2026-06-01
EVI_mean_lag_3,0.00012655351,hb,1,2026-06-01
NDVI_z_score_lag_3,0.0012792336,hb,1,2026-06-01
EVI_z_score_lag_3,0.00080812623,hb,1,2026-06-01
NDVI_z_score_crops_lag_3,0.00027032295,hb,1,2026-06-01
NDVI_z_score_grass_lag_3,0.00021839218,hb,1,2026-06-01
NDVI_z_score_shrub_and_scrub_lag_3,0.00013197729,hb,1,2026-06-01
NDVI_z_score_trees_lag_3,0.00012984846,hb,1,2026-06-01
EVI_z_score_crops_lag_3,0.00044175913,hb,1,2026-06-01
EVI_z_score_grass_lag_3,8.387893e-05,hb,1,2026-06-01
EVI_z_score_shrub_and_scrub_lag_3,0.00026170924,hb,1,2026-06-01
EVI_z_score_trees_lag_3,0.00013438062,hb,1,2026-06-01
bare_lag_3,0.00019679287,hb,1,2026-06-01
built_lag_3,0.00011214586,hb,1,2026-06-01
crops_lag_3,0.0001595834,hb,1,2026-06-01
flooded_vegetation_lag_3,4.3783e-05,hb,1,2026-06-01
grass_lag_3,0.00012111883,hb,1,2026-06-01
shrub_and_scrub_lag_3,0.0001483678,hb,1,2026-06-01
trees_lag_3,0.000145192,hb,1,2026-06-01
water_lag_3,0.00021303371,hb,1,2026-06-01
bare_delta_lag_3,0.00014921943,hb,1,2026-06-01
built_delta_lag_3,4.94207e-05,hb,1,2026-06-01
crops_delta_lag_3,0.00018711647,hb,1,2026-06-01
flooded_vegetation_delta_lag_3,6.0266648e-05,hb,1,2026-06-01
grass_delta_lag_3,0.00014211913,hb,1,2026-06-01
shrub_and_scrub_delta_lag_3,0.000111675676,hb,1,2026-06-01
trees_delta_lag_3,0.00022675711,hb,1,2026-06-01
water_delta_lag_3,4.8445236e-05,hb,1,2026-06-01
wasting_lag_3,0.0015276233,hb,1,2026-06-01
wasting_risk_lag_3,0.002603007,hb,1,2026-06-01
wasting_delta_lag_3,0.0003635832,hb,1,2026-06-01
wasting_risk_delta_lag_3,0.00017750903,hb,1,2026-06-01
wasting_sm_lag_3,0.00021337591,hb,1,2026-06-01
wasting_sm_risk_lag_3,0.0011782878,hb,1,2026-06-01
